idplanmed,idestcub,idfustemed,plantio,numarv,datamedicao,dap,ht,seq,hi,dicc1,dicc2,espcasca
1,1,1,1,485,2005-09-05,"16,7","27,4",1,"0,1","19,8","19,8","0,6"
1,1,1,1,485,2005-09-05,"16,7","27,4",2,"0,7","17,9","17,9","0,4"
1,1,1,1,485,2005-09-05,"16,7","27,4",3,"1,3","16,7","16,7","0,4"
1,1,1,1,485,2005-09-05,"16,7","27,4",4,2,"15,65","15,65","0,4"
1,1,1,1,485,2005-09-05,"16,7","27,4",5,4,"15,3","15,3","0,4"
1,1,1,1,485,2005-09-05,"16,7","27,4",6,6,"14,3","14,3","0,4"
1,1,1,1,485,2005-09-05,"16,7","27,4",7,8,"13,3","13,3","0,3"
1,1,1,1,485,2005-09-05,"16,7","27,4",8,10,"12,1","12,1","0,3"
1,1,1,1,485,2005-09-05,"16,7","27,4",9,12,"11,35","11,35","0,3"
1,1,1,1,485,2005-09-05,"16,7","27,4",10,14,"10,25","10,25","0,3"
1,1,1,1,485,2005-09-05,"16,7","27,4",11,16,"9,35","9,35","0,3"
1,1,1,1,485,2005-09-05,"16,7","27,4",12,18,"7,85","7,85","0,3"
1,1,1,1,485,2005-09-05,"16,7","27,4",13,20,7,7,"0,2"
1,1,1,1,485,2005-09-05,"16,7","27,4",14,22,"5,35","5,35","0,2"
1,1,1,1,485,2005-09-05,"16,7","27,4",15,24,"4,45","4,45","0,2"
1,1,3,1,582,2003-03-05,"10,9","20,2",1,"0,1","13,4","13,4","0,8"
1,1,3,1,582,2003-03-05,"10,9","20,2",2,"0,7","11,7","11,7","0,5"
1,1,3,1,582,2003-03-05,"10,9","20,2",3,"1,3","10,9","10,9","0,4"
1,1,3,1,582,2003-03-05,"10,9","20,2",4,2,"10,5","10,5","0,2"
1,1,3,1,582,2003-03-05,"10,9","20,2",5,4,10,10,"0,2"
1,1,3,1,582,2003-03-05,"10,9","20,2",6,6,"9,5","9,5","0,2"
1,1,3,1,582,2003-03-05,"10,9","20,2",7,8,"8,5","8,5","0,2"
1,1,3,1,582,2003-03-05,"10,9","20,2",8,10,"6,7","6,7","0,2"
1,1,3,1,582,2003-03-05,"10,9","20,2",9,12,"5,7","5,7","0,2"
1,1,3,1,582,2003-03-05,"10,9","20,2",10,14,"4,5","4,5","0,1"
1,1,3,1,582,2003-03-05,"10,9","20,2",11,16,"2,8","2,8","0,1"
1,1,5,1,666,2003-02-15,"22,5","26,3",1,"0,1","27,8","27,8","1,1"
1,1,5,1,666,2003-02-15,"22,5","26,3",2,"0,7","23,9","23,9","0,9"
1,1,5,1,666,2003-02-15,"22,5","26,3",3,"1,3","22,5","22,5","0,5"
1,1,5,1,666,2003-02-15,"22,5","26,3",4,2,"21,6","21,6","0,5"
1,1,5,1,666,2003-02-15,"22,5","26,3",5,4,"20,2","20,2","0,4"
1,1,5,1,666,2003-02-15,"22,5","26,3",6,6,"18,1","18,1","0,4"
1,1,5,1,666,2003-02-15,"22,5","26,3",7,8,"17,1","17,1","0,4"
1,1,5,1,666,2003-02-15,"22,5","26,3",8,10,"16,1","16,1","0,4"
1,1,5,1,666,2003-02-15,"22,5","26,3",9,12,"15,3","15,3","0,4"
1,1,5,1,666,2003-02-15,"22,5","26,3",10,14,"13,2","13,2","0,4"
1,1,5,1,666,2003-02-15,"22,5","26,3",11,16,"11,9","11,9","0,4"
1,1,5,1,666,2003-02-15,"22,5","26,3",12,18,"10,1","10,1","0,4"
1,1,5,1,666,2003-02-15,"22,5","26,3",13,20,9,9,"0,4"
1,1,5,1,666,2003-02-15,"22,5","26,3",14,22,"6,4","6,4","0,3"
1,1,5,1,666,2003-02-15,"22,5","26,3",15,24,"3,4","3,4","0,2"
1,1,9,1,739,2004-04-30,"13,7","22,2",1,"0,1","17,5","17,5",1
1,1,9,1,739,2004-04-30,"13,7","22,2",2,"0,7","14,5","14,5","0,5"
1,1,9,1,739,2004-04-30,"13,7","22,2",3,"1,3","13,7","13,7","0,5"
1,1,9,1,739,2004-04-30,"13,7","22,2",4,2,"13,3","13,3","0,4"
1,1,9,1,739,2004-04-30,"13,7","22,2",5,4,"12,5","12,5","0,3"
1,1,9,1,739,2004-04-30,"13,7","22,2",6,6,"11,9","11,9","0,3"
1,1,9,1,739,2004-04-30,"13,7","22,2",7,8,"11,5","11,5","0,3"
1,1,9,1,739,2004-04-30,"13,7","22,2",8,10,10,10,"0,3"
1,1,9,1,739,2004-04-30,"13,7","22,2",9,12,"8,6","8,6","0,3"
1,1,9,1,739,2004-04-30,"13,7","22,2",10,14,"7,5","7,5","0,3"
1,1,9,1,739,2004-04-30,"13,7","22,2",11,16,6,6,"0,3"
1,1,9,1,739,2004-04-30,"13,7","22,2",12,18,"4,5","4,5","0,3"
1,1,9,1,739,2004-04-30,"13,7","22,2",13,20,3,3,"0,2"
1,1,10,1,740,2004-04-30,"15,1","23,4",1,"0,1","18,7","18,7",1
1,1,10,1,740,2004-04-30,"15,1","23,4",2,"0,7",16,16,"0,6"
1,1,10,1,740,2004-04-30,"15,1","23,4",3,"1,3","15,1","15,1","0,5"
1,1,10,1,740,2004-04-30,"15,1","23,4",4,2,"14,3","14,3","0,4"
1,1,10,1,740,2004-04-30,"15,1","23,4",5,4,"13,5","13,5","0,3"
1,1,10,1,740,2004-04-30,"15,1","23,4",6,6,"12,7","12,7","0,3"
1,1,10,1,740,2004-04-30,"15,1","23,4",7,8,12,12,"0,3"
1,1,10,1,740,2004-04-30,"15,1","23,4",8,10,"10,7","10,7","0,3"
1,1,10,1,740,2004-04-30,"15,1","23,4",9,12,10,10,"0,3"
1,1,10,1,740,2004-04-30,"15,1","23,4",10,14,9,9,"0,3"
1,1,10,1,740,2004-04-30,"15,1","23,4",11,16,"7,3","7,3","0,3"
1,1,10,1,740,2004-04-30,"15,1","23,4",12,18,"6,4","6,4","0,3"
1,1,10,1,740,2004-04-30,"15,1","23,4",13,20,4,4,"0,2"
1,1,10,1,740,2004-04-30,"15,1","23,4",14,22,"1,5","1,5","0,1"
1,1,12,1,848,2002-12-20,"6,2","13,4",1,"0,1","8,6","8,6","0,4"
1,1,12,1,848,2002-12-20,"6,2","13,4",2,"0,7","6,5","6,5","0,3"
1,1,12,1,848,2002-12-20,"6,2","13,4",3,"1,3","6,2","6,2","0,2"
1,1,12,1,848,2002-12-20,"6,2","13,4",4,2,"5,8","5,8","0,2"
1,1,12,1,848,2002-12-20,"6,2","13,4",5,4,5,5,"0,2"
1,1,12,1,848,2002-12-20,"6,2","13,4",6,6,4,4,"0,1"
1,1,12,1,848,2002-12-20,"6,2","13,4",7,8,"3,5","3,5","0,1"
1,1,12,1,848,2002-12-20,"6,2","13,4",8,10,"2,7","2,7","0,1"
1,1,13,1,849,2002-12-20,"10,4","19,2",1,"0,1","13,7","13,7","0,6"
1,1,13,1,849,2002-12-20,"10,4","19,2",2,"0,7","11,3","11,3","0,5"
1,1,13,1,849,2002-12-20,"10,4","19,2",3,"1,3","10,4","10,4","0,4"
1,1,13,1,849,2002-12-20,"10,4","19,2",4,2,"10,1","10,1","0,4"
1,1,13,1,849,2002-12-20,"10,4","19,2",5,4,"9,8","9,8","0,3"
1,1,13,1,849,2002-12-20,"10,4","19,2",6,6,9,9,"0,3"
1,1,13,1,849,2002-12-20,"10,4","19,2",7,8,8,8,"0,2"
1,1,13,1,849,2002-12-20,"10,4","19,2",8,10,7,7,"0,2"
1,1,13,1,849,2002-12-20,"10,4","19,2",9,12,"6,2","6,2","0,1"
1,1,13,1,849,2002-12-20,"10,4","19,2",10,14,5,5,"0,1"
1,1,13,1,849,2002-12-20,"10,4","19,2",11,16,"3,5","3,5","0,1"
1,1,13,1,849,2002-12-20,"10,4","19,2",12,18,2,2,"0,1"
1,1,14,1,851,2002-12-20,"17,1","21,9",1,"0,1","20,5","20,5","1,1"
1,1,14,1,851,2002-12-20,"17,1","21,9",2,"0,7","18,6","18,6","0,8"
1,1,14,1,851,2002-12-20,"17,1","21,9",3,"1,3","17,1","17,1","0,6"
1,1,14,1,851,2002-12-20,"17,1","21,9",4,2,"16,6","16,6","0,5"
1,1,14,1,851,2002-12-20,"17,1","21,9",5,4,"14,7","14,7","0,5"
1,1,14,1,851,2002-12-20,"17,1","21,9",6,6,14,14,"0,4"
1,1,14,1,851,2002-12-20,"17,1","21,9",7,8,"13,7","13,7","0,4"
1,1,14,1,851,2002-12-20,"17,1","21,9",8,10,"12,2","12,2","0,4"
1,1,14,1,851,2002-12-20,"17,1","21,9",9,12,"10,8","10,8","0,4"
1,1,14,1,851,2002-12-20,"17,1","21,9",10,14,"9,7","9,7","0,3"
1,1,14,1,851,2002-12-20,"17,1","21,9",11,16,"7,7","7,7","0,3"
1,1,14,1,851,2002-12-20,"17,1","21,9",12,18,6,6,"0,2"
1,1,14,1,851,2002-12-20,"17,1","21,9",13,20,"2,6","2,6","0,1"
1,1,15,1,864,2003-04-10,"16,5","24,8",1,"0,1",20,20,"0,9"
1,1,15,1,864,2003-04-10,"16,5","24,8",2,"0,7","17,4","17,4","0,8"
1,1,15,1,864,2003-04-10,"16,5","24,8",3,"1,3","16,5","16,5","0,5"
1,1,15,1,864,2003-04-10,"16,5","24,8",4,2,"15,5","15,5","0,4"
1,1,15,1,864,2003-04-10,"16,5","24,8",5,4,15,15,"0,4"
1,1,15,1,864,2003-04-10,"16,5","24,8",6,6,14,14,"0,4"
1,1,15,1,864,2003-04-10,"16,5","24,8",7,8,"12,8","12,8","0,4"
1,1,15,1,864,2003-04-10,"16,5","24,8",8,10,12,12,"0,3"
1,1,15,1,864,2003-04-10,"16,5","24,8",9,12,"11,2","11,2","0,3"
1,1,15,1,864,2003-04-10,"16,5","24,8",10,14,"9,8","9,8","0,3"
1,1,15,1,864,2003-04-10,"16,5","24,8",11,16,"8,5","8,5","0,3"
1,1,15,1,864,2003-04-10,"16,5","24,8",12,18,"7,6","7,6","0,3"
1,1,15,1,864,2003-04-10,"16,5","24,8",13,20,"5,6","5,6","0,2"
1,1,15,1,864,2003-04-10,"16,5","24,8",14,22,4,4,"0,2"
1,1,16,1,888,2003-02-15,"17,7","23,5",1,"0,1",22,22,0
1,1,16,1,888,2003-02-15,"17,7","23,5",2,"0,7","19,2","19,2",0
1,1,16,1,888,2003-02-15,"17,7","23,5",3,"1,3","17,7","17,7",0
1,1,16,1,888,2003-02-15,"17,7","23,5",4,2,17,17,0
1,1,16,1,888,2003-02-15,"17,7","23,5",5,4,"16,1","16,1",0
1,1,16,1,888,2003-02-15,"17,7","23,5",6,6,"14,8","14,8",0
1,1,16,1,888,2003-02-15,"17,7","23,5",7,8,"13,8","13,8",0
1,1,16,1,888,2003-02-15,"17,7","23,5",8,10,"12,6","12,6",0
1,1,16,1,888,2003-02-15,"17,7","23,5",9,12,"11,3","11,3",0
1,1,16,1,888,2003-02-15,"17,7","23,5",10,14,"10,1","10,1",0
1,1,16,1,888,2003-02-15,"17,7","23,5",11,16,"8,5","8,5",0
1,1,16,1,888,2003-02-15,"17,7","23,5",12,18,"7,3","7,3",0
1,1,16,1,888,2003-02-15,"17,7","23,5",13,20,"5,2","5,2",0
1,1,17,1,893,2003-02-15,"7,5","16,4",1,"0,1","9,5","9,5",0
1,1,17,1,893,2003-02-15,"7,5","16,4",2,"0,7","7,9","7,9",0
1,1,17,1,893,2003-02-15,"7,5","16,4",3,"1,3","7,5","7,5",0
1,1,17,1,893,2003-02-15,"7,5","16,4",4,2,"7,5","7,5",0
1,1,17,1,893,2003-02-15,"7,5","16,4",5,4,"7,1","7,1",0
1,1,17,1,893,2003-02-15,"7,5","16,4",6,6,"6,4","6,4",0
1,1,17,1,893,2003-02-15,"7,5","16,4",7,8,"5,8","5,8",0
1,1,17,1,893,2003-02-15,"7,5","16,4",8,10,"4,8","4,8",0
1,1,17,1,893,2003-02-15,"7,5","16,4",9,12,"3,7","3,7",0
1,1,17,1,893,2003-02-15,"7,5","16,4",10,14,"2,7","2,7",0
1,1,18,1,897,2003-02-15,13,"20,9",1,"0,1","16,2","16,2",0
1,1,18,1,897,2003-02-15,13,"20,9",2,"0,7","14,1","14,1",0
1,1,18,1,897,2003-02-15,13,"20,9",3,"1,3",13,13,0
1,1,18,1,897,2003-02-15,13,"20,9",4,2,"12,6","12,6",0
1,1,18,1,897,2003-02-15,13,"20,9",5,4,"12,2","12,2",0
1,1,18,1,897,2003-02-15,13,"20,9",6,6,"11,8","11,8",0
1,1,18,1,897,2003-02-15,13,"20,9",7,8,"10,6","10,6",0
1,1,18,1,897,2003-02-15,13,"20,9",8,10,"9,7","9,7",0
1,1,18,1,897,2003-02-15,13,"20,9",9,12,"8,5","8,5",0
1,1,18,1,897,2003-02-15,13,"20,9",10,14,"7,4","7,4",0
1,1,18,1,897,2003-02-15,13,"20,9",11,16,"6,1","6,1",0
1,1,18,1,897,2003-02-15,13,"20,9",12,18,"4,3","4,3",0
1,1,19,1,898,2003-02-15,"3,8","10,1",1,"0,1","5,2","5,2",0
1,1,19,1,898,2003-02-15,"3,8","10,1",2,"0,7","4,1","4,1",0
1,1,19,1,898,2003-02-15,"3,8","10,1",3,"1,3","3,8","3,8",0
1,1,19,1,898,2003-02-15,"3,8","10,1",4,2,"3,8","3,8",0
1,1,19,1,898,2003-02-15,"3,8","10,1",5,4,"3,2","3,2",0
1,1,19,1,898,2003-02-15,"3,8","10,1",6,6,"2,6","2,6",0
1,1,19,1,898,2003-02-15,"3,8","10,1",7,8,"1,9","1,9",0
1,1,20,1,901,2003-02-15,"9,7","18,2",1,"0,1","11,3","11,3",0
1,1,20,1,901,2003-02-15,"9,7","18,2",2,"0,7","10,2","10,2",0
1,1,20,1,901,2003-02-15,"9,7","18,2",3,"1,3","9,7","9,7",0
1,1,20,1,901,2003-02-15,"9,7","18,2",4,2,"9,7","9,7",0
1,1,20,1,901,2003-02-15,"9,7","18,2",5,4,"9,3","9,3",0
1,1,20,1,901,2003-02-15,"9,7","18,2",6,6,"8,4","8,4",0
1,1,20,1,901,2003-02-15,"9,7","18,2",7,8,"7,7","7,7",0
1,1,20,1,901,2003-02-15,"9,7","18,2",8,10,7,7,0
1,1,20,1,901,2003-02-15,"9,7","18,2",9,12,"5,6","5,6",0
1,1,20,1,901,2003-02-15,"9,7","18,2",10,14,"4,6","4,6",0
1,1,20,1,901,2003-02-15,"9,7","18,2",11,16,3,3,0
1,1,21,1,907,2004-02-20,"12,3","22,1",1,"0,1","16,7","16,7","0,4"
1,1,21,1,907,2004-02-20,"12,3","22,1",2,"0,7","13,1","13,1","0,3"
1,1,21,1,907,2004-02-20,"12,3","22,1",3,"1,3","12,3","12,3","0,3"
1,1,21,1,907,2004-02-20,"12,3","22,1",4,2,"12,1","12,1","0,3"
1,1,21,1,907,2004-02-20,"12,3","22,1",5,4,"11,7","11,7","0,3"
1,1,21,1,907,2004-02-20,"12,3","22,1",6,6,11,11,"0,3"
1,1,21,1,907,2004-02-20,"12,3","22,1",7,8,10,10,"0,3"
1,1,21,1,907,2004-02-20,"12,3","22,1",8,10,9,9,"0,3"
1,1,21,1,907,2004-02-20,"12,3","22,1",9,12,"8,4","8,4","0,3"
1,1,21,1,907,2004-02-20,"12,3","22,1",10,14,"6,7","6,7","0,2"
1,1,21,1,907,2004-02-20,"12,3","22,1",11,16,"5,7","5,7","0,2"
1,1,21,1,907,2004-02-20,"12,3","22,1",12,18,"4,3","4,3","0,2"
1,1,21,1,907,2004-02-20,"12,3","22,1",13,20,"3,1","3,1","0,2"
1,1,22,1,910,2004-02-20,"3,7","9,1",1,"0,1","5,2","5,2","0,2"
1,1,22,1,910,2004-02-20,"3,7","9,1",2,"0,7",4,4,"0,2"
1,1,22,1,910,2004-02-20,"3,7","9,1",3,"1,3","3,7","3,7","0,1"
1,1,22,1,910,2004-02-20,"3,7","9,1",4,2,"2,7","2,7","0,1"
1,1,22,1,910,2004-02-20,"3,7","9,1",5,4,"2,3","2,3","0,1"
1,1,22,1,910,2004-02-20,"3,7","9,1",6,6,2,2,"0,1"
1,1,22,1,910,2004-02-20,"3,7","9,1",7,8,"1,6","1,6","0,1"
1,1,23,1,911,2004-02-20,"8,1","16,1",1,"0,1","9,7","9,7","0,4"
1,1,23,1,911,2004-02-20,"8,1","16,1",2,"0,7","8,4","8,4","0,3"
1,1,23,1,911,2004-02-20,"8,1","16,1",3,"1,3","8,1","8,1","0,3"
1,1,23,1,911,2004-02-20,"8,1","16,1",4,2,"7,5","7,5","0,3"
1,1,23,1,911,2004-02-20,"8,1","16,1",5,4,"6,7","6,7","0,3"
1,1,23,1,911,2004-02-20,"8,1","16,1",6,6,"6,1","6,1","0,2"
1,1,23,1,911,2004-02-20,"8,1","16,1",7,8,"5,2","5,2","0,2"
1,1,23,1,911,2004-02-20,"8,1","16,1",8,10,"4,5","4,5","0,2"
1,1,23,1,911,2004-02-20,"8,1","16,1",9,12,"3,3","3,3","0,1"
1,1,23,1,911,2004-02-20,"8,1","16,1",10,14,"2,2","2,2","0,1"
1,1,25,1,914,2004-02-20,"15,6","25,1",1,"0,1","19,3","19,3","0,6"
1,1,25,1,914,2004-02-20,"15,6","25,1",2,"0,7",17,17,"0,5"
1,1,25,1,914,2004-02-20,"15,6","25,1",3,"1,3","15,6","15,6","0,5"
1,1,25,1,914,2004-02-20,"15,6","25,1",4,2,"14,7","14,7","0,3"
1,1,25,1,914,2004-02-20,"15,6","25,1",5,4,"13,9","13,9","0,3"
1,1,25,1,914,2004-02-20,"15,6","25,1",6,6,13,13,"0,3"
1,1,25,1,914,2004-02-20,"15,6","25,1",7,8,12,12,"0,3"
1,1,25,1,914,2004-02-20,"15,6","25,1",8,10,"11,5","11,5","0,3"
1,1,25,1,914,2004-02-20,"15,6","25,1",9,12,"10,2","10,2","0,2"
1,1,25,1,914,2004-02-20,"15,6","25,1",10,14,"9,6","9,6","0,2"
1,1,25,1,914,2004-02-20,"15,6","25,1",11,16,"8,5","8,5","0,2"
1,1,25,1,914,2004-02-20,"15,6","25,1",12,18,"7,2","7,2","0,2"
1,1,25,1,914,2004-02-20,"15,6","25,1",13,20,6,6,"0,2"
1,1,25,1,914,2004-02-20,"15,6","25,1",14,22,"4,5","4,5","0,2"
1,1,25,1,914,2004-02-20,"15,6","25,1",15,24,2,2,"0,1"
1,1,26,1,916,2003-10-15,"5,5","12,1",1,"0,1",7,7,"0,5"
1,1,26,1,916,2003-10-15,"5,5","12,1",2,"0,7",6,6,"0,4"
1,1,26,1,916,2003-10-15,"5,5","12,1",3,"1,3","5,5","5,5","0,1"
1,1,26,1,916,2003-10-15,"5,5","12,1",4,2,"4,9","4,9","0,1"
1,1,26,1,916,2003-10-15,"5,5","12,1",5,4,4,4,"0,1"
1,1,26,1,916,2003-10-15,"5,5","12,1",6,6,"3,6","3,6","0,1"
1,1,26,1,916,2003-10-15,"5,5","12,1",7,8,"2,7","2,7","0,1"
1,1,26,1,916,2003-10-15,"5,5","12,1",8,10,2,2,"0,1"
1,1,27,1,921,2003-10-15,"19,5",25,1,"0,1","23,6","23,6","1,1"
1,1,27,1,921,2003-10-15,"19,5",25,2,"0,7",21,21,"0,6"
1,1,27,1,921,2003-10-15,"19,5",25,3,"1,3","19,5","19,5","0,4"
1,1,27,1,921,2003-10-15,"19,5",25,4,2,"18,8","18,8","0,4"
1,1,27,1,921,2003-10-15,"19,5",25,5,4,"17,3","17,3","0,4"
1,1,27,1,921,2003-10-15,"19,5",25,6,6,"15,6","15,6","0,4"
1,1,27,1,921,2003-10-15,"19,5",25,7,8,"14,8","14,8","0,4"
1,1,27,1,921,2003-10-15,"19,5",25,8,10,"13,5","13,5","0,3"
1,1,27,1,921,2003-10-15,"19,5",25,9,12,12,12,"0,3"
1,1,27,1,921,2003-10-15,"19,5",25,10,14,"10,6","10,6","0,3"
1,1,27,1,921,2003-10-15,"19,5",25,11,16,"9,5","9,5","0,3"
1,1,27,1,921,2003-10-15,"19,5",25,12,18,8,8,"0,2"
1,1,27,1,921,2003-10-15,"19,5",25,13,20,6,6,"0,2"
1,1,27,1,921,2003-10-15,"19,5",25,14,22,"3,2","3,2","0,1"
1,1,29,1,986,2004-12-10,"7,8","13,9",1,"0,1","10,4","10,4","0,7"
1,1,29,1,986,2004-12-10,"7,8","13,9",2,"0,7","8,2","8,2","0,3"
1,1,29,1,986,2004-12-10,"7,8","13,9",3,"1,3","7,8","7,8","0,3"
1,1,29,1,986,2004-12-10,"7,8","13,9",4,2,"7,5","7,5","0,2"
1,1,29,1,986,2004-12-10,"7,8","13,9",5,4,"6,7","6,7","0,2"
1,1,29,1,986,2004-12-10,"7,8","13,9",6,6,"5,8","5,8","0,2"
1,1,29,1,986,2004-12-10,"7,8","13,9",7,8,"4,7","4,7","0,1"
1,1,29,1,986,2004-12-10,"7,8","13,9",8,10,"3,3","3,3","0,1"
1,1,29,1,986,2004-12-10,"7,8","13,9",9,12,"2,2","2,2","0,1"
1,1,32,1,990,2004-12-10,"15,4","24,2",1,"0,1","18,9","18,9","0,9"
1,1,32,1,990,2004-12-10,"15,4","24,2",2,"0,7","16,4","16,4","0,4"
1,1,32,1,990,2004-12-10,"15,4","24,2",3,"1,3","15,4","15,4","0,4"
1,1,32,1,990,2004-12-10,"15,4","24,2",4,2,"14,9","14,9","0,3"
1,1,32,1,990,2004-12-10,"15,4","24,2",5,4,"13,7","13,7","0,3"
1,1,32,1,990,2004-12-10,"15,4","24,2",6,6,"13,1","13,1","0,3"
1,1,32,1,990,2004-12-10,"15,4","24,2",7,8,"11,8","11,8","0,3"
1,1,32,1,990,2004-12-10,"15,4","24,2",8,10,11,11,"0,3"
1,1,32,1,990,2004-12-10,"15,4","24,2",9,12,10,10,"0,3"
1,1,32,1,990,2004-12-10,"15,4","24,2",10,14,"8,7","8,7","0,3"
1,1,32,1,990,2004-12-10,"15,4","24,2",11,16,8,8,"0,3"
1,1,32,1,990,2004-12-10,"15,4","24,2",12,18,"6,2","6,2","0,2"
1,1,32,1,990,2004-12-10,"15,4","24,2",13,20,"5,1","5,1","0,2"
1,1,32,1,990,2004-12-10,"15,4","24,2",14,22,"3,1","3,1","0,1"
1,1,33,1,991,2004-12-10,"17,8","24,5",1,"0,1","21,2","21,2","0,9"
1,1,33,1,991,2004-12-10,"17,8","24,5",2,"0,7","18,7","18,7","0,6"
1,1,33,1,991,2004-12-10,"17,8","24,5",3,"1,3","17,8","17,8","0,6"
1,1,33,1,991,2004-12-10,"17,8","24,5",4,2,"16,4","16,4","0,4"
1,1,33,1,991,2004-12-10,"17,8","24,5",5,4,"15,6","15,6","0,4"
1,1,33,1,991,2004-12-10,"17,8","24,5",6,6,"14,7","14,7","0,4"
1,1,33,1,991,2004-12-10,"17,8","24,5",7,8,"13,7","13,7","0,4"
1,1,33,1,991,2004-12-10,"17,8","24,5",8,10,"12,3","12,3","0,3"
1,1,33,1,991,2004-12-10,"17,8","24,5",9,12,"11,2","11,2","0,3"
1,1,33,1,991,2004-12-10,"17,8","24,5",10,14,"10,1","10,1","0,3"
1,1,33,1,991,2004-12-10,"17,8","24,5",11,16,9,9,"0,3"
1,1,33,1,991,2004-12-10,"17,8","24,5",12,18,"7,6","7,6","0,3"
1,1,33,1,991,2004-12-10,"17,8","24,5",13,20,"5,8","5,8","0,2"
1,1,33,1,991,2004-12-10,"17,8","24,5",14,22,"3,6","3,6","0,2"
1,1,34,1,992,2004-12-10,"18,8","25,5",1,"0,1","21,4","21,4","1,1"
1,1,34,1,992,2004-12-10,"18,8","25,5",2,"0,7","19,5","19,5","0,7"
1,1,34,1,992,2004-12-10,"18,8","25,5",3,"1,3","18,8","18,8","0,5"
1,1,34,1,992,2004-12-10,"18,8","25,5",4,2,"17,2","17,2","0,4"
1,1,34,1,992,2004-12-10,"18,8","25,5",5,4,"16,3","16,3","0,4"
1,1,34,1,992,2004-12-10,"18,8","25,5",6,6,"15,3","15,3","0,4"
1,1,34,1,992,2004-12-10,"18,8","25,5",7,8,"14,6","14,6","0,3"
1,1,34,1,992,2004-12-10,"18,8","25,5",8,10,"13,1","13,1","0,3"
1,1,34,1,992,2004-12-10,"18,8","25,5",9,12,12,12,"0,3"
1,1,34,1,992,2004-12-10,"18,8","25,5",10,14,"11,2","11,2","0,3"
1,1,34,1,992,2004-12-10,"18,8","25,5",11,16,"9,5","9,5","0,3"
1,1,34,1,992,2004-12-10,"18,8","25,5",12,18,8,8,"0,3"
1,1,34,1,992,2004-12-10,"18,8","25,5",13,20,"6,6","6,6","0,3"
1,1,34,1,992,2004-12-10,"18,8","25,5",14,22,"4,7","4,7","0,2"
1,1,34,1,992,2004-12-10,"18,8","25,5",15,24,"2,4","2,4","0,2"
1,1,35,1,994,2004-12-10,"22,4",27,1,"0,1","25,8","25,8","1,3"
1,1,35,1,994,2004-12-10,"22,4",27,2,"0,7","23,1","23,1","0,7"
1,1,35,1,994,2004-12-10,"22,4",27,3,"1,3","22,4","22,4","0,6"
1,1,35,1,994,2004-12-10,"22,4",27,4,2,21,21,"0,5"
1,1,35,1,994,2004-12-10,"22,4",27,5,4,"19,6","19,6","0,5"
1,1,35,1,994,2004-12-10,"22,4",27,6,6,"18,1","18,1","0,4"
1,1,35,1,994,2004-12-10,"22,4",27,7,8,"16,8","16,8","0,4"
1,1,35,1,994,2004-12-10,"22,4",27,8,10,"15,6","15,6","0,4"
1,1,35,1,994,2004-12-10,"22,4",27,9,12,"14,3","14,3","0,4"
1,1,35,1,994,2004-12-10,"22,4",27,10,14,13,13,"0,4"
1,1,35,1,994,2004-12-10,"22,4",27,11,16,"11,8","11,8","0,4"
1,1,35,1,994,2004-12-10,"22,4",27,12,18,"10,6","10,6","0,4"
1,1,35,1,994,2004-12-10,"22,4",27,13,20,"8,8","8,8","0,4"
1,1,35,1,994,2004-12-10,"22,4",27,14,22,"6,8","6,8","0,3"
1,1,35,1,994,2004-12-10,"22,4",27,15,24,"4,6","4,6","0,3"
1,1,36,1,1009,2004-07-20,5,11,1,"0,1","6,3","6,3","0,4"
1,1,36,1,1009,2004-07-20,5,11,2,"0,7","5,6","5,6","0,2"
1,1,36,1,1009,2004-07-20,5,11,3,"1,3",5,5,"0,2"
1,1,36,1,1009,2004-07-20,5,11,4,2,"4,9","4,9","0,1"
1,1,36,1,1009,2004-07-20,5,11,5,4,4,4,"0,1"
1,1,36,1,1009,2004-07-20,5,11,6,6,"3,6","3,6","0,1"
1,1,36,1,1009,2004-07-20,5,11,7,8,"2,8","2,8","0,1"
1,1,37,1,1010,2004-07-20,"7,1","13,2",1,"0,1","9,2","9,2","0,4"
1,1,37,1,1010,2004-07-20,"7,1","13,2",2,"0,7","7,8","7,8","0,3"
1,1,37,1,1010,2004-07-20,"7,1","13,2",3,"1,3","7,1","7,1","0,3"
1,1,37,1,1010,2004-07-20,"7,1","13,2",4,2,"6,8","6,8","0,2"
1,1,37,1,1010,2004-07-20,"7,1","13,2",5,4,"5,6","5,6","0,2"
1,1,37,1,1010,2004-07-20,"7,1","13,2",6,6,"4,7","4,7","0,2"
1,1,37,1,1010,2004-07-20,"7,1","13,2",7,8,"4,2","4,2","0,2"
1,1,37,1,1010,2004-07-20,"7,1","13,2",8,10,"2,6","2,6","0,1"
1,1,38,1,1012,2004-07-20,"14,6","22,9",1,"0,1","17,2","17,2","0,7"
1,1,38,1,1012,2004-07-20,"14,6","22,9",2,"0,7","15,8","15,8","0,6"
1,1,38,1,1012,2004-07-20,"14,6","22,9",3,"1,3","14,6","14,6","0,4"
1,1,38,1,1012,2004-07-20,"14,6","22,9",4,2,"13,7","13,7","0,4"
1,1,38,1,1012,2004-07-20,"14,6","22,9",5,4,13,13,"0,4"
1,1,38,1,1012,2004-07-20,"14,6","22,9",6,6,12,12,"0,3"
1,1,38,1,1012,2004-07-20,"14,6","22,9",7,8,11,11,"0,3"
1,1,38,1,1012,2004-07-20,"14,6","22,9",8,10,"9,8","9,8","0,3"
1,1,38,1,1012,2004-07-20,"14,6","22,9",9,12,"8,9","8,9","0,3"
1,1,38,1,1012,2004-07-20,"14,6","22,9",10,14,"7,7","7,7","0,3"
1,1,38,1,1012,2004-07-20,"14,6","22,9",11,16,"6,6","6,6","0,2"
1,1,38,1,1012,2004-07-20,"14,6","22,9",12,18,"5,3","5,3","0,2"
1,1,38,1,1012,2004-07-20,"14,6","22,9",13,20,"3,6","3,6","0,2"
1,1,39,1,1014,2004-07-20,"19,4","24,3",1,"0,1","24,1","24,1","1,3"
1,1,39,1,1014,2004-07-20,"19,4","24,3",2,"0,7","20,2","20,2","0,7"
1,1,39,1,1014,2004-07-20,"19,4","24,3",3,"1,3","19,4","19,4","0,5"
1,1,39,1,1014,2004-07-20,"19,4","24,3",4,2,19,19,"0,5"
1,1,39,1,1014,2004-07-20,"19,4","24,3",5,4,"16,8","16,8","0,5"
1,1,39,1,1014,2004-07-20,"19,4","24,3",6,6,"15,7","15,7","0,4"
1,1,39,1,1014,2004-07-20,"19,4","24,3",7,8,"14,7","14,7","0,4"
1,1,39,1,1014,2004-07-20,"19,4","24,3",8,10,"13,6","13,6","0,4"
1,1,39,1,1014,2004-07-20,"19,4","24,3",9,12,"11,9","11,9","0,4"
1,1,39,1,1014,2004-07-20,"19,4","24,3",10,14,"10,5","10,5","0,4"
1,1,39,1,1014,2004-07-20,"19,4","24,3",11,16,"9,7","9,7","0,4"
1,1,39,1,1014,2004-07-20,"19,4","24,3",12,18,8,8,"0,4"
1,1,39,1,1014,2004-07-20,"19,4","24,3",13,20,"5,2","5,2","0,3"
1,1,39,1,1014,2004-07-20,"19,4","24,3",14,22,"3,1","3,1","0,2"
1,1,40,1,1023,2005-02-17,"19,5",27,1,"0,1","24,3","24,3","1,1"
1,1,40,1,1023,2005-02-17,"19,5",27,2,"0,7",21,21,"0,9"
1,1,40,1,1023,2005-02-17,"19,5",27,3,"1,3","19,5","19,5","0,6"
1,1,40,1,1023,2005-02-17,"19,5",27,4,2,"18,8","18,8","0,5"
1,1,40,1,1023,2005-02-17,"19,5",27,5,4,"17,7","17,7","0,5"
1,1,40,1,1023,2005-02-17,"19,5",27,6,6,"16,2","16,2","0,5"
1,1,40,1,1023,2005-02-17,"19,5",27,7,8,"15,5","15,5","0,4"
1,1,40,1,1023,2005-02-17,"19,5",27,8,10,"14,1","14,1","0,4"
1,1,40,1,1023,2005-02-17,"19,5",27,9,12,"12,8","12,8","0,4"
1,1,40,1,1023,2005-02-17,"19,5",27,10,14,"11,7","11,7","0,3"
1,1,40,1,1023,2005-02-17,"19,5",27,11,16,"10,3","10,3","0,3"
1,1,40,1,1023,2005-02-17,"19,5",27,12,18,"9,1","9,1","0,3"
1,1,40,1,1023,2005-02-17,"19,5",27,13,20,"8,2","8,2","0,3"
1,1,40,1,1023,2005-02-17,"19,5",27,14,22,"6,3","6,3","0,2"
1,1,40,1,1023,2005-02-17,"19,5",27,15,24,"4,3","4,3","0,2"
1,1,41,1,1024,2005-02-17,"10,8","19,3",1,"0,1","13,2","13,2","0,6"
1,1,41,1,1024,2005-02-17,"10,8","19,3",2,"0,7","11,2","11,2","0,5"
1,1,41,1,1024,2005-02-17,"10,8","19,3",3,"1,3","10,8","10,8","0,4"
1,1,41,1,1024,2005-02-17,"10,8","19,3",4,2,"10,2","10,2","0,3"
1,1,41,1,1024,2005-02-17,"10,8","19,3",5,4,"9,1","9,1","0,3"
1,1,41,1,1024,2005-02-17,"10,8","19,3",6,6,"8,2","8,2","0,2"
1,1,41,1,1024,2005-02-17,"10,8","19,3",7,8,"7,7","7,7","0,2"
1,1,41,1,1024,2005-02-17,"10,8","19,3",8,10,"6,8","6,8","0,2"
1,1,41,1,1024,2005-02-17,"10,8","19,3",9,12,"5,7","5,7","0,2"
1,1,41,1,1024,2005-02-17,"10,8","19,3",10,14,"4,8","4,8","0,2"
1,1,41,1,1024,2005-02-17,"10,8","19,3",11,16,"4,1","4,1","0,2"
1,1,43,1,1035,2005-02-17,"11,4","20,1",1,"0,1","13,3","13,3","0,5"
1,1,43,1,1035,2005-02-17,"11,4","20,1",2,"0,7","11,8","11,8","0,4"
1,1,43,1,1035,2005-02-17,"11,4","20,1",3,"1,3","11,4","11,4","0,4"
1,1,43,1,1035,2005-02-17,"11,4","20,1",4,2,"10,4","10,4","0,3"
1,1,43,1,1035,2005-02-17,"11,4","20,1",5,4,10,10,"0,3"
1,1,43,1,1035,2005-02-17,"11,4","20,1",6,6,9,9,"0,3"
1,1,43,1,1035,2005-02-17,"11,4","20,1",7,8,"8,3","8,3","0,3"
1,1,43,1,1035,2005-02-17,"11,4","20,1",8,10,"7,5","7,5","0,2"
1,1,43,1,1035,2005-02-17,"11,4","20,1",9,12,6,6,"0,2"
1,1,43,1,1035,2005-02-17,"11,4","20,1",10,14,"5,2","5,2","0,2"
1,1,43,1,1035,2005-02-17,"11,4","20,1",11,16,4,4,"0,2"
1,1,43,1,1035,2005-02-17,"11,4","20,1",12,18,"2,7","2,7","0,1"
1,1,44,1,1036,2005-02-17,7,"15,3",1,"0,1","8,9","8,9","0,4"
1,1,44,1,1036,2005-02-17,7,"15,3",2,"0,7","7,6","7,6","0,3"
1,1,44,1,1036,2005-02-17,7,"15,3",3,"1,3",7,7,"0,2"
1,1,44,1,1036,2005-02-17,7,"15,3",4,2,"6,8","6,8","0,2"
1,1,44,1,1036,2005-02-17,7,"15,3",5,4,"5,7","5,7","0,2"
1,1,44,1,1036,2005-02-17,7,"15,3",6,6,"4,7","4,7","0,1"
1,1,44,1,1036,2005-02-17,7,"15,3",7,8,"4,2","4,2","0,1"
1,1,44,1,1036,2005-02-17,7,"15,3",8,10,"3,3","3,3","0,1"
1,1,44,1,1036,2005-02-17,7,"15,3",9,12,"2,7","2,7","0,1"
1,1,47,1,1042,2005-02-17,"20,5","25,5",1,"0,1","24,1","24,1","1,1"
1,1,47,1,1042,2005-02-17,"20,5","25,5",2,"0,7","21,1","21,1","0,7"
1,1,47,1,1042,2005-02-17,"20,5","25,5",3,"1,3","20,5","20,5","0,6"
1,1,47,1,1042,2005-02-17,"20,5","25,5",4,2,19,19,"0,6"
1,1,47,1,1042,2005-02-17,"20,5","25,5",5,4,"18,2","18,2","0,5"
1,1,47,1,1042,2005-02-17,"20,5","25,5",6,6,"17,1","17,1","0,5"
1,1,47,1,1042,2005-02-17,"20,5","25,5",7,8,16,16,"0,4"
1,1,47,1,1042,2005-02-17,"20,5","25,5",8,10,"14,5","14,5","0,4"
1,1,47,1,1042,2005-02-17,"20,5","25,5",9,12,"13,6","13,6","0,4"
1,1,47,1,1042,2005-02-17,"20,5","25,5",10,14,12,12,"0,4"
1,1,47,1,1042,2005-02-17,"20,5","25,5",11,16,11,11,"0,4"
1,1,47,1,1042,2005-02-17,"20,5","25,5",12,18,"9,5","9,5","0,3"
1,1,47,1,1042,2005-02-17,"20,5","25,5",13,20,"7,6","7,6","0,3"
1,1,47,1,1042,2005-02-17,"20,5","25,5",14,22,"5,7","5,7","0,3"
1,1,47,1,1042,2005-02-17,"20,5","25,5",15,24,"3,7","3,7","0,2"
1,1,48,1,1045,2004-07-20,"5,6","12,4",1,"0,1",7,7,"0,5"
1,1,48,1,1045,2004-07-20,"5,6","12,4",2,"0,7","6,1","6,1","0,3"
1,1,48,1,1045,2004-07-20,"5,6","12,4",3,"1,3","5,6","5,6","0,2"
1,1,48,1,1045,2004-07-20,"5,6","12,4",4,2,"5,1","5,1","0,1"
1,1,48,1,1045,2004-07-20,"5,6","12,4",5,4,4,4,"0,1"
1,1,48,1,1045,2004-07-20,"5,6","12,4",6,6,4,4,"0,1"
1,1,48,1,1045,2004-07-20,"5,6","12,4",7,8,3,3,"0,1"
1,1,48,1,1045,2004-07-20,"5,6","12,4",8,10,2,2,"0,1"
1,1,49,1,1047,2004-07-20,"9,8","18,4",1,"0,1","12,2","12,2","0,6"
1,1,49,1,1047,2004-07-20,"9,8","18,4",2,"0,7","10,3","10,3","0,4"
1,1,49,1,1047,2004-07-20,"9,8","18,4",3,"1,3","9,8","9,8","0,4"
1,1,49,1,1047,2004-07-20,"9,8","18,4",4,2,"9,5","9,5","0,4"
1,1,49,1,1047,2004-07-20,"9,8","18,4",5,4,9,9,"0,4"
1,1,49,1,1047,2004-07-20,"9,8","18,4",6,6,8,8,"0,2"
1,1,49,1,1047,2004-07-20,"9,8","18,4",7,8,"7,1","7,1","0,2"
1,1,49,1,1047,2004-07-20,"9,8","18,4",8,10,"6,3","6,3","0,2"
1,1,49,1,1047,2004-07-20,"9,8","18,4",9,12,"5,1","5,1","0,2"
1,1,49,1,1047,2004-07-20,"9,8","18,4",10,14,4,4,"0,1"
1,1,49,1,1047,2004-07-20,"9,8","18,4",11,16,3,3,"0,1"
1,1,51,1,1054,2005-02-17,"10,4","19,8",1,"0,1","12,3","12,3",1
1,1,51,1,1054,2005-02-17,"10,4","19,8",2,"0,7",11,11,"0,4"
1,1,51,1,1054,2005-02-17,"10,4","19,8",3,"1,3","10,4","10,4","0,4"
1,1,51,1,1054,2005-02-17,"10,4","19,8",4,2,"9,5","9,5","0,3"
1,1,51,1,1054,2005-02-17,"10,4","19,8",5,4,"9,2","9,2","0,3"
1,1,51,1,1054,2005-02-17,"10,4","19,8",6,6,"8,2","8,2","0,2"
1,1,51,1,1054,2005-02-17,"10,4","19,8",7,8,"7,3","7,3","0,2"
1,1,51,1,1054,2005-02-17,"10,4","19,8",8,10,"6,8","6,8","0,2"
1,1,51,1,1054,2005-02-17,"10,4","19,8",9,12,6,6,"0,2"
1,1,51,1,1054,2005-02-17,"10,4","19,8",10,14,"4,6","4,6","0,2"
1,1,51,1,1054,2005-02-17,"10,4","19,8",11,16,"3,5","3,5","0,2"
1,1,52,1,1156,2005-06-09,19,22,1,"0,1","23,7","23,7","1,3"
1,1,52,1,1156,2005-06-09,19,22,2,"0,7","20,2","20,2",1
1,1,52,1,1156,2005-06-09,19,22,3,"1,3",19,19,"0,7"
1,1,52,1,1156,2005-06-09,19,22,4,2,"17,2","17,2","0,7"
1,1,52,1,1156,2005-06-09,19,22,5,4,"15,7","15,7","0,7"
1,1,52,1,1156,2005-06-09,19,22,6,6,15,15,"0,6"
1,1,52,1,1156,2005-06-09,19,22,7,8,"13,7","13,7","0,6"
1,1,52,1,1156,2005-06-09,19,22,8,10,"11,8","11,8","0,5"
1,1,52,1,1156,2005-06-09,19,22,9,12,"11,2","11,2","0,5"
1,1,52,1,1156,2005-06-09,19,22,10,14,"9,8","9,8","0,5"
1,1,52,1,1156,2005-06-09,19,22,11,16,7,7,"0,4"
1,1,52,1,1156,2005-06-09,19,22,12,18,4,4,"0,3"
1,1,53,1,1160,2005-06-09,"4,5","7,3",1,"0,1","5,8","5,8","0,4"
1,1,53,1,1160,2005-06-09,"4,5","7,3",2,"0,7","4,6","4,6","0,3"
1,1,53,1,1160,2005-06-09,"4,5","7,3",3,"1,3","4,5","4,5","0,3"
1,1,53,1,1160,2005-06-09,"4,5","7,3",4,2,"3,9","3,9","0,2"
1,1,53,1,1160,2005-06-09,"4,5","7,3",5,4,"2,7","2,7","0,1"
1,1,54,1,1161,2005-06-09,"24,1",24,1,"0,1","28,5","28,5","1,6"
1,1,54,1,1161,2005-06-09,"24,1",24,2,"0,7",25,25,1
1,1,54,1,1161,2005-06-09,"24,1",24,3,"1,3","24,1","24,1","0,9"
1,1,54,1,1161,2005-06-09,"24,1",24,4,2,21,21,"0,8"
1,1,54,1,1161,2005-06-09,"24,1",24,5,4,"20,6","20,6","0,6"
1,1,54,1,1161,2005-06-09,"24,1",24,6,6,"19,8","19,8","0,6"
1,1,54,1,1161,2005-06-09,"24,1",24,7,8,"18,6","18,6","0,6"
1,1,54,1,1161,2005-06-09,"24,1",24,8,10,"17,2","17,2","0,6"
1,1,54,1,1161,2005-06-09,"24,1",24,9,12,16,16,"0,6"
1,1,54,1,1161,2005-06-09,"24,1",24,10,14,15,15,"0,6"
1,1,54,1,1161,2005-06-09,"24,1",24,11,16,"12,2","12,2","0,5"
1,1,54,1,1161,2005-06-09,"24,1",24,12,18,"9,5","9,5","0,5"
1,1,54,1,1161,2005-06-09,"24,1",24,13,20,"7,3","7,3","0,4"
1,1,54,1,1161,2005-06-09,"24,1",24,14,22,3,3,"0,2"
1,1,56,1,1172,2004-09-10,10,"16,2",1,"0,1","12,2","12,2","0,8"
1,1,56,1,1172,2004-09-10,10,"16,2",2,"0,7","10,8","10,8","0,5"
1,1,56,1,1172,2004-09-10,10,"16,2",3,"1,3",10,10,"0,4"
1,1,56,1,1172,2004-09-10,10,"16,2",4,2,"9,4","9,4","0,3"
1,1,56,1,1172,2004-09-10,10,"16,2",5,4,"8,3","8,3","0,2"
1,1,56,1,1172,2004-09-10,10,"16,2",6,6,"7,6","7,6","0,2"
1,1,56,1,1172,2004-09-10,10,"16,2",7,8,7,7,"0,2"
1,1,56,1,1172,2004-09-10,10,"16,2",8,10,6,6,"0,2"
1,1,56,1,1172,2004-09-10,10,"16,2",9,12,"4,7","4,7","0,2"
1,1,56,1,1172,2004-09-10,10,"16,2",10,14,"3,3","3,3","0,2"
1,1,57,1,1181,2005-06-09,"16,2","24,6",1,"0,1","19,3","19,3","1,2"
1,1,57,1,1181,2005-06-09,"16,2","24,6",2,"0,7","17,2","17,2","0,8"
1,1,57,1,1181,2005-06-09,"16,2","24,6",3,"1,3","16,2","16,2","0,5"
1,1,57,1,1181,2005-06-09,"16,2","24,6",4,2,15,15,"0,4"
1,1,57,1,1181,2005-06-09,"16,2","24,6",5,4,"13,9","13,9","0,3"
1,1,57,1,1181,2005-06-09,"16,2","24,6",6,6,"13,3","13,3","0,3"
1,1,57,1,1181,2005-06-09,"16,2","24,6",7,8,"12,3","12,3","0,3"
1,1,57,1,1181,2005-06-09,"16,2","24,6",8,10,"11,6","11,6","0,3"
1,1,57,1,1181,2005-06-09,"16,2","24,6",9,12,"10,6","10,6","0,3"
1,1,57,1,1181,2005-06-09,"16,2","24,6",10,14,"9,5","9,5","0,3"
1,1,57,1,1181,2005-06-09,"16,2","24,6",11,16,"8,5","8,5","0,3"
1,1,57,1,1181,2005-06-09,"16,2","24,6",12,18,"7,6","7,6","0,3"
1,1,57,1,1181,2005-06-09,"16,2","24,6",13,20,"6,3","6,3","0,3"
1,1,57,1,1181,2005-06-09,"16,2","24,6",14,22,"3,8","3,8","0,2"
1,1,58,1,1182,2005-06-09,"20,5",26,1,"0,1","25,5","25,5","1,7"
1,1,58,1,1182,2005-06-09,"20,5",26,2,"0,7",23,23,1
1,1,58,1,1182,2005-06-09,"20,5",26,3,"1,3","20,5","20,5","0,5"
1,1,58,1,1182,2005-06-09,"20,5",26,4,2,19,19,"0,5"
1,1,58,1,1182,2005-06-09,"20,5",26,5,4,"18,5","18,5","0,5"
1,1,58,1,1182,2005-06-09,"20,5",26,6,6,"17,5","17,5","0,4"
1,1,58,1,1182,2005-06-09,"20,5",26,7,8,"16,2","16,2","0,4"
1,1,58,1,1182,2005-06-09,"20,5",26,8,10,"15,3","15,3","0,4"
1,1,58,1,1182,2005-06-09,"20,5",26,9,12,14,14,"0,4"
1,1,58,1,1182,2005-06-09,"20,5",26,10,14,"13,1","13,1","0,4"
1,1,58,1,1182,2005-06-09,"20,5",26,11,16,"12,1","12,1","0,4"
1,1,58,1,1182,2005-06-09,"20,5",26,12,18,"10,9","10,9","0,3"
1,1,58,1,1182,2005-06-09,"20,5",26,13,20,"9,6","9,6","0,3"
1,1,58,1,1182,2005-06-09,"20,5",26,14,22,"6,6","6,6","0,3"
1,1,58,1,1182,2005-06-09,"20,5",26,15,24,"3,6","3,6","0,2"
1,1,59,1,1183,2005-06-09,"23,4",28,1,"0,1","27,5","27,5","1,1"
1,1,59,1,1183,2005-06-09,"23,4",28,2,"0,7","25,5","25,5","0,9"
1,1,59,1,1183,2005-06-09,"23,4",28,3,"1,3","23,4","23,4","0,8"
1,1,59,1,1183,2005-06-09,"23,4",28,4,2,"21,2","21,2","0,7"
1,1,59,1,1183,2005-06-09,"23,4",28,5,4,"20,8","20,8","0,5"
1,1,59,1,1183,2005-06-09,"23,4",28,6,6,"19,5","19,5","0,5"
1,1,59,1,1183,2005-06-09,"23,4",28,7,8,"18,5","18,5","0,4"
1,1,59,1,1183,2005-06-09,"23,4",28,8,10,"17,2","17,2","0,4"
1,1,59,1,1183,2005-06-09,"23,4",28,9,12,"16,1","16,1","0,4"
1,1,59,1,1183,2005-06-09,"23,4",28,10,14,"14,7","14,7","0,4"
1,1,59,1,1183,2005-06-09,"23,4",28,11,16,"13,5","13,5","0,4"
1,1,59,1,1183,2005-06-09,"23,4",28,12,18,"12,8","12,8","0,4"
1,1,59,1,1183,2005-06-09,"23,4",28,13,20,11,11,"0,4"
1,1,59,1,1183,2005-06-09,"23,4",28,14,22,"9,4","9,4","0,3"
1,1,59,1,1183,2005-06-09,"23,4",28,15,24,7,7,"0,3"
1,1,59,1,1183,2005-06-09,"23,4",28,16,26,"3,6","3,6","0,2"
1,1,60,1,1188,2005-06-09,"13,7","23,3",1,"0,1",18,18,"1,1"
1,1,60,1,1188,2005-06-09,"13,7","23,3",2,"0,7","15,9","15,9",1
1,1,60,1,1188,2005-06-09,"13,7","23,3",3,"1,3","13,7","13,7","0,7"
1,1,60,1,1188,2005-06-09,"13,7","23,3",4,2,"13,2","13,2","0,3"
1,1,60,1,1188,2005-06-09,"13,7","23,3",5,4,"12,8","12,8","0,3"
1,1,60,1,1188,2005-06-09,"13,7","23,3",6,6,"12,1","12,1","0,3"
1,1,60,1,1188,2005-06-09,"13,7","23,3",7,8,"11,3","11,3","0,3"
1,1,60,1,1188,2005-06-09,"13,7","23,3",8,10,"10,5","10,5","0,2"
1,1,60,1,1188,2005-06-09,"13,7","23,3",9,12,"9,5","9,5","0,2"
1,1,60,1,1188,2005-06-09,"13,7","23,3",10,14,"8,7","8,7","0,2"
1,1,60,1,1188,2005-06-09,"13,7","23,3",11,16,"7,5","7,5","0,2"
1,1,60,1,1188,2005-06-09,"13,7","23,3",12,18,"6,4","6,4","0,2"
1,1,60,1,1188,2005-06-09,"13,7","23,3",13,20,"4,7","4,7","0,2"
3,2,61,3,69,2006-06-23,"16,9","29,2",1,"0,1","20,8","20,8","0,9"
3,2,61,3,69,2006-06-23,"16,9","29,2",2,"0,7","17,5","17,5","0,7"
3,2,61,3,69,2006-06-23,"16,9","29,2",3,"1,3","16,9","16,9","0,5"
3,2,61,3,69,2006-06-23,"16,9","29,2",4,2,"16,25","16,25","0,5"
3,2,61,3,69,2006-06-23,"16,9","29,2",5,4,"15,1","15,1","0,4"
3,2,61,3,69,2006-06-23,"16,9","29,2",6,6,"14,2","14,2","0,4"
3,2,61,3,69,2006-06-23,"16,9","29,2",7,8,"13,6","13,6","0,3"
3,2,61,3,69,2006-06-23,"16,9","29,2",8,10,"12,55","12,55","0,3"
3,2,61,3,69,2006-06-23,"16,9","29,2",9,12,"11,9","11,9","0,3"
3,2,61,3,69,2006-06-23,"16,9","29,2",10,14,"10,95","10,95","0,3"
3,2,61,3,69,2006-06-23,"16,9","29,2",11,16,"9,85","9,85","0,3"
3,2,61,3,69,2006-06-23,"16,9","29,2",12,18,"8,9","8,9","0,3"
3,2,61,3,69,2006-06-23,"16,9","29,2",13,20,"7,75","7,75","0,2"
3,2,61,3,69,2006-06-23,"16,9","29,2",14,22,"6,4","6,4","0,2"
3,2,61,3,69,2006-06-23,"16,9","29,2",15,24,"5,2","5,2","0,2"
3,2,61,3,69,2006-06-23,"16,9","29,2",16,26,"3,6","3,6","0,2"
3,2,62,3,70,2006-06-23,"19,6","30,4",1,"0,1","25,7","25,7","1,2"
3,2,62,3,70,2006-06-23,"19,6","30,4",2,"0,7","21,2","21,2","0,6"
3,2,62,3,70,2006-06-23,"19,6","30,4",3,"1,3","19,6","19,6","0,5"
3,2,62,3,70,2006-06-23,"19,6","30,4",4,2,"18,8","18,8","0,5"
3,2,62,3,70,2006-06-23,"19,6","30,4",5,4,"17,6","17,6","0,4"
3,2,62,3,70,2006-06-23,"19,6","30,4",6,6,"16,65","16,65","0,4"
3,2,62,3,70,2006-06-23,"19,6","30,4",7,8,"15,55","15,55","0,4"
3,2,62,3,70,2006-06-23,"19,6","30,4",8,10,"14,7","14,7","0,3"
3,2,62,3,70,2006-06-23,"19,6","30,4",9,12,"13,8","13,8","0,3"
3,2,62,3,70,2006-06-23,"19,6","30,4",10,14,"12,75","12,75","0,3"
3,2,62,3,70,2006-06-23,"19,6","30,4",11,16,"11,75","11,75","0,3"
3,2,62,3,70,2006-06-23,"19,6","30,4",12,18,"10,6","10,6","0,3"
3,2,62,3,70,2006-06-23,"19,6","30,4",13,20,"9,45","9,45","0,3"
3,2,62,3,70,2006-06-23,"19,6","30,4",14,22,"8,35","8,35","0,3"
3,2,62,3,70,2006-06-23,"19,6","30,4",15,24,"7,1","7,1","0,2"
3,2,62,3,70,2006-06-23,"19,6","30,4",16,26,"5,65","5,65","0,2"
3,2,62,3,70,2006-06-23,"19,6","30,4",17,28,"4,05","4,05","0,2"
3,2,63,3,72,2006-06-23,"23,1","31,6",1,"0,1","28,9","28,9","1,5"
3,2,63,3,72,2006-06-23,"23,1","31,6",2,"0,7","24,6","24,6","0,6"
3,2,63,3,72,2006-06-23,"23,1","31,6",3,"1,3","23,1","23,1","0,5"
3,2,63,3,72,2006-06-23,"23,1","31,6",4,2,"22,15","22,15","0,5"
3,2,63,3,72,2006-06-23,"23,1","31,6",5,4,21,21,"0,5"
3,2,63,3,72,2006-06-23,"23,1","31,6",6,6,"19,4","19,4","0,5"
3,2,63,3,72,2006-06-23,"23,1","31,6",7,8,"17,8","17,8","0,4"
3,2,63,3,72,2006-06-23,"23,1","31,6",8,10,"17,15","17,15","0,4"
3,2,63,3,72,2006-06-23,"23,1","31,6",9,12,"15,8","15,8","0,4"
3,2,63,3,72,2006-06-23,"23,1","31,6",10,14,"14,6","14,6","0,4"
3,2,63,3,72,2006-06-23,"23,1","31,6",11,16,"13,4","13,4","0,4"
3,2,63,3,72,2006-06-23,"23,1","31,6",12,18,"12,25","12,25","0,4"
3,2,63,3,72,2006-06-23,"23,1","31,6",13,20,"11,4","11,4","0,4"
3,2,63,3,72,2006-06-23,"23,1","31,6",14,22,"9,9","9,9","0,4"
3,2,63,3,72,2006-06-23,"23,1","31,6",15,24,"8,85","8,85","0,4"
3,2,63,3,72,2006-06-23,"23,1","31,6",16,26,"6,5","6,5","0,3"
3,2,63,3,72,2006-06-23,"23,1","31,6",17,28,"4,7","4,7","0,2"
3,2,63,3,72,2006-06-23,"23,1","31,6",18,30,"2,5","2,5","0,2"
3,2,64,3,75,2004-11-15,"20,8","29,7",1,"0,1","25,5","25,5","1,2"
3,2,64,3,75,2004-11-15,"20,8","29,7",2,"0,7","21,8","21,8","0,6"
3,2,64,3,75,2004-11-15,"20,8","29,7",3,"1,3","20,8","20,8","0,6"
3,2,64,3,75,2004-11-15,"20,8","29,7",4,2,"19,7","19,7","0,4"
3,2,64,3,75,2004-11-15,"20,8","29,7",5,4,"18,8","18,8","0,4"
3,2,64,3,75,2004-11-15,"20,8","29,7",6,6,"18,1","18,1","0,4"
3,2,64,3,75,2004-11-15,"20,8","29,7",7,8,"16,6","16,6","0,4"
3,2,64,3,75,2004-11-15,"20,8","29,7",8,10,"15,4","15,4","0,4"
3,2,64,3,75,2004-11-15,"20,8","29,7",9,12,"14,7","14,7","0,4"
3,2,64,3,75,2004-11-15,"20,8","29,7",10,14,"13,2","13,2","0,4"
3,2,64,3,75,2004-11-15,"20,8","29,7",11,16,"12,7","12,7","0,4"
3,2,64,3,75,2004-11-15,"20,8","29,7",12,18,"11,2","11,2","0,3"
3,2,64,3,75,2004-11-15,"20,8","29,7",13,20,"9,5","9,5","0,3"
3,2,64,3,75,2004-11-15,"20,8","29,7",14,22,"8,4","8,4","0,3"
3,2,64,3,75,2004-11-15,"20,8","29,7",15,24,"6,8","6,8","0,3"
3,2,64,3,75,2004-11-15,"20,8","29,7",16,26,"5,2","5,2","0,3"
3,2,64,3,75,2004-11-15,"20,8","29,7",17,28,"2,7","2,7","0,2"
3,2,66,3,83,2005-08-10,19,"30,6",1,"0,1","23,3","23,3","1,2"
3,2,66,3,83,2005-08-10,19,"30,6",2,"0,7","19,9","19,9",1
3,2,66,3,83,2005-08-10,19,"30,6",3,"1,3",19,19,"0,5"
3,2,66,3,83,2005-08-10,19,"30,6",4,2,"18,35","18,35","0,5"
3,2,66,3,83,2005-08-10,19,"30,6",5,4,"17,3","17,3","0,4"
3,2,66,3,83,2005-08-10,19,"30,6",6,6,"16,75","16,75","0,4"
3,2,66,3,83,2005-08-10,19,"30,6",7,8,16,16,"0,4"
3,2,66,3,83,2005-08-10,19,"30,6",8,10,"14,95","14,95","0,4"
3,2,66,3,83,2005-08-10,19,"30,6",9,12,"13,85","13,85","0,4"
3,2,66,3,83,2005-08-10,19,"30,6",10,14,"12,85","12,85","0,3"
3,2,66,3,83,2005-08-10,19,"30,6",11,16,"11,75","11,75","0,3"
3,2,66,3,83,2005-08-10,19,"30,6",12,18,"10,7","10,7","0,3"
3,2,66,3,83,2005-08-10,19,"30,6",13,20,"9,45","9,45","0,3"
3,2,66,3,83,2005-08-10,19,"30,6",14,22,"8,2","8,2","0,3"
3,2,66,3,83,2005-08-10,19,"30,6",15,24,"7,05","7,05","0,3"
3,2,66,3,83,2005-08-10,19,"30,6",16,26,"5,35","5,35","0,2"
3,2,67,3,91,2006-07-07,"14,9",28,1,"0,1","18,8","18,8","0,8"
3,2,67,3,91,2006-07-07,"14,9",28,2,"0,7","15,5","15,5","0,4"
3,2,67,3,91,2006-07-07,"14,9",28,3,"1,3","14,9","14,9","0,4"
3,2,67,3,91,2006-07-07,"14,9",28,4,2,"14,2","14,2","0,3"
3,2,67,3,91,2006-07-07,"14,9",28,5,4,"13,25","13,25","0,3"
3,2,67,3,91,2006-07-07,"14,9",28,6,6,"12,65","12,65","0,3"
3,2,67,3,91,2006-07-07,"14,9",28,7,8,"11,8","11,8","0,2"
3,2,67,3,91,2006-07-07,"14,9",28,8,10,"10,9","10,9","0,2"
3,2,67,3,91,2006-07-07,"14,9",28,9,12,"9,8","9,8","0,2"
3,2,67,3,91,2006-07-07,"14,9",28,10,14,"9,25","9,25","0,2"
3,2,67,3,91,2006-07-07,"14,9",28,11,16,"8,2","8,2","0,2"
3,2,67,3,91,2006-07-07,"14,9",28,12,18,"7,25","7,25","0,2"
3,2,67,3,91,2006-07-07,"14,9",28,13,20,"6,2","6,2","0,2"
3,2,67,3,91,2006-07-07,"14,9",28,14,22,5,5,"0,2"
3,2,67,3,91,2006-07-07,"14,9",28,15,24,"3,65","3,65","0,2"
3,2,67,3,91,2006-07-07,"14,9",28,16,26,"2,25","2,25","0,2"
3,2,70,3,103,2005-08-10,"19,2","29,4",1,"0,1","24,4","24,4","1,3"
3,2,70,3,103,2005-08-10,"19,2","29,4",2,"0,7","19,6","19,6","0,7"
3,2,70,3,103,2005-08-10,"19,2","29,4",3,"1,3","19,2","19,2","0,5"
3,2,70,3,103,2005-08-10,"19,2","29,4",4,2,"18,55","18,55","0,5"
3,2,70,3,103,2005-08-10,"19,2","29,4",5,4,"17,3","17,3","0,4"
3,2,70,3,103,2005-08-10,"19,2","29,4",6,6,"16,5","16,5","0,4"
3,2,70,3,103,2005-08-10,"19,2","29,4",7,8,"15,35","15,35","0,4"
3,2,70,3,103,2005-08-10,"19,2","29,4",8,10,"14,4","14,4","0,3"
3,2,70,3,103,2005-08-10,"19,2","29,4",9,12,"13,9","13,9","0,3"
3,2,70,3,103,2005-08-10,"19,2","29,4",10,14,"12,2","12,2","0,3"
3,2,70,3,103,2005-08-10,"19,2","29,4",11,16,"11,45","11,45","0,3"
3,2,70,3,103,2005-08-10,"19,2","29,4",12,18,"10,15","10,15","0,3"
3,2,70,3,103,2005-08-10,"19,2","29,4",13,20,"8,8","8,8","0,2"
3,2,70,3,103,2005-08-10,"19,2","29,4",14,22,"7,65","7,65","0,2"
3,2,70,3,103,2005-08-10,"19,2","29,4",15,24,"6,25","6,25","0,2"
3,2,70,3,103,2005-08-10,"19,2","29,4",16,26,"4,5","4,5","0,2"
3,2,71,3,106,2005-08-10,"13,8","23,8",1,"0,1","17,6","17,6","0,9"
3,2,71,3,106,2005-08-10,"13,8","23,8",2,"0,7","14,2","14,2","0,7"
3,2,71,3,106,2005-08-10,"13,8","23,8",3,"1,3","13,8","13,8","0,4"
3,2,71,3,106,2005-08-10,"13,8","23,8",4,2,"13,35","13,35","0,3"
3,2,71,3,106,2005-08-10,"13,8","23,8",5,4,"12,75","12,75","0,3"
3,2,71,3,106,2005-08-10,"13,8","23,8",6,6,"11,6","11,6","0,3"
3,2,71,3,106,2005-08-10,"13,8","23,8",7,8,"10,65","10,65","0,3"
3,2,71,3,106,2005-08-10,"13,8","23,8",8,10,"9,6","9,6","0,3"
3,2,71,3,106,2005-08-10,"13,8","23,8",9,12,"8,05","8,05","0,3"
3,2,71,3,106,2005-08-10,"13,8","23,8",10,14,"6,65","6,65","0,3"
3,2,71,3,106,2005-08-10,"13,8","23,8",11,16,"5,5","5,5","0,2"
3,2,72,3,190,2004-12-01,"13,4","23,5",1,"0,1","16,8","16,8","0,9"
3,2,72,3,190,2004-12-01,"13,4","23,5",2,"0,7","14,5","14,5","0,7"
3,2,72,3,190,2004-12-01,"13,4","23,5",3,"1,3","13,4","13,4","0,6"
3,2,72,3,190,2004-12-01,"13,4","23,5",4,2,"12,2","12,2","0,6"
3,2,72,3,190,2004-12-01,"13,4","23,5",5,4,"11,6","11,6","0,4"
3,2,72,3,190,2004-12-01,"13,4","23,5",6,6,"10,9","10,9","0,4"
3,2,72,3,190,2004-12-01,"13,4","23,5",7,8,"10,1","10,1","0,3"
3,2,72,3,190,2004-12-01,"13,4","23,5",8,10,"9,3","9,3","0,3"
3,2,72,3,190,2004-12-01,"13,4","23,5",9,12,"8,4","8,4","0,3"
3,2,72,3,190,2004-12-01,"13,4","23,5",10,14,"7,1","7,1","0,2"
3,2,72,3,190,2004-12-01,"13,4","23,5",11,16,"6,1","6,1","0,2"
3,2,72,3,190,2004-12-01,"13,4","23,5",12,18,"5,3","5,3","0,2"
3,2,72,3,190,2004-12-01,"13,4","23,5",13,20,"3,9","3,9","0,2"
3,2,73,3,195,2004-12-01,"22,4","29,7",1,"0,1","26,4","26,4","1,4"
3,2,73,3,195,2004-12-01,"22,4","29,7",2,"0,7","23,8","23,8","0,9"
3,2,73,3,195,2004-12-01,"22,4","29,7",3,"1,3","22,4","22,4","0,8"
3,2,73,3,195,2004-12-01,"22,4","29,7",4,2,"20,4","20,4","0,7"
3,2,73,3,195,2004-12-01,"22,4","29,7",5,4,19,19,"0,5"
3,2,73,3,195,2004-12-01,"22,4","29,7",6,6,"18,2","18,2","0,5"
3,2,73,3,195,2004-12-01,"22,4","29,7",7,8,"17,3","17,3","0,5"
3,2,73,3,195,2004-12-01,"22,4","29,7",8,10,"16,3","16,3","0,5"
3,2,73,3,195,2004-12-01,"22,4","29,7",9,12,"14,9","14,9","0,5"
3,2,73,3,195,2004-12-01,"22,4","29,7",10,14,"13,8","13,8","0,4"
3,2,73,3,195,2004-12-01,"22,4","29,7",11,16,"12,7","12,7","0,4"
3,2,73,3,195,2004-12-01,"22,4","29,7",12,18,"11,8","11,8","0,3"
3,2,73,3,195,2004-12-01,"22,4","29,7",13,20,"10,3","10,3","0,3"
3,2,73,3,195,2004-12-01,"22,4","29,7",14,22,"8,7","8,7","0,3"
3,2,73,3,195,2004-12-01,"22,4","29,7",15,24,"7,1","7,1","0,3"
3,2,73,3,195,2004-12-01,"22,4","29,7",16,26,"5,9","5,9","0,3"
3,2,74,3,430,2003-03-07,"16,2","27,4",1,"0,1","19,9","19,9",0
3,2,74,3,430,2003-03-07,"16,2","27,4",2,"0,7","16,9","16,9",0
3,2,74,3,430,2003-03-07,"16,2","27,4",3,"1,3","16,2","16,2",0
3,2,74,3,430,2003-03-07,"16,2","27,4",4,2,15,15,0
3,2,74,3,430,2003-03-07,"16,2","27,4",5,4,"14,3","14,3",0
3,2,74,3,430,2003-03-07,"16,2","27,4",6,6,"13,5","13,5",0
3,2,74,3,430,2003-03-07,"16,2","27,4",7,8,"12,8","12,8",0
3,2,74,3,430,2003-03-07,"16,2","27,4",8,10,"12,2","12,2",0
3,2,74,3,430,2003-03-07,"16,2","27,4",9,12,"11,3","11,3",0
3,2,74,3,430,2003-03-07,"16,2","27,4",10,14,"10,2","10,2",0
3,2,74,3,430,2003-03-07,"16,2","27,4",11,16,"9,2","9,2",0
3,2,74,3,430,2003-03-07,"16,2","27,4",12,18,"8,3","8,3",0
3,2,74,3,430,2003-03-07,"16,2","27,4",13,20,"7,2","7,2",0
3,2,74,3,430,2003-03-07,"16,2","27,4",14,22,6,6,0
3,2,74,3,430,2003-03-07,"16,2","27,4",15,24,"4,3","4,3",0
3,2,74,3,430,2003-03-07,"16,2","27,4",16,26,"2,3","2,3",0
3,2,75,3,476,2005-09-05,"9,9","20,1",1,"0,1","11,75","11,75","0,8"
3,2,75,3,476,2005-09-05,"9,9","20,1",2,"0,7","10,25","10,25","0,3"
3,2,75,3,476,2005-09-05,"9,9","20,1",3,"1,3","9,9","9,9","0,3"
3,2,75,3,476,2005-09-05,"9,9","20,1",4,2,"9,6","9,6","0,3"
3,2,75,3,476,2005-09-05,"9,9","20,1",5,4,"8,8","8,8","0,3"
3,2,75,3,476,2005-09-05,"9,9","20,1",6,6,"8,2","8,2","0,3"
3,2,75,3,476,2005-09-05,"9,9","20,1",7,8,"7,5","7,5","0,3"
3,2,75,3,476,2005-09-05,"9,9","20,1",8,10,"6,6","6,6","0,2"
3,2,75,3,476,2005-09-05,"9,9","20,1",9,12,"5,6","5,6","0,2"
3,2,75,3,476,2005-09-05,"9,9","20,1",10,14,"4,8","4,8","0,2"
3,2,75,3,476,2005-09-05,"9,9","20,1",11,16,"3,8","3,8","0,2"
3,2,76,3,482,2005-09-05,"18,5","24,6",1,"0,1","24,15","24,15","1,9"
3,2,76,3,482,2005-09-05,"18,5","24,6",2,"0,7",19,19,"0,6"
3,2,76,3,482,2005-09-05,"18,5","24,6",3,"1,3","18,5","18,5","0,6"
3,2,76,3,482,2005-09-05,"18,5","24,6",4,2,"17,1","17,1","0,5"
3,2,76,3,482,2005-09-05,"18,5","24,6",5,4,"15,4","15,4","0,5"
3,2,76,3,482,2005-09-05,"18,5","24,6",6,6,"14,8","14,8","0,5"
3,2,76,3,482,2005-09-05,"18,5","24,6",7,8,14,14,"0,4"
3,2,76,3,482,2005-09-05,"18,5","24,6",8,10,"12,7","12,7","0,4"
3,2,76,3,482,2005-09-05,"18,5","24,6",9,12,"11,7","11,7","0,4"
3,2,76,3,482,2005-09-05,"18,5","24,6",10,14,"10,6","10,6","0,4"
3,2,76,3,482,2005-09-05,"18,5","24,6",11,16,"9,2","9,2","0,4"
3,2,76,3,482,2005-09-05,"18,5","24,6",12,18,"8,3","8,3","0,4"
3,2,76,3,482,2005-09-05,"18,5","24,6",13,20,"6,3","6,3","0,4"
3,2,76,3,482,2005-09-05,"18,5","24,6",14,22,"3,6","3,6","0,2"
3,2,77,3,615,2006-11-03,"17,2","29,6",1,"0,1",21,21,1
3,2,77,3,615,2006-11-03,"17,2","29,6",2,"0,7","18,1","18,1","0,7"
3,2,77,3,615,2006-11-03,"17,2","29,6",3,"1,3","17,2","17,2","0,4"
3,2,77,3,615,2006-11-03,"17,2","29,6",4,2,"16,75","16,75","0,4"
3,2,77,3,615,2006-11-03,"17,2","29,6",5,4,"15,7","15,7","0,4"
3,2,77,3,615,2006-11-03,"17,2","29,6",6,6,"14,75","14,75","0,3"
3,2,77,3,615,2006-11-03,"17,2","29,6",7,8,"14,15","14,15","0,3"
3,2,77,3,615,2006-11-03,"17,2","29,6",8,10,"13,45","13,45","0,3"
3,2,77,3,615,2006-11-03,"17,2","29,6",9,12,"12,25","12,25","0,3"
3,2,77,3,615,2006-11-03,"17,2","29,6",10,14,"11,25","11,25","0,3"
3,2,77,3,615,2006-11-03,"17,2","29,6",11,16,"10,55","10,55","0,2"
3,2,77,3,615,2006-11-03,"17,2","29,6",12,18,"9,35","9,35","0,2"
3,2,77,3,615,2006-11-03,"17,2","29,6",13,20,9,9,"0,2"
3,2,77,3,615,2006-11-03,"17,2","29,6",14,22,"7,3","7,3","0,2"
3,2,77,3,615,2006-11-03,"17,2","29,6",15,24,"5,95","5,95","0,2"
3,2,77,3,615,2006-11-03,"17,2","29,6",16,26,"4,6","4,6","0,2"
3,2,78,3,622,2006-11-03,"16,9","27,6",1,"0,1","20,5","20,5",1
3,2,78,3,622,2006-11-03,"16,9","27,6",2,"0,7",18,18,"0,5"
3,2,78,3,622,2006-11-03,"16,9","27,6",3,"1,3","16,9","16,9","0,4"
3,2,78,3,622,2006-11-03,"16,9","27,6",4,2,"16,3","16,3","0,4"
3,2,78,3,622,2006-11-03,"16,9","27,6",5,4,"15,05","15,05","0,4"
3,2,78,3,622,2006-11-03,"16,9","27,6",6,6,"14,2","14,2","0,4"
3,2,78,3,622,2006-11-03,"16,9","27,6",7,8,"13,45","13,45","0,3"
3,2,78,3,622,2006-11-03,"16,9","27,6",8,10,"12,55","12,55","0,3"
3,2,78,3,622,2006-11-03,"16,9","27,6",9,12,"11,75","11,75","0,3"
3,2,78,3,622,2006-11-03,"16,9","27,6",10,14,"10,6","10,6","0,3"
3,2,78,3,622,2006-11-03,"16,9","27,6",11,16,"9,75","9,75","0,3"
3,2,78,3,622,2006-11-03,"16,9","27,6",12,18,"8,95","8,95","0,3"
3,2,78,3,622,2006-11-03,"16,9","27,6",13,20,"7,4","7,4","0,3"
3,2,78,3,622,2006-11-03,"16,9","27,6",14,22,"6,3","6,3","0,3"
3,2,78,3,622,2006-11-03,"16,9","27,6",15,24,"4,9","4,9","0,2"
3,2,79,3,659,2003-11-10,"17,1","27,3",1,"0,1","21,4","21,4","1,1"
3,2,79,3,659,2003-11-10,"17,1","27,3",2,"0,7",18,18,"0,7"
3,2,79,3,659,2003-11-10,"17,1","27,3",3,"1,3","17,1","17,1","0,5"
3,2,79,3,659,2003-11-10,"17,1","27,3",4,2,"15,1","15,1","0,5"
3,2,79,3,659,2003-11-10,"17,1","27,3",5,4,"14,5","14,5","0,4"
3,2,79,3,659,2003-11-10,"17,1","27,3",6,6,14,14,"0,4"
3,2,79,3,659,2003-11-10,"17,1","27,3",7,8,"13,1","13,1","0,4"
3,2,79,3,659,2003-11-10,"17,1","27,3",8,10,"12,7","12,7","0,3"
3,2,79,3,659,2003-11-10,"17,1","27,3",9,12,"11,7","11,7","0,3"
3,2,79,3,659,2003-11-10,"17,1","27,3",10,14,"10,4","10,4","0,3"
3,2,79,3,659,2003-11-10,"17,1","27,3",11,16,"9,6","9,6","0,3"
3,2,79,3,659,2003-11-10,"17,1","27,3",12,18,"8,4","8,4","0,3"
3,2,79,3,659,2003-11-10,"17,1","27,3",13,20,"7,3","7,3","0,3"
3,2,79,3,659,2003-11-10,"17,1","27,3",14,22,"6,1","6,1","0,2"
3,2,79,3,659,2003-11-10,"17,1","27,3",15,24,"4,4","4,4","0,2"
3,2,81,3,703,2003-08-10,20,"26,3",1,"0,1",22,22,"0,7"
3,2,81,3,703,2003-08-10,20,"26,3",2,"0,7","21,5","21,5","0,5"
3,2,81,3,703,2003-08-10,20,"26,3",3,"1,3",20,20,"0,5"
3,2,81,3,703,2003-08-10,20,"26,3",4,2,"18,8","18,8","0,5"
3,2,81,3,703,2003-08-10,20,"26,3",5,4,"17,5","17,5","0,4"
3,2,81,3,703,2003-08-10,20,"26,3",6,6,"16,7","16,7","0,4"
3,2,81,3,703,2003-08-10,20,"26,3",7,8,"15,7","15,7","0,4"
3,2,81,3,703,2003-08-10,20,"26,3",8,10,"14,2","14,2","0,4"
3,2,81,3,703,2003-08-10,20,"26,3",9,12,"12,8","12,8","0,4"
3,2,81,3,703,2003-08-10,20,"26,3",10,14,"11,8","11,8","0,3"
3,2,81,3,703,2003-08-10,20,"26,3",11,16,10,10,"0,3"
3,2,81,3,703,2003-08-10,20,"26,3",12,18,8,8,"0,3"
3,2,81,3,703,2003-08-10,20,"26,3",13,20,"5,5","5,5","0,3"
3,2,81,3,703,2003-08-10,20,"26,3",14,22,3,3,"0,2"
3,2,82,3,734,2005-09-15,"19,7","26,5",1,"0,1","24,65","24,65","1,5"
3,2,82,3,734,2005-09-15,"19,7","26,5",2,"0,7","20,35","20,35","0,7"
3,2,82,3,734,2005-09-15,"19,7","26,5",3,"1,3","19,7","19,7","0,7"
3,2,82,3,734,2005-09-15,"19,7","26,5",4,2,"19,3","19,3","0,6"
3,2,82,3,734,2005-09-15,"19,7","26,5",5,4,"17,55","17,55","0,5"
3,2,82,3,734,2005-09-15,"19,7","26,5",6,6,"16,75","16,75","0,5"
3,2,82,3,734,2005-09-15,"19,7","26,5",7,8,"15,5","15,5","0,5"
3,2,82,3,734,2005-09-15,"19,7","26,5",8,10,"14,45","14,45","0,4"
3,2,82,3,734,2005-09-15,"19,7","26,5",9,12,"13,65","13,65","0,4"
3,2,82,3,734,2005-09-15,"19,7","26,5",10,14,"12,55","12,55","0,4"
3,2,82,3,734,2005-09-15,"19,7","26,5",11,16,"11,15","11,15","0,4"
3,2,82,3,734,2005-09-15,"19,7","26,5",12,18,"9,9","9,9","0,4"
3,2,82,3,734,2005-09-15,"19,7","26,5",13,20,"8,85","8,85","0,4"
3,2,82,3,734,2005-09-15,"19,7","26,5",14,22,"7,2","7,2","0,3"
3,2,83,3,796,2006-09-22,"19,3","27,7",1,"0,1","24,4","24,4",1
3,2,83,3,796,2006-09-22,"19,3","27,7",2,"0,7","20,5","20,5","0,7"
3,2,83,3,796,2006-09-22,"19,3","27,7",3,"1,3","19,3","19,3","0,7"
3,2,83,3,796,2006-09-22,"19,3","27,7",4,2,18,18,"0,4"
3,2,83,3,796,2006-09-22,"19,3","27,7",5,4,"16,55","16,55","0,4"
3,2,83,3,796,2006-09-22,"19,3","27,7",6,6,"15,85","15,85","0,4"
3,2,83,3,796,2006-09-22,"19,3","27,7",7,8,"14,85","14,85","0,4"
3,2,83,3,796,2006-09-22,"19,3","27,7",8,10,"13,95","13,95","0,4"
3,2,83,3,796,2006-09-22,"19,3","27,7",9,12,"12,8","12,8","0,4"
3,2,83,3,796,2006-09-22,"19,3","27,7",10,14,"11,7","11,7","0,4"
3,2,83,3,796,2006-09-22,"19,3","27,7",11,16,"10,85","10,85","0,3"
3,2,83,3,796,2006-09-22,"19,3","27,7",12,18,"9,85","9,85","0,3"
3,2,83,3,796,2006-09-22,"19,3","27,7",13,20,"8,25","8,25","0,3"
3,2,83,3,796,2006-09-22,"19,3","27,7",14,22,"6,7","6,7","0,3"
3,2,83,3,796,2006-09-22,"19,3","27,7",15,24,"4,9","4,9","0,2"
3,2,84,3,825,2005-03-09,"5,1","8,7",1,"0,1","6,7","6,7","0,6"
3,2,84,3,825,2005-03-09,"5,1","8,7",2,"0,7","5,4","5,4","0,3"
3,2,84,3,825,2005-03-09,"5,1","8,7",3,"1,3","5,1","5,1","0,3"
3,2,84,3,825,2005-03-09,"5,1","8,7",4,2,"4,8","4,8","0,2"
3,2,84,3,825,2005-03-09,"5,1","8,7",5,4,"3,6","3,6","0,2"
3,2,84,3,825,2005-03-09,"5,1","8,7",6,6,"2,8","2,8","0,1"
3,2,86,3,831,2005-03-09,"17,6",27,1,"0,1","22,1","22,1","1,4"
3,2,86,3,831,2005-03-09,"17,6",27,2,"0,7","19,3","19,3","0,9"
3,2,86,3,831,2005-03-09,"17,6",27,3,"1,3","17,6","17,6","0,7"
3,2,86,3,831,2005-03-09,"17,6",27,4,2,16,16,"0,6"
3,2,86,3,831,2005-03-09,"17,6",27,5,4,"14,8","14,8","0,5"
3,2,86,3,831,2005-03-09,"17,6",27,6,6,"14,3","14,3","0,4"
3,2,86,3,831,2005-03-09,"17,6",27,7,8,"13,7","13,7","0,4"
3,2,86,3,831,2005-03-09,"17,6",27,8,10,"12,6","12,6","0,3"
3,2,86,3,831,2005-03-09,"17,6",27,9,12,12,12,"0,3"
3,2,86,3,831,2005-03-09,"17,6",27,10,14,11,11,"0,3"
3,2,86,3,831,2005-03-09,"17,6",27,11,16,10,10,"0,3"
3,2,86,3,831,2005-03-09,"17,6",27,12,18,9,9,"0,3"
3,2,86,3,831,2005-03-09,"17,6",27,13,20,8,8,"0,3"
3,2,86,3,831,2005-03-09,"17,6",27,14,22,"6,6","6,6","0,3"
3,2,86,3,831,2005-03-09,"17,6",27,15,24,5,5,"0,3"
3,2,87,3,837,2006-01-20,"14,7","26,4",1,"0,1","18,9","18,9","0,9"
3,2,87,3,837,2006-01-20,"14,7","26,4",2,"0,7","15,3","15,3","0,6"
3,2,87,3,837,2006-01-20,"14,7","26,4",3,"1,3","14,7","14,7","0,4"
3,2,87,3,837,2006-01-20,"14,7","26,4",4,2,"13,75","13,75","0,4"
3,2,87,3,837,2006-01-20,"14,7","26,4",5,4,"13,7","13,7","0,4"
3,2,87,3,837,2006-01-20,"14,7","26,4",6,6,"12,4","12,4","0,4"
3,2,87,3,837,2006-01-20,"14,7","26,4",7,8,"11,95","11,95","0,4"
3,2,87,3,837,2006-01-20,"14,7","26,4",8,10,"11,05","11,05","0,4"
3,2,87,3,837,2006-01-20,"14,7","26,4",9,12,"10,05","10,05","0,2"
3,2,87,3,837,2006-01-20,"14,7","26,4",10,14,"9,05","9,05","0,2"
3,2,87,3,837,2006-01-20,"14,7","26,4",11,16,"8,3","8,3","0,2"
3,2,87,3,837,2006-01-20,"14,7","26,4",12,18,"7,1","7,1","0,2"
3,2,87,3,837,2006-01-20,"14,7","26,4",13,20,"5,75","5,75","0,2"
3,2,87,3,837,2006-01-20,"14,7","26,4",14,22,"4,65","4,65","0,1"
3,2,89,3,876,2003-04-10,"11,4","17,5",1,"0,1",14,14,"0,8"
3,2,89,3,876,2003-04-10,"11,4","17,5",2,"0,7",12,12,"0,6"
3,2,89,3,876,2003-04-10,"11,4","17,5",3,"1,3","11,4","11,4","0,4"
3,2,89,3,876,2003-04-10,"11,4","17,5",4,2,"10,8","10,8","0,4"
3,2,89,3,876,2003-04-10,"11,4","17,5",5,4,10,10,"0,4"
3,2,89,3,876,2003-04-10,"11,4","17,5",6,6,9,9,"0,4"
3,2,89,3,876,2003-04-10,"11,4","17,5",7,8,8,8,"0,3"
3,2,89,3,876,2003-04-10,"11,4","17,5",8,10,"7,3","7,3","0,3"
3,2,89,3,876,2003-04-10,"11,4","17,5",9,12,6,6,"0,3"
3,2,89,3,876,2003-04-10,"11,4","17,5",10,14,"4,3","4,3","0,2"
3,2,89,3,876,2003-04-10,"11,4","17,5",11,16,"1,8","1,8","0,1"
3,2,90,3,925,2003-10-15,"11,5","18,3",1,"0,1","13,7","13,7","0,8"
3,2,90,3,925,2003-10-15,"11,5","18,3",2,"0,7","12,4","12,4","0,4"
3,2,90,3,925,2003-10-15,"11,5","18,3",3,"1,3","11,5","11,5","0,3"
3,2,90,3,925,2003-10-15,"11,5","18,3",4,2,"10,9","10,9","0,3"
3,2,90,3,925,2003-10-15,"11,5","18,3",5,4,"9,6","9,6","0,3"
3,2,90,3,925,2003-10-15,"11,5","18,3",6,6,"9,3","9,3","0,2"
3,2,90,3,925,2003-10-15,"11,5","18,3",7,8,"8,2","8,2","0,2"
3,2,90,3,925,2003-10-15,"11,5","18,3",8,10,7,7,"0,1"
3,2,90,3,925,2003-10-15,"11,5","18,3",9,12,6,6,"0,1"
3,2,90,3,925,2003-10-15,"11,5","18,3",10,14,"4,3","4,3","0,1"
3,2,90,3,925,2003-10-15,"11,5","18,3",11,16,"2,8","2,8","0,1"
3,2,92,3,1005,2004-12-10,19,"27,4",1,"0,1","23,2","23,2","1,2"
3,2,92,3,1005,2004-12-10,19,"27,4",2,"0,7","20,4","20,4","0,8"
3,2,92,3,1005,2004-12-10,19,"27,4",3,"1,3",19,19,"0,6"
3,2,92,3,1005,2004-12-10,19,"27,4",4,2,"18,6","18,6","0,5"
3,2,92,3,1005,2004-12-10,19,"27,4",5,4,16,16,"0,5"
3,2,92,3,1005,2004-12-10,19,"27,4",6,6,"15,2","15,2","0,5"
3,2,92,3,1005,2004-12-10,19,"27,4",7,8,"14,3","14,3","0,4"
3,2,92,3,1005,2004-12-10,19,"27,4",8,10,"13,6","13,6","0,4"
3,2,92,3,1005,2004-12-10,19,"27,4",9,12,"12,3","12,3","0,4"
3,2,92,3,1005,2004-12-10,19,"27,4",10,14,"11,7","11,7","0,3"
3,2,92,3,1005,2004-12-10,19,"27,4",11,16,10,10,"0,3"
3,2,92,3,1005,2004-12-10,19,"27,4",12,18,"8,8","8,8","0,3"
3,2,92,3,1005,2004-12-10,19,"27,4",13,20,8,8,"0,3"
3,2,92,3,1005,2004-12-10,19,"27,4",14,22,"6,7","6,7","0,2"
3,2,92,3,1005,2004-12-10,19,"27,4",15,24,"5,3","5,3","0,2"
3,2,92,3,1005,2004-12-10,19,"27,4",16,26,"2,2","2,2","0,2"
3,2,93,3,1069,2004-06-10,"21,9","27,8",1,"0,1","26,6","26,6","1,3"
3,2,93,3,1069,2004-06-10,"21,9","27,8",2,"0,7","23,2","23,2",1
3,2,93,3,1069,2004-06-10,"21,9","27,8",3,"1,3","21,9","21,9","0,8"
3,2,93,3,1069,2004-06-10,"21,9","27,8",4,2,"19,8","19,8","0,6"
3,2,93,3,1069,2004-06-10,"21,9","27,8",5,4,18,18,"0,6"
3,2,93,3,1069,2004-06-10,"21,9","27,8",6,6,"17,3","17,3","0,6"
3,2,93,3,1069,2004-06-10,"21,9","27,8",7,8,"16,3","16,3","0,5"
3,2,93,3,1069,2004-06-10,"21,9","27,8",8,10,15,15,"0,5"
3,2,93,3,1069,2004-06-10,"21,9","27,8",9,12,"13,9","13,9","0,5"
3,2,93,3,1069,2004-06-10,"21,9","27,8",10,14,13,13,"0,5"
3,2,93,3,1069,2004-06-10,"21,9","27,8",11,16,"11,6","11,6","0,5"
3,2,93,3,1069,2004-06-10,"21,9","27,8",12,18,"10,3","10,3","0,5"
3,2,93,3,1069,2004-06-10,"21,9","27,8",13,20,"8,4","8,4","0,4"
3,2,93,3,1069,2004-06-10,"21,9","27,8",14,22,"7,7","7,7","0,4"
3,2,93,3,1069,2004-06-10,"21,9","27,8",15,24,"5,7","5,7","0,4"
3,2,93,3,1069,2004-06-10,"21,9","27,8",16,26,3,3,"0,2"
3,2,96,3,1101,2006-04-06,"10,1","20,7",1,"0,1","13,2","13,2","0,6"
3,2,96,3,1101,2006-04-06,"10,1","20,7",2,"0,7","10,4","10,4","0,4"
3,2,96,3,1101,2006-04-06,"10,1","20,7",3,"1,3","10,1","10,1","0,4"
3,2,96,3,1101,2006-04-06,"10,1","20,7",4,2,"9,55","9,55","0,2"
3,2,96,3,1101,2006-04-06,"10,1","20,7",5,4,"8,45","8,45","0,2"
3,2,96,3,1101,2006-04-06,"10,1","20,7",6,6,"8,05","8,05","0,2"
3,2,96,3,1101,2006-04-06,"10,1","20,7",7,8,"7,3","7,3","0,2"
3,2,96,3,1101,2006-04-06,"10,1","20,7",8,10,"6,6","6,6","0,2"
3,2,96,3,1101,2006-04-06,"10,1","20,7",9,12,"5,75","5,75","0,2"
3,2,96,3,1101,2006-04-06,"10,1","20,7",10,14,"4,8","4,8","0,2"
3,2,96,3,1101,2006-04-06,"10,1","20,7",11,16,"3,3","3,3","0,2"
3,2,97,3,1215,2005-05-22,"22,4","29,6",1,"0,1","28,3","28,3","1,2"
3,2,97,3,1215,2005-05-22,"22,4","29,6",2,"0,7","23,8","23,8","0,9"
3,2,97,3,1215,2005-05-22,"22,4","29,6",3,"1,3","22,4","22,4","0,6"
3,2,97,3,1215,2005-05-22,"22,4","29,6",4,2,"20,8","20,8","0,6"
3,2,97,3,1215,2005-05-22,"22,4","29,6",5,4,"19,9","19,9","0,5"
3,2,97,3,1215,2005-05-22,"22,4","29,6",6,6,18,18,"0,4"
3,2,97,3,1215,2005-05-22,"22,4","29,6",7,8,"17,3","17,3","0,4"
3,2,97,3,1215,2005-05-22,"22,4","29,6",8,10,"16,2","16,2","0,4"
3,2,97,3,1215,2005-05-22,"22,4","29,6",9,12,"14,9","14,9","0,3"
3,2,97,3,1215,2005-05-22,"22,4","29,6",10,14,14,14,"0,3"
3,2,97,3,1215,2005-05-22,"22,4","29,6",11,16,"12,9","12,9","0,3"
3,2,97,3,1215,2005-05-22,"22,4","29,6",12,18,"11,7","11,7","0,3"
3,2,97,3,1215,2005-05-22,"22,4","29,6",13,20,"10,7","10,7","0,3"
3,2,97,3,1215,2005-05-22,"22,4","29,6",14,22,9,9,"0,3"
3,2,97,3,1215,2005-05-22,"22,4","29,6",15,24,"7,4","7,4","0,3"
3,2,97,3,1215,2005-05-22,"22,4","29,6",16,26,"5,7","5,7","0,3"
3,2,98,3,1216,2005-05-22,"9,9","19,1",1,"0,1","12,2","12,2","0,6"
3,2,98,3,1216,2005-05-22,"9,9","19,1",2,"0,7","10,2","10,2","0,5"
3,2,98,3,1216,2005-05-22,"9,9","19,1",3,"1,3","9,9","9,9","0,4"
3,2,98,3,1216,2005-05-22,"9,9","19,1",4,2,"9,8","9,8","0,3"
3,2,98,3,1216,2005-05-22,"9,9","19,1",5,4,"9,3","9,3","0,2"
3,2,98,3,1216,2005-05-22,"9,9","19,1",6,6,"8,3","8,3","0,2"
3,2,98,3,1216,2005-05-22,"9,9","19,1",7,8,"7,5","7,5","0,2"
3,2,98,3,1216,2005-05-22,"9,9","19,1",8,10,"6,7","6,7","0,2"
3,2,98,3,1216,2005-05-22,"9,9","19,1",9,12,"5,8","5,8","0,2"
3,2,98,3,1216,2005-05-22,"9,9","19,1",10,14,"4,6","4,6","0,2"
3,2,99,3,1316,2005-04-22,"7,3","14,9",1,"0,1","9,1","9,1","0,6"
3,2,99,3,1316,2005-04-22,"7,3","14,9",2,"0,7","7,7","7,7","0,3"
3,2,99,3,1316,2005-04-22,"7,3","14,9",3,"1,3","7,3","7,3","0,3"
3,2,99,3,1316,2005-04-22,"7,3","14,9",4,2,7,7,"0,2"
3,2,99,3,1316,2005-04-22,"7,3","14,9",5,4,"6,3","6,3","0,2"
3,2,99,3,1316,2005-04-22,"7,3","14,9",6,6,"5,9","5,9","0,2"
3,2,99,3,1316,2005-04-22,"7,3","14,9",7,8,5,5,"0,2"
3,2,99,3,1316,2005-04-22,"7,3","14,9",8,10,"4,3","4,3","0,2"
3,2,99,3,1316,2005-04-22,"7,3","14,9",9,12,3,3,"0,2"
3,2,100,3,1327,2006-04-26,"14,5",27,1,"0,1","18,2","18,2","1,2"
3,2,100,3,1327,2006-04-26,"14,5",27,2,"0,7","14,7","14,7","0,5"
3,2,100,3,1327,2006-04-26,"14,5",27,3,"1,3","14,5","14,5","0,4"
3,2,100,3,1327,2006-04-26,"14,5",27,4,2,"13,8","13,8","0,4"
3,2,100,3,1327,2006-04-26,"14,5",27,5,4,"13,15","13,15","0,4"
3,2,100,3,1327,2006-04-26,"14,5",27,6,6,"12,45","12,45","0,3"
3,2,100,3,1327,2006-04-26,"14,5",27,7,8,"11,95","11,95","0,3"
3,2,100,3,1327,2006-04-26,"14,5",27,8,10,"10,95","10,95","0,3"
3,2,100,3,1327,2006-04-26,"14,5",27,9,12,"10,25","10,25","0,2"
3,2,100,3,1327,2006-04-26,"14,5",27,10,14,"8,9","8,9","0,2"
3,2,100,3,1327,2006-04-26,"14,5",27,11,16,"8,15","8,15","0,2"
3,2,100,3,1327,2006-04-26,"14,5",27,12,18,"6,95","6,95","0,2"
3,2,100,3,1327,2006-04-26,"14,5",27,13,20,"5,75","5,75","0,2"
3,2,100,3,1327,2006-04-26,"14,5",27,14,22,"4,8","4,8","0,2"
3,2,100,3,1327,2006-04-26,"14,5",27,15,24,"3,3","3,3","0,2"
3,2,102,3,1332,2006-04-26,"23,9","30,9",1,"0,1","31,2","31,2","1,2"
3,2,102,3,1332,2006-04-26,"23,9","30,9",2,"0,7","25,6","25,6",1
3,2,102,3,1332,2006-04-26,"23,9","30,9",3,"1,3","23,9","23,9","0,6"
3,2,102,3,1332,2006-04-26,"23,9","30,9",4,2,"23,1","23,1","0,5"
3,2,102,3,1332,2006-04-26,"23,9","30,9",5,4,"20,9","20,9","0,5"
3,2,102,3,1332,2006-04-26,"23,9","30,9",6,6,"20,2","20,2","0,5"
3,2,102,3,1332,2006-04-26,"23,9","30,9",7,8,"19,1","19,1","0,5"
3,2,102,3,1332,2006-04-26,"23,9","30,9",8,10,18,18,"0,5"
3,2,102,3,1332,2006-04-26,"23,9","30,9",9,12,"16,55","16,55","0,4"
3,2,102,3,1332,2006-04-26,"23,9","30,9",10,14,"15,45","15,45","0,4"
3,2,102,3,1332,2006-04-26,"23,9","30,9",11,16,"14,6","14,6","0,4"
3,2,102,3,1332,2006-04-26,"23,9","30,9",12,18,"13,05","13,05","0,4"
3,2,102,3,1332,2006-04-26,"23,9","30,9",13,20,"11,85","11,85","0,4"
3,2,102,3,1332,2006-04-26,"23,9","30,9",14,22,"10,4","10,4","0,4"
3,2,102,3,1332,2006-04-26,"23,9","30,9",15,24,"8,9","8,9","0,4"
3,2,102,3,1332,2006-04-26,"23,9","30,9",16,26,"6,6","6,6","0,4"
3,2,102,3,1332,2006-04-26,"23,9","30,9",17,28,"4,5","4,5","0,2"
3,2,103,3,1348,2005-05-25,"9,5","20,9",1,"0,1","11,7","11,7","0,8"
3,2,103,3,1348,2005-05-25,"9,5","20,9",2,"0,7","9,7","9,7","0,6"
3,2,103,3,1348,2005-05-25,"9,5","20,9",3,"1,3","9,5","9,5","0,4"
3,2,103,3,1348,2005-05-25,"9,5","20,9",4,2,"9,1","9,1","0,3"
3,2,103,3,1348,2005-05-25,"9,5","20,9",5,4,"8,5","8,5","0,3"
3,2,103,3,1348,2005-05-25,"9,5","20,9",6,6,8,8,"0,3"
3,2,103,3,1348,2005-05-25,"9,5","20,9",7,8,"7,3","7,3","0,3"
3,2,103,3,1348,2005-05-25,"9,5","20,9",8,10,"6,8","6,8","0,3"
3,2,103,3,1348,2005-05-25,"9,5","20,9",9,12,"6,2","6,2","0,3"
3,2,103,3,1348,2005-05-25,"9,5","20,9",10,14,5,5,"0,2"
3,2,103,3,1348,2005-05-25,"9,5","20,9",11,16,4,4,"0,2"
3,2,104,3,1352,2005-05-25,"17,7","26,9",1,"0,1","23,3","23,3",1
3,2,104,3,1352,2005-05-25,"17,7","26,9",2,"0,7","18,8","18,8","0,6"
3,2,104,3,1352,2005-05-25,"17,7","26,9",3,"1,3","17,7","17,7","0,5"
3,2,104,3,1352,2005-05-25,"17,7","26,9",4,2,"17,3","17,3","0,5"
3,2,104,3,1352,2005-05-25,"17,7","26,9",5,4,"16,2","16,2","0,4"
3,2,104,3,1352,2005-05-25,"17,7","26,9",6,6,"15,3","15,3","0,4"
3,2,104,3,1352,2005-05-25,"17,7","26,9",7,8,"14,4","14,4","0,4"
3,2,104,3,1352,2005-05-25,"17,7","26,9",8,10,"13,5","13,5","0,4"
3,2,104,3,1352,2005-05-25,"17,7","26,9",9,12,12,12,"0,4"
3,2,104,3,1352,2005-05-25,"17,7","26,9",10,14,"11,2","11,2","0,4"
3,2,104,3,1352,2005-05-25,"17,7","26,9",11,16,"10,2","10,2","0,4"
3,2,104,3,1352,2005-05-25,"17,7","26,9",12,18,9,9,"0,4"
3,2,104,3,1352,2005-05-25,"17,7","26,9",13,20,8,8,"0,4"
3,2,104,3,1352,2005-05-25,"17,7","26,9",14,22,"6,2","6,2","0,4"
3,2,104,3,1352,2005-05-25,"17,7","26,9",15,24,4,4,"0,2"
3,2,105,3,1405,2003-12-20,"4,5","10,5",1,"0,1","5,7","5,7","0,2"
3,2,105,3,1405,2003-12-20,"4,5","10,5",2,"0,7","4,6","4,6","0,2"
3,2,105,3,1405,2003-12-20,"4,5","10,5",3,"1,3","4,5","4,5","0,1"
3,2,105,3,1405,2003-12-20,"4,5","10,5",4,2,"4,3","4,3","0,1"
3,2,105,3,1405,2003-12-20,"4,5","10,5",5,4,"3,6","3,6","0,1"
3,2,105,3,1405,2003-12-20,"4,5","10,5",6,6,3,3,"0,1"
3,2,105,3,1405,2003-12-20,"4,5","10,5",7,8,"1,9","1,9","0,1"
3,2,106,3,1406,2003-12-20,"8,2","18,5",1,"0,1","11,3","11,3","0,4"
3,2,106,3,1406,2003-12-20,"8,2","18,5",2,"0,7","8,4","8,4","0,3"
3,2,106,3,1406,2003-12-20,"8,2","18,5",3,"1,3","8,2","8,2","0,3"
3,2,106,3,1406,2003-12-20,"8,2","18,5",4,2,"7,8","7,8","0,3"
3,2,106,3,1406,2003-12-20,"8,2","18,5",5,4,"7,4","7,4","0,3"
3,2,106,3,1406,2003-12-20,"8,2","18,5",6,6,"6,9","6,9","0,3"
3,2,106,3,1406,2003-12-20,"8,2","18,5",7,8,"6,2","6,2","0,2"
3,2,106,3,1406,2003-12-20,"8,2","18,5",8,10,"5,5","5,5","0,2"
3,2,106,3,1406,2003-12-20,"8,2","18,5",9,12,"4,6","4,6","0,2"
3,2,106,3,1406,2003-12-20,"8,2","18,5",10,14,"3,8","3,8","0,2"
3,2,106,3,1406,2003-12-20,"8,2","18,5",11,16,"2,6","2,6","0,2"
3,2,107,3,1419,2005-01-20,"18,1","27,2",1,"0,1","22,9","22,9","1,3"
3,2,107,3,1419,2005-01-20,"18,1","27,2",2,"0,7","19,4","19,4","0,8"
3,2,107,3,1419,2005-01-20,"18,1","27,2",3,"1,3","18,1","18,1","0,5"
3,2,107,3,1419,2005-01-20,"18,1","27,2",4,2,"17,1","17,1","0,5"
3,2,107,3,1419,2005-01-20,"18,1","27,2",5,4,16,16,"0,4"
3,2,107,3,1419,2005-01-20,"18,1","27,2",6,6,"15,6","15,6","0,4"
3,2,107,3,1419,2005-01-20,"18,1","27,2",7,8,"14,7","14,7","0,4"
3,2,107,3,1419,2005-01-20,"18,1","27,2",8,10,"14,1","14,1","0,4"
3,2,107,3,1419,2005-01-20,"18,1","27,2",9,12,"12,8","12,8","0,4"
3,2,107,3,1419,2005-01-20,"18,1","27,2",10,14,"11,3","11,3","0,4"
3,2,107,3,1419,2005-01-20,"18,1","27,2",11,16,"10,6","10,6","0,3"
3,2,107,3,1419,2005-01-20,"18,1","27,2",12,18,"9,2","9,2","0,3"
3,2,107,3,1419,2005-01-20,"18,1","27,2",13,20,8,8,"0,3"
3,2,107,3,1419,2005-01-20,"18,1","27,2",14,22,"6,9","6,9","0,3"
3,2,107,3,1419,2005-01-20,"18,1","27,2",15,24,"4,1","4,1","0,2"
3,2,109,3,1494,2004-11-01,"8,7",18,1,"0,1","10,3","10,3","0,7"
3,2,109,3,1494,2004-11-01,"8,7",18,2,"0,7",9,9,"0,4"
3,2,109,3,1494,2004-11-01,"8,7",18,3,"1,3","8,7","8,7","0,3"
3,2,109,3,1494,2004-11-01,"8,7",18,4,2,"8,3","8,3","0,3"
3,2,109,3,1494,2004-11-01,"8,7",18,5,4,"7,7","7,7","0,3"
3,2,109,3,1494,2004-11-01,"8,7",18,6,6,7,7,"0,3"
3,2,109,3,1494,2004-11-01,"8,7",18,7,8,"6,2","6,2","0,3"
3,2,109,3,1494,2004-11-01,"8,7",18,8,10,"5,3","5,3","0,2"
3,2,109,3,1494,2004-11-01,"8,7",18,9,12,"4,5","4,5","0,2"
3,2,109,3,1494,2004-11-01,"8,7",18,10,14,"3,5","3,5","0,2"
3,2,110,3,1498,2004-11-01,"5,9","13,6",1,"0,1","6,8","6,8","0,3"
3,2,110,3,1498,2004-11-01,"5,9","13,6",2,"0,7","6,1","6,1","0,3"
3,2,110,3,1498,2004-11-01,"5,9","13,6",3,"1,3","5,9","5,9","0,3"
3,2,110,3,1498,2004-11-01,"5,9","13,6",4,2,"5,7","5,7","0,3"
3,2,110,3,1498,2004-11-01,"5,9","13,6",5,4,"5,2","5,2","0,2"
3,2,110,3,1498,2004-11-01,"5,9","13,6",6,6,"4,3","4,3","0,2"
3,2,110,3,1498,2004-11-01,"5,9","13,6",7,8,"3,5","3,5","0,2"
3,2,112,3,1505,2005-10-18,"13,1","25,8",1,"0,1","16,3","16,3","0,9"
3,2,112,3,1505,2005-10-18,"13,1","25,8",2,"0,7","13,5","13,5","0,5"
3,2,112,3,1505,2005-10-18,"13,1","25,8",3,"1,3","13,1","13,1","0,4"
3,2,112,3,1505,2005-10-18,"13,1","25,8",4,2,"12,75","12,75","0,4"
3,2,112,3,1505,2005-10-18,"13,1","25,8",5,4,"11,85","11,85","0,3"
3,2,112,3,1505,2005-10-18,"13,1","25,8",6,6,"10,75","10,75","0,3"
3,2,112,3,1505,2005-10-18,"13,1","25,8",7,8,"10,15","10,15","0,3"
3,2,112,3,1505,2005-10-18,"13,1","25,8",8,10,"9,9","9,9","0,3"
3,2,112,3,1505,2005-10-18,"13,1","25,8",9,12,"9,1","9,1","0,2"
3,2,112,3,1505,2005-10-18,"13,1","25,8",10,14,"8,1","8,1","0,2"
3,2,112,3,1505,2005-10-18,"13,1","25,8",11,16,"7,1","7,1","0,2"
3,2,112,3,1505,2005-10-18,"13,1","25,8",12,18,"6,05","6,05","0,2"
3,2,112,3,1505,2005-10-18,"13,1","25,8",13,20,"5,3","5,3","0,2"
3,2,112,3,1505,2005-10-18,"13,1","25,8",14,22,"3,85","3,85","0,2"
3,2,114,3,1744,2004-04-20,"7,9","15,1",1,"0,1","9,5","9,5","0,4"
3,2,114,3,1744,2004-04-20,"7,9","15,1",2,"0,7","8,9","8,9","0,3"
3,2,114,3,1744,2004-04-20,"7,9","15,1",3,"1,3","7,9","7,9","0,3"
3,2,114,3,1744,2004-04-20,"7,9","15,1",4,2,"7,7","7,7","0,2"
3,2,114,3,1744,2004-04-20,"7,9","15,1",5,4,"6,7","6,7","0,2"
3,2,114,3,1744,2004-04-20,"7,9","15,1",6,6,"6,2","6,2","0,2"
3,2,114,3,1744,2004-04-20,"7,9","15,1",7,8,"5,2","5,2","0,2"
3,2,114,3,1744,2004-04-20,"7,9","15,1",8,10,"3,8","3,8","0,2"
3,2,114,3,1744,2004-04-20,"7,9","15,1",9,12,3,3,"0,2"
3,2,114,3,1744,2004-04-20,"7,9","15,1",10,14,"1,5","1,5","0,1"
3,2,115,3,1802,2004-12-01,"22,6","29,3",1,"0,1","28,8","28,8","1,4"
3,2,115,3,1802,2004-12-01,"22,6","29,3",2,"0,7","25,1","25,1","1,1"
3,2,115,3,1802,2004-12-01,"22,6","29,3",3,"1,3","22,6","22,6","0,8"
3,2,115,3,1802,2004-12-01,"22,6","29,3",4,2,"21,8","21,8","0,6"
3,2,115,3,1802,2004-12-01,"22,6","29,3",5,4,"20,6","20,6","0,6"
3,2,115,3,1802,2004-12-01,"22,6","29,3",6,6,"18,5","18,5","0,6"
3,2,115,3,1802,2004-12-01,"22,6","29,3",7,8,"17,4","17,4","0,5"
3,2,115,3,1802,2004-12-01,"22,6","29,3",8,10,"16,3","16,3","0,5"
3,2,115,3,1802,2004-12-01,"22,6","29,3",9,12,15,15,"0,5"
3,2,115,3,1802,2004-12-01,"22,6","29,3",10,14,"14,3","14,3","0,4"
3,2,115,3,1802,2004-12-01,"22,6","29,3",11,16,"12,8","12,8","0,4"
3,2,115,3,1802,2004-12-01,"22,6","29,3",12,18,"11,5","11,5","0,4"
3,2,115,3,1802,2004-12-01,"22,6","29,3",13,20,"10,4","10,4","0,4"
3,2,115,3,1802,2004-12-01,"22,6","29,3",14,22,"8,8","8,8","0,4"
3,2,115,3,1802,2004-12-01,"22,6","29,3",15,24,"7,8","7,8","0,4"
3,2,115,3,1802,2004-12-01,"22,6","29,3",16,26,"5,8","5,8","0,3"
3,2,115,3,1802,2004-12-01,"22,6","29,3",17,28,"2,3","2,3","0,1"
3,2,118,3,1859,2004-02-15,"10,2","20,3",1,"0,1","13,3","13,3","0,7"
3,2,118,3,1859,2004-02-15,"10,2","20,3",2,"0,7","11,3","11,3","0,7"
3,2,118,3,1859,2004-02-15,"10,2","20,3",3,"1,3","10,2","10,2","0,4"
3,2,118,3,1859,2004-02-15,"10,2","20,3",4,2,"9,3","9,3","0,4"
3,2,118,3,1859,2004-02-15,"10,2","20,3",5,4,"8,7","8,7","0,4"
3,2,118,3,1859,2004-02-15,"10,2","20,3",6,6,"8,3","8,3","0,3"
3,2,118,3,1859,2004-02-15,"10,2","20,3",7,8,"7,5","7,5","0,3"
3,2,118,3,1859,2004-02-15,"10,2","20,3",8,10,"6,6","6,6","0,3"
3,2,118,3,1859,2004-02-15,"10,2","20,3",9,12,"5,4","5,4","0,2"
3,2,118,3,1859,2004-02-15,"10,2","20,3",10,14,"4,8","4,8","0,2"
3,2,118,3,1859,2004-02-15,"10,2","20,3",11,16,"3,8","3,8","0,2"
3,2,118,3,1859,2004-02-15,"10,2","20,3",12,18,"2,8","2,8","0,1"
3,2,119,3,1871,2004-02-15,"19,1",25,1,"0,1",26,26,2
3,2,119,3,1871,2004-02-15,"19,1",25,2,"0,7","21,1","21,1","1,3"
3,2,119,3,1871,2004-02-15,"19,1",25,3,"1,3","19,1","19,1",1
3,2,119,3,1871,2004-02-15,"19,1",25,4,2,"18,1","18,1","0,9"
3,2,119,3,1871,2004-02-15,"19,1",25,5,4,"16,7","16,7","0,8"
3,2,119,3,1871,2004-02-15,"19,1",25,6,6,"15,8","15,8","0,7"
3,2,119,3,1871,2004-02-15,"19,1",25,7,8,"14,6","14,6","0,6"
3,2,119,3,1871,2004-02-15,"19,1",25,8,10,"13,5","13,5","0,5"
3,2,119,3,1871,2004-02-15,"19,1",25,9,12,12,12,"0,5"
3,2,119,3,1871,2004-02-15,"19,1",25,10,14,"11,2","11,2","0,5"
3,2,119,3,1871,2004-02-15,"19,1",25,11,16,"9,6","9,6","0,5"
3,2,119,3,1871,2004-02-15,"19,1",25,12,18,"8,2","8,2","0,4"
3,2,119,3,1871,2004-02-15,"19,1",25,13,20,"6,7","6,7","0,4"
3,2,119,3,1871,2004-02-15,"19,1",25,14,22,"4,6","4,6","0,4"
3,2,119,3,1871,2004-02-15,"19,1",25,15,24,2,2,"0,2"
3,2,120,3,1888,2003-04-30,"7,7","14,6",1,"0,1","10,3","10,3",1
3,2,120,3,1888,2003-04-30,"7,7","14,6",2,"0,7","8,3","8,3","0,9"
3,2,120,3,1888,2003-04-30,"7,7","14,6",3,"1,3","7,7","7,7","0,5"
3,2,120,3,1888,2003-04-30,"7,7","14,6",4,2,7,7,"0,5"
3,2,120,3,1888,2003-04-30,"7,7","14,6",5,4,6,6,"0,3"
3,2,120,3,1888,2003-04-30,"7,7","14,6",6,6,"5,4","5,4","0,3"
3,2,120,3,1888,2003-04-30,"7,7","14,6",7,8,"4,5","4,5","0,2"
3,2,120,3,1888,2003-04-30,"7,7","14,6",8,10,"3,6","3,6","0,2"
3,2,120,3,1888,2003-04-30,"7,7","14,6",9,12,"2,4","2,4","0,1"
5,3,121,5,18,2003-04-25,"8,2","14,4",1,"0,1",11,11,"0,7"
5,3,121,5,18,2003-04-25,"8,2","14,4",2,"0,7","9,9","9,9","0,4"
5,3,121,5,18,2003-04-25,"8,2","14,4",3,"1,3","8,2","8,2","0,3"
5,3,121,5,18,2003-04-25,"8,2","14,4",4,2,"7,3","7,3","0,2"
5,3,121,5,18,2003-04-25,"8,2","14,4",5,4,"6,2","6,2","0,2"
5,3,121,5,18,2003-04-25,"8,2","14,4",6,6,"5,6","5,6","0,2"
5,3,121,5,18,2003-04-25,"8,2","14,4",7,8,"4,6","4,6","0,1"
5,3,121,5,18,2003-04-25,"8,2","14,4",8,10,"3,3","3,3","0,1"
5,3,121,5,18,2003-04-25,"8,2","14,4",9,12,2,2,"0,1"
5,3,122,5,52,2003-04-25,"13,9","24,5",1,"0,1","16,6","16,6","0,7"
5,3,122,5,52,2003-04-25,"13,9","24,5",2,"0,7","14,4","14,4","0,5"
5,3,122,5,52,2003-04-25,"13,9","24,5",3,"1,3","13,9","13,9","0,4"
5,3,122,5,52,2003-04-25,"13,9","24,5",4,2,"13,4","13,4","0,4"
5,3,122,5,52,2003-04-25,"13,9","24,5",5,4,"12,5","12,5","0,4"
5,3,122,5,52,2003-04-25,"13,9","24,5",6,6,"11,7","11,7","0,4"
5,3,122,5,52,2003-04-25,"13,9","24,5",7,8,11,11,"0,4"
5,3,122,5,52,2003-04-25,"13,9","24,5",8,10,"10,5","10,5","0,3"
5,3,122,5,52,2003-04-25,"13,9","24,5",9,12,"9,5","9,5","0,3"
5,3,122,5,52,2003-04-25,"13,9","24,5",10,14,"8,5","8,5","0,3"
5,3,122,5,52,2003-04-25,"13,9","24,5",11,16,"7,1","7,1","0,2"
5,3,122,5,52,2003-04-25,"13,9","24,5",12,18,"6,2","6,2","0,2"
5,3,122,5,52,2003-04-25,"13,9","24,5",13,20,"4,8","4,8","0,2"
5,3,122,5,52,2003-04-25,"13,9","24,5",14,22,"3,6","3,6","0,1"
5,3,125,5,219,2004-04-22,"19,2","29,6",1,"0,1","22,8","22,8","0,6"
5,3,125,5,219,2004-04-22,"19,2","29,6",2,"0,7","20,3","20,3","0,5"
5,3,125,5,219,2004-04-22,"19,2","29,6",3,"1,3","19,2","19,2","0,4"
5,3,125,5,219,2004-04-22,"19,2","29,6",4,2,"18,1","18,1","0,4"
5,3,125,5,219,2004-04-22,"19,2","29,6",5,4,"17,4","17,4","0,4"
5,3,125,5,219,2004-04-22,"19,2","29,6",6,6,"16,9","16,9","0,4"
5,3,125,5,219,2004-04-22,"19,2","29,6",7,8,"15,4","15,4","0,4"
5,3,125,5,219,2004-04-22,"19,2","29,6",8,10,"14,5","14,5","0,4"
5,3,125,5,219,2004-04-22,"19,2","29,6",9,12,"14,3","14,3","0,4"
5,3,125,5,219,2004-04-22,"19,2","29,6",10,14,13,13,"0,4"
5,3,125,5,219,2004-04-22,"19,2","29,6",11,16,"11,9","11,9","0,3"
5,3,125,5,219,2004-04-22,"19,2","29,6",12,18,"10,6","10,6","0,3"
5,3,125,5,219,2004-04-22,"19,2","29,6",13,20,"9,3","9,3","0,3"
5,3,125,5,219,2004-04-22,"19,2","29,6",14,22,8,8,"0,3"
5,3,125,5,219,2004-04-22,"19,2","29,6",15,24,"6,7","6,7","0,3"
5,3,125,5,219,2004-04-22,"19,2","29,6",16,26,5,5,"0,3"
5,3,125,5,219,2004-04-22,"19,2","29,6",17,28,"2,1","2,1","0,1"
5,3,126,5,233,2003-07-15,"28,1","32,1",1,"0,1","34,2","34,2","1,3"
5,3,126,5,233,2003-07-15,"28,1","32,1",2,"0,7","29,6","29,6","0,8"
5,3,126,5,233,2003-07-15,"28,1","32,1",3,"1,3","28,1","28,1","0,8"
5,3,126,5,233,2003-07-15,"28,1","32,1",4,2,"27,3","27,3","0,6"
5,3,126,5,233,2003-07-15,"28,1","32,1",5,4,"24,3","24,3","0,6"
5,3,126,5,233,2003-07-15,"28,1","32,1",6,6,"23,3","23,3","0,5"
5,3,126,5,233,2003-07-15,"28,1","32,1",7,8,"21,4","21,4","0,4"
5,3,126,5,233,2003-07-15,"28,1","32,1",8,10,"20,3","20,3","0,4"
5,3,126,5,233,2003-07-15,"28,1","32,1",9,12,"18,5","18,5","0,4"
5,3,126,5,233,2003-07-15,"28,1","32,1",10,14,"16,8","16,8","0,4"
5,3,126,5,233,2003-07-15,"28,1","32,1",11,16,"16,2","16,2","0,4"
5,3,126,5,233,2003-07-15,"28,1","32,1",12,18,"14,8","14,8","0,4"
5,3,126,5,233,2003-07-15,"28,1","32,1",13,20,"13,4","13,4","0,4"
5,3,126,5,233,2003-07-15,"28,1","32,1",14,22,"11,5","11,5","0,3"
5,3,126,5,233,2003-07-15,"28,1","32,1",15,24,11,11,"0,3"
5,3,126,5,233,2003-07-15,"28,1","32,1",16,26,"8,5","8,5","0,3"
5,3,126,5,233,2003-07-15,"28,1","32,1",17,28,"6,2","6,2","0,3"
5,3,126,5,233,2003-07-15,"28,1","32,1",18,30,"3,2","3,2","0,2"
5,3,127,5,238,2004-04-22,"12,1","22,8",1,"0,1","16,8","16,8","1,4"
5,3,127,5,238,2004-04-22,"12,1","22,8",2,"0,7","13,3","13,3","0,6"
5,3,127,5,238,2004-04-22,"12,1","22,8",3,"1,3","12,1","12,1","0,5"
5,3,127,5,238,2004-04-22,"12,1","22,8",4,2,"11,7","11,7","0,5"
5,3,127,5,238,2004-04-22,"12,1","22,8",5,4,"10,7","10,7","0,5"
5,3,127,5,238,2004-04-22,"12,1","22,8",6,6,"10,3","10,3","0,4"
5,3,127,5,238,2004-04-22,"12,1","22,8",7,8,"9,3","9,3","0,4"
5,3,127,5,238,2004-04-22,"12,1","22,8",8,10,"8,6","8,6","0,3"
5,3,127,5,238,2004-04-22,"12,1","22,8",9,12,"7,6","7,6","0,3"
5,3,127,5,238,2004-04-22,"12,1","22,8",10,14,"6,8","6,8","0,3"
5,3,127,5,238,2004-04-22,"12,1","22,8",11,16,"5,5","5,5","0,3"
5,3,127,5,238,2004-04-22,"12,1","22,8",12,18,"4,2","4,2","0,2"
5,3,127,5,238,2004-04-22,"12,1","22,8",13,20,3,3,"0,2"
5,3,127,5,238,2004-04-22,"12,1","22,8",14,22,"1,1","1,1","0,1"
5,3,129,5,297,2005-03-22,"16,5",26,1,"0,1",20,20,"0,9"
5,3,129,5,297,2005-03-22,"16,5",26,2,"0,7",17,17,"0,7"
5,3,129,5,297,2005-03-22,"16,5",26,3,"1,3","16,5","16,5","0,6"
5,3,129,5,297,2005-03-22,"16,5",26,4,2,"15,8","15,8","0,6"
5,3,129,5,297,2005-03-22,"16,5",26,5,4,"14,6","14,6","0,6"
5,3,129,5,297,2005-03-22,"16,5",26,6,6,"14,4","14,4","0,5"
5,3,129,5,297,2005-03-22,"16,5",26,7,8,"12,8","12,8","0,5"
5,3,129,5,297,2005-03-22,"16,5",26,8,10,"11,8","11,8","0,4"
5,3,129,5,297,2005-03-22,"16,5",26,9,12,"11,2","11,2","0,4"
5,3,129,5,297,2005-03-22,"16,5",26,10,14,10,10,"0,4"
5,3,129,5,297,2005-03-22,"16,5",26,11,16,"8,7","8,7","0,3"
5,3,129,5,297,2005-03-22,"16,5",26,12,18,8,8,"0,3"
5,3,129,5,297,2005-03-22,"16,5",26,13,20,"6,6","6,6","0,3"
5,3,129,5,297,2005-03-22,"16,5",26,14,22,"5,7","5,7","0,2"
5,3,129,5,297,2005-03-22,"16,5",26,15,24,"3,1","3,1","0,2"
5,3,130,5,313,2003-03-20,"23,1",30,1,"0,1","28,5","28,5",1
5,3,130,5,313,2003-03-20,"23,1",30,2,"0,7","24,3","24,3","0,6"
5,3,130,5,313,2003-03-20,"23,1",30,3,"1,3","23,1","23,1","0,6"
5,3,130,5,313,2003-03-20,"23,1",30,4,2,23,23,"0,6"
5,3,130,5,313,2003-03-20,"23,1",30,5,4,20,20,"0,4"
5,3,130,5,313,2003-03-20,"23,1",30,6,6,"19,4","19,4","0,4"
5,3,130,5,313,2003-03-20,"23,1",30,7,8,"18,7","18,7","0,4"
5,3,130,5,313,2003-03-20,"23,1",30,8,10,"16,8","16,8","0,4"
5,3,130,5,313,2003-03-20,"23,1",30,9,12,"16,2","16,2","0,4"
5,3,130,5,313,2003-03-20,"23,1",30,10,14,"15,2","15,2","0,4"
5,3,130,5,313,2003-03-20,"23,1",30,11,16,"13,4","13,4","0,4"
5,3,130,5,313,2003-03-20,"23,1",30,12,18,"12,1","12,1","0,4"
5,3,130,5,313,2003-03-20,"23,1",30,13,20,"10,8","10,8","0,4"
5,3,130,5,313,2003-03-20,"23,1",30,14,22,9,9,"0,3"
5,3,130,5,313,2003-03-20,"23,1",30,15,24,"8,2","8,2","0,3"
5,3,130,5,313,2003-03-20,"23,1",30,16,26,6,6,"0,3"
5,3,130,5,313,2003-03-20,"23,1",30,17,28,"3,2","3,2","0,2"
5,3,131,5,322,2003-03-20,"7,8","15,6",1,"0,1","9,4","9,4","0,3"
5,3,131,5,322,2003-03-20,"7,8","15,6",2,"0,7","8,2","8,2","0,3"
5,3,131,5,322,2003-03-20,"7,8","15,6",3,"1,3","7,8","7,8","0,3"
5,3,131,5,322,2003-03-20,"7,8","15,6",4,2,"7,5","7,5","0,2"
5,3,131,5,322,2003-03-20,"7,8","15,6",5,4,"6,8","6,8","0,2"
5,3,131,5,322,2003-03-20,"7,8","15,6",6,6,6,6,"0,2"
5,3,131,5,322,2003-03-20,"7,8","15,6",7,8,"4,8","4,8","0,2"
5,3,131,5,322,2003-03-20,"7,8","15,6",8,10,"4,3","4,3","0,1"
5,3,131,5,322,2003-03-20,"7,8","15,6",9,12,"3,3","3,3","0,1"
5,3,131,5,322,2003-03-20,"7,8","15,6",10,14,"1,9","1,9","0,1"
5,3,132,5,344,2003-03-20,"11,8","21,5",1,"0,1","14,7","14,7","0,4"
5,3,132,5,344,2003-03-20,"11,8","21,5",2,"0,7","12,2","12,2","0,3"
5,3,132,5,344,2003-03-20,"11,8","21,5",3,"1,3","11,8","11,8","0,3"
5,3,132,5,344,2003-03-20,"11,8","21,5",4,2,"11,5","11,5","0,3"
5,3,132,5,344,2003-03-20,"11,8","21,5",5,4,"11,3","11,3","0,3"
5,3,132,5,344,2003-03-20,"11,8","21,5",6,6,10,10,"0,2"
5,3,132,5,344,2003-03-20,"11,8","21,5",7,8,"9,3","9,3","0,2"
5,3,132,5,344,2003-03-20,"11,8","21,5",8,10,"8,5","8,5","0,2"
5,3,132,5,344,2003-03-20,"11,8","21,5",9,12,"7,5","7,5","0,2"
5,3,132,5,344,2003-03-20,"11,8","21,5",10,14,"6,3","6,3","0,2"
5,3,132,5,344,2003-03-20,"11,8","21,5",11,16,5,5,"0,2"
5,3,132,5,344,2003-03-20,"11,8","21,5",12,18,"3,9","3,9","0,1"
5,3,132,5,344,2003-03-20,"11,8","21,5",13,20,2,2,"0,1"
5,3,133,5,394,2004-07-15,"18,3","25,3",1,"0,1",22,22,"0,8"
5,3,133,5,394,2004-07-15,"18,3","25,3",2,"0,7","18,7","18,7","0,6"
5,3,133,5,394,2004-07-15,"18,3","25,3",3,"1,3","18,3","18,3","0,5"
5,3,133,5,394,2004-07-15,"18,3","25,3",4,2,"17,2","17,2","0,4"
5,3,133,5,394,2004-07-15,"18,3","25,3",5,4,"15,8","15,8","0,4"
5,3,133,5,394,2004-07-15,"18,3","25,3",6,6,"14,6","14,6","0,4"
5,3,133,5,394,2004-07-15,"18,3","25,3",7,8,"14,2","14,2","0,4"
5,3,133,5,394,2004-07-15,"18,3","25,3",8,10,"12,8","12,8","0,4"
5,3,133,5,394,2004-07-15,"18,3","25,3",9,12,"11,6","11,6","0,3"
5,3,133,5,394,2004-07-15,"18,3","25,3",10,14,"10,4","10,4","0,3"
5,3,133,5,394,2004-07-15,"18,3","25,3",11,16,"9,3","9,3","0,3"
5,3,133,5,394,2004-07-15,"18,3","25,3",12,18,"8,3","8,3","0,3"
5,3,133,5,394,2004-07-15,"18,3","25,3",13,20,"6,5","6,5","0,3"
5,3,133,5,394,2004-07-15,"18,3","25,3",14,22,"4,3","4,3","0,2"
5,3,133,5,394,2004-07-15,"18,3","25,3",15,24,"1,9","1,9","0,1"
5,3,135,5,448,2003-03-01,"23,4","31,4",1,"0,1","28,5","28,5",0
5,3,135,5,448,2003-03-01,"23,4","31,4",2,"0,7","25,4","25,4",0
5,3,135,5,448,2003-03-01,"23,4","31,4",3,"1,3","23,4","23,4",0
5,3,135,5,448,2003-03-01,"23,4","31,4",4,2,"22,3","22,3",0
5,3,135,5,448,2003-03-01,"23,4","31,4",5,4,"21,5","21,5",0
5,3,135,5,448,2003-03-01,"23,4","31,4",6,6,"20,4","20,4",0
5,3,135,5,448,2003-03-01,"23,4","31,4",7,8,"19,3","19,3",0
5,3,135,5,448,2003-03-01,"23,4","31,4",8,10,"18,2","18,2",0
5,3,135,5,448,2003-03-01,"23,4","31,4",9,12,"16,8","16,8",0
5,3,135,5,448,2003-03-01,"23,4","31,4",10,14,"16,5","16,5",0
5,3,135,5,448,2003-03-01,"23,4","31,4",11,16,"14,6","14,6",0
5,3,135,5,448,2003-03-01,"23,4","31,4",12,18,"13,3","13,3",0
5,3,135,5,448,2003-03-01,"23,4","31,4",13,20,"12,1","12,1",0
5,3,135,5,448,2003-03-01,"23,4","31,4",14,22,"10,4","10,4",0
5,3,135,5,448,2003-03-01,"23,4","31,4",15,24,"9,3","9,3",0
5,3,135,5,448,2003-03-01,"23,4","31,4",16,26,7,7,0
5,3,135,5,448,2003-03-01,"23,4","31,4",17,28,"5,4","5,4",0
5,3,135,5,448,2003-03-01,"23,4","31,4",18,30,2,2,0
5,3,136,5,490,2003-12-05,"14,8","19,6",1,"0,1",19,19,"1,1"
5,3,136,5,490,2003-12-05,"14,8","19,6",2,"0,7","16,2","16,2","0,9"
5,3,136,5,490,2003-12-05,"14,8","19,6",3,"1,3","14,8","14,8","0,6"
5,3,136,5,490,2003-12-05,"14,8","19,6",4,2,14,14,"0,5"
5,3,136,5,490,2003-12-05,"14,8","19,6",5,4,"12,5","12,5","0,5"
5,3,136,5,490,2003-12-05,"14,8","19,6",6,6,"11,5","11,5","0,4"
5,3,136,5,490,2003-12-05,"14,8","19,6",7,8,"10,4","10,4","0,4"
5,3,136,5,490,2003-12-05,"14,8","19,6",8,10,"9,1","9,1","0,4"
5,3,136,5,490,2003-12-05,"14,8","19,6",9,12,8,8,"0,4"
5,3,136,5,490,2003-12-05,"14,8","19,6",10,14,"6,7","6,7","0,4"
5,3,136,5,490,2003-12-05,"14,8","19,6",11,16,"4,8","4,8","0,3"
5,3,136,5,490,2003-12-05,"14,8","19,6",12,18,2,2,"0,1"
5,3,137,5,498,2003-12-05,"17,4","21,3",1,"0,1","21,2","21,2","1,5"
5,3,137,5,498,2003-12-05,"17,4","21,3",2,"0,7","18,5","18,5","0,8"
5,3,137,5,498,2003-12-05,"17,4","21,3",3,"1,3","17,4","17,4","0,7"
5,3,137,5,498,2003-12-05,"17,4","21,3",4,2,"16,4","16,4","0,5"
5,3,137,5,498,2003-12-05,"17,4","21,3",5,4,"15,4","15,4","0,4"
5,3,137,5,498,2003-12-05,"17,4","21,3",6,6,"14,1","14,1","0,4"
5,3,137,5,498,2003-12-05,"17,4","21,3",7,8,"12,7","12,7","0,4"
5,3,137,5,498,2003-12-05,"17,4","21,3",8,10,"11,4","11,4","0,3"
5,3,137,5,498,2003-12-05,"17,4","21,3",9,12,"10,1","10,1","0,3"
5,3,137,5,498,2003-12-05,"17,4","21,3",10,14,"8,9","8,9","0,3"
5,3,137,5,498,2003-12-05,"17,4","21,3",11,16,"7,4","7,4","0,3"
5,3,137,5,498,2003-12-05,"17,4","21,3",12,18,"5,3","5,3","0,3"
5,3,137,5,498,2003-12-05,"17,4","21,3",13,20,"1,8","1,8","0,2"
5,3,138,5,540,2003-03-01,15,"22,5",1,"0,1","18,3","18,3","0,9"
5,3,138,5,540,2003-03-01,15,"22,5",2,"0,7","16,1","16,1","0,7"
5,3,138,5,540,2003-03-01,15,"22,5",3,"1,3",15,15,"0,4"
5,3,138,5,540,2003-03-01,15,"22,5",4,2,15,15,"0,3"
5,3,138,5,540,2003-03-01,15,"22,5",5,4,"14,3","14,3","0,3"
5,3,138,5,540,2003-03-01,15,"22,5",6,6,"13,1","13,1","0,3"
5,3,138,5,540,2003-03-01,15,"22,5",7,8,"12,7","12,7","0,3"
5,3,138,5,540,2003-03-01,15,"22,5",8,10,"11,6","11,6","0,3"
5,3,138,5,540,2003-03-01,15,"22,5",9,12,"10,2","10,2","0,3"
5,3,138,5,540,2003-03-01,15,"22,5",10,14,9,9,"0,3"
5,3,138,5,540,2003-03-01,15,"22,5",11,16,"7,5","7,5","0,3"
5,3,138,5,540,2003-03-01,15,"22,5",12,18,6,6,"0,3"
5,3,138,5,540,2003-03-01,15,"22,5",13,20,"3,9","3,9","0,2"
5,3,139,5,543,2003-03-01,21,24,1,"0,1","25,2","25,2","1,3"
5,3,139,5,543,2003-03-01,21,24,2,"0,7","23,4","23,4","1,2"
5,3,139,5,543,2003-03-01,21,24,3,"1,3",21,21,"0,6"
5,3,139,5,543,2003-03-01,21,24,4,2,"20,2","20,2","0,5"
5,3,139,5,543,2003-03-01,21,24,5,4,"18,8","18,8","0,5"
5,3,139,5,543,2003-03-01,21,24,6,6,"18,1","18,1","0,5"
5,3,139,5,543,2003-03-01,21,24,7,8,"17,1","17,1","0,5"
5,3,139,5,543,2003-03-01,21,24,8,10,"15,1","15,1","0,4"
5,3,139,5,543,2003-03-01,21,24,9,12,"13,6","13,6","0,4"
5,3,139,5,543,2003-03-01,21,24,10,14,12,12,"0,4"
5,3,139,5,543,2003-03-01,21,24,11,16,"10,4","10,4","0,4"
5,3,139,5,543,2003-03-01,21,24,12,18,"8,5","8,5","0,3"
5,3,139,5,543,2003-03-01,21,24,13,20,"6,1","6,1","0,3"
5,3,139,5,543,2003-03-01,21,24,14,22,"3,2","3,2","0,2"
5,3,140,5,558,2003-03-01,"17,1","21,7",1,"0,1","21,4","21,4","0,8"
5,3,140,5,558,2003-03-01,"17,1","21,7",2,"0,7","18,5","18,5","0,7"
5,3,140,5,558,2003-03-01,"17,1","21,7",3,"1,3","17,1","17,1","0,4"
5,3,140,5,558,2003-03-01,"17,1","21,7",4,2,17,17,"0,4"
5,3,140,5,558,2003-03-01,"17,1","21,7",5,4,16,16,"0,4"
5,3,140,5,558,2003-03-01,"17,1","21,7",6,6,"14,8","14,8","0,4"
5,3,140,5,558,2003-03-01,"17,1","21,7",7,8,"14,1","14,1","0,4"
5,3,140,5,558,2003-03-01,"17,1","21,7",8,10,"12,3","12,3","0,3"
5,3,140,5,558,2003-03-01,"17,1","21,7",9,12,"11,2","11,2","0,3"
5,3,140,5,558,2003-03-01,"17,1","21,7",10,14,"9,6","9,6","0,3"
5,3,140,5,558,2003-03-01,"17,1","21,7",11,16,"8,1","8,1","0,3"
5,3,140,5,558,2003-03-01,"17,1","21,7",12,18,"5,8","5,8","0,3"
5,3,140,5,558,2003-03-01,"17,1","21,7",13,20,"2,6","2,6","0,1"
5,3,141,5,570,2003-03-05,"13,1","19,6",1,"0,1","17,5","17,5","1,2"
5,3,141,5,570,2003-03-05,"13,1","19,6",2,"0,7","15,4","15,4","0,6"
5,3,141,5,570,2003-03-05,"13,1","19,6",3,"1,3","13,1","13,1","0,4"
5,3,141,5,570,2003-03-05,"13,1","19,6",4,2,13,13,"0,4"
5,3,141,5,570,2003-03-05,"13,1","19,6",5,4,"12,9","12,9","0,3"
5,3,141,5,570,2003-03-05,"13,1","19,6",6,6,12,12,"0,3"
5,3,141,5,570,2003-03-05,"13,1","19,6",7,8,11,11,"0,3"
5,3,141,5,570,2003-03-05,"13,1","19,6",8,10,"10,1","10,1","0,3"
5,3,141,5,570,2003-03-05,"13,1","19,6",9,12,"8,5","8,5","0,3"
5,3,141,5,570,2003-03-05,"13,1","19,6",10,14,"7,3","7,3","0,3"
5,3,141,5,570,2003-03-05,"13,1","19,6",11,16,5,5,"0,3"
5,3,141,5,570,2003-03-05,"13,1","19,6",12,18,"2,3","2,3","0,2"
5,3,142,5,635,2006-11-03,"20,8","27,8",1,"0,1","23,2","23,2","0,7"
5,3,142,5,635,2006-11-03,"20,8","27,8",2,"0,7",22,22,"0,6"
5,3,142,5,635,2006-11-03,"20,8","27,8",3,"1,3","20,8","20,8","0,5"
5,3,142,5,635,2006-11-03,"20,8","27,8",4,2,"19,25","19,25","0,5"
5,3,142,5,635,2006-11-03,"20,8","27,8",5,4,"18,6","18,6","0,4"
5,3,142,5,635,2006-11-03,"20,8","27,8",6,6,"17,7","17,7","0,4"
5,3,142,5,635,2006-11-03,"20,8","27,8",7,8,"16,45","16,45","0,4"
5,3,142,5,635,2006-11-03,"20,8","27,8",8,10,"14,9","14,9","0,3"
5,3,142,5,635,2006-11-03,"20,8","27,8",9,12,"14,35","14,35","0,3"
5,3,142,5,635,2006-11-03,"20,8","27,8",10,14,"12,95","12,95","0,3"
5,3,142,5,635,2006-11-03,"20,8","27,8",11,16,"11,5","11,5","0,3"
5,3,142,5,635,2006-11-03,"20,8","27,8",12,18,"10,45","10,45","0,3"
5,3,142,5,635,2006-11-03,"20,8","27,8",13,20,"9,4","9,4","0,3"
5,3,142,5,635,2006-11-03,"20,8","27,8",14,22,"7,35","7,35","0,3"
5,3,142,5,635,2006-11-03,"20,8","27,8",15,24,"5,6","5,6","0,3"
5,3,142,5,635,2006-11-03,"20,8","27,8",16,26,"2,5","2,5","0,2"
5,3,143,5,667,2003-02-15,"21,8","24,2",1,"0,1",27,27,"1,4"
5,3,143,5,667,2003-02-15,"21,8","24,2",2,"0,7","23,2","23,2",1
5,3,143,5,667,2003-02-15,"21,8","24,2",3,"1,3","21,8","21,8","0,6"
5,3,143,5,667,2003-02-15,"21,8","24,2",4,2,"21,5","21,5","0,5"
5,3,143,5,667,2003-02-15,"21,8","24,2",5,4,"19,7","19,7","0,5"
5,3,143,5,667,2003-02-15,"21,8","24,2",6,6,"18,4","18,4","0,5"
5,3,143,5,667,2003-02-15,"21,8","24,2",7,8,"17,8","17,8","0,5"
5,3,143,5,667,2003-02-15,"21,8","24,2",8,10,"16,1","16,1","0,5"
5,3,143,5,667,2003-02-15,"21,8","24,2",9,12,"14,1","14,1","0,5"
5,3,143,5,667,2003-02-15,"21,8","24,2",10,14,13,13,"0,5"
5,3,143,5,667,2003-02-15,"21,8","24,2",11,16,"11,1","11,1","0,5"
5,3,143,5,667,2003-02-15,"21,8","24,2",12,18,9,9,"0,4"
5,3,143,5,667,2003-02-15,"21,8","24,2",13,20,"6,9","6,9","0,4"
5,3,143,5,667,2003-02-15,"21,8","24,2",14,22,"3,4","3,4","0,2"
5,3,145,5,676,2003-02-15,"14,7","25,6",1,"0,1",19,19,1
5,3,145,5,676,2003-02-15,"14,7","25,6",2,"0,7","16,5","16,5","0,9"
5,3,145,5,676,2003-02-15,"14,7","25,6",3,"1,3","14,7","14,7","0,6"
5,3,145,5,676,2003-02-15,"14,7","25,6",4,2,"14,7","14,7","0,5"
5,3,145,5,676,2003-02-15,"14,7","25,6",5,4,"13,6","13,6","0,4"
5,3,145,5,676,2003-02-15,"14,7","25,6",6,6,13,13,"0,4"
5,3,145,5,676,2003-02-15,"14,7","25,6",7,8,"12,6","12,6","0,4"
5,3,145,5,676,2003-02-15,"14,7","25,6",8,10,"11,1","11,1","0,3"
5,3,145,5,676,2003-02-15,"14,7","25,6",9,12,"10,1","10,1","0,3"
5,3,145,5,676,2003-02-15,"14,7","25,6",10,14,"9,3","9,3","0,3"
5,3,145,5,676,2003-02-15,"14,7","25,6",11,16,"8,3","8,3","0,3"
5,3,145,5,676,2003-02-15,"14,7","25,6",12,18,7,7,"0,3"
5,3,145,5,676,2003-02-15,"14,7","25,6",13,20,6,6,"0,3"
5,3,145,5,676,2003-02-15,"14,7","25,6",14,22,"4,4","4,4","0,2"
5,3,145,5,676,2003-02-15,"14,7","25,6",15,24,"2,4","2,4","0,2"
5,3,146,5,683,2003-02-15,"22,2","25,2",1,"0,1","26,7","26,7","1,1"
5,3,146,5,683,2003-02-15,"22,2","25,2",2,"0,7","23,5","23,5","0,9"
5,3,146,5,683,2003-02-15,"22,2","25,2",3,"1,3","22,2","22,2","0,9"
5,3,146,5,683,2003-02-15,"22,2","25,2",4,2,"21,1","21,1","0,7"
5,3,146,5,683,2003-02-15,"22,2","25,2",5,4,"19,8","19,8","0,5"
5,3,146,5,683,2003-02-15,"22,2","25,2",6,6,"18,7","18,7","0,5"
5,3,146,5,683,2003-02-15,"22,2","25,2",7,8,"17,7","17,7","0,5"
5,3,146,5,683,2003-02-15,"22,2","25,2",8,10,"16,3","16,3","0,4"
5,3,146,5,683,2003-02-15,"22,2","25,2",9,12,"14,7","14,7","0,4"
5,3,146,5,683,2003-02-15,"22,2","25,2",10,14,"13,1","13,1","0,4"
5,3,146,5,683,2003-02-15,"22,2","25,2",11,16,"11,3","11,3","0,4"
5,3,146,5,683,2003-02-15,"22,2","25,2",12,18,"9,7","9,7","0,4"
5,3,146,5,683,2003-02-15,"22,2","25,2",13,20,"7,7","7,7","0,3"
5,3,146,5,683,2003-02-15,"22,2","25,2",14,22,5,5,"0,3"
5,3,147,5,717,2003-11-10,"5,4","11,6",1,"0,1","7,9","7,9","0,4"
5,3,147,5,717,2003-11-10,"5,4","11,6",2,"0,7",6,6,"0,3"
5,3,147,5,717,2003-11-10,"5,4","11,6",3,"1,3","5,4","5,4","0,2"
5,3,147,5,717,2003-11-10,"5,4","11,6",4,2,"5,1","5,1","0,2"
5,3,147,5,717,2003-11-10,"5,4","11,6",5,4,"4,5","4,5","0,1"
5,3,147,5,717,2003-11-10,"5,4","11,6",6,6,"3,9","3,9","0,1"
5,3,147,5,717,2003-11-10,"5,4","11,6",7,8,3,3,"0,1"
5,3,148,5,723,2003-11-10,"21,1","22,2",1,"0,1","25,9","25,9","1,8"
5,3,148,5,723,2003-11-10,"21,1","22,2",2,"0,7",22,22,"1,3"
5,3,148,5,723,2003-11-10,"21,1","22,2",3,"1,3","21,1","21,1","1,1"
5,3,148,5,723,2003-11-10,"21,1","22,2",4,2,"19,7","19,7","0,9"
5,3,148,5,723,2003-11-10,"21,1","22,2",5,4,19,19,"0,6"
5,3,148,5,723,2003-11-10,"21,1","22,2",6,6,"18,2","18,2","0,5"
5,3,148,5,723,2003-11-10,"21,1","22,2",7,8,"15,6","15,6","0,4"
5,3,148,5,723,2003-11-10,"21,1","22,2",8,10,"13,8","13,8","0,4"
5,3,148,5,723,2003-11-10,"21,1","22,2",9,12,13,13,"0,4"
5,3,148,5,723,2003-11-10,"21,1","22,2",10,14,"10,4","10,4","0,4"
5,3,148,5,723,2003-11-10,"21,1","22,2",11,16,"9,4","9,4","0,4"
5,3,148,5,723,2003-11-10,"21,1","22,2",12,18,"6,5","6,5","0,3"
5,3,148,5,723,2003-11-10,"21,1","22,2",13,20,"2,7","2,7","0,2"
5,3,149,5,726,2003-08-10,"10,1","18,4",1,"0,1","11,3","11,3","0,6"
5,3,149,5,726,2003-08-10,"10,1","18,4",2,"0,7","10,2","10,2","0,5"
5,3,149,5,726,2003-08-10,"10,1","18,4",3,"1,3","10,1","10,1","0,3"
5,3,149,5,726,2003-08-10,"10,1","18,4",4,2,"9,7","9,7","0,2"
5,3,149,5,726,2003-08-10,"10,1","18,4",5,4,"8,5","8,5","0,2"
5,3,149,5,726,2003-08-10,"10,1","18,4",6,6,"7,8","7,8","0,2"
5,3,149,5,726,2003-08-10,"10,1","18,4",7,8,7,7,"0,1"
5,3,149,5,726,2003-08-10,"10,1","18,4",8,10,"6,1","6,1","0,1"
5,3,149,5,726,2003-08-10,"10,1","18,4",9,12,5,5,"0,1"
5,3,149,5,726,2003-08-10,"10,1","18,4",10,14,"3,7","3,7","0,1"
5,3,149,5,726,2003-08-10,"10,1","18,4",11,16,2,2,"0,1"
5,3,151,5,800,2003-10-20,"13,5","22,5",1,"0,1","16,5","16,5","0,8"
5,3,151,5,800,2003-10-20,"13,5","22,5",2,"0,7",14,14,"0,5"
5,3,151,5,800,2003-10-20,"13,5","22,5",3,"1,3","13,5","13,5","0,5"
5,3,151,5,800,2003-10-20,"13,5","22,5",4,2,"12,5","12,5","0,4"
5,3,151,5,800,2003-10-20,"13,5","22,5",5,4,12,12,"0,3"
5,3,151,5,800,2003-10-20,"13,5","22,5",6,6,"11,6","11,6","0,3"
5,3,151,5,800,2003-10-20,"13,5","22,5",7,8,"10,6","10,6","0,3"
5,3,151,5,800,2003-10-20,"13,5","22,5",8,10,"9,7","9,7","0,3"
5,3,151,5,800,2003-10-20,"13,5","22,5",9,12,"8,7","8,7","0,2"
5,3,151,5,800,2003-10-20,"13,5","22,5",10,14,"7,6","7,6","0,2"
5,3,151,5,800,2003-10-20,"13,5","22,5",11,16,"6,3","6,3","0,2"
5,3,151,5,800,2003-10-20,"13,5","22,5",12,18,"5,2","5,2","0,2"
5,3,151,5,800,2003-10-20,"13,5","22,5",13,20,"3,2","3,2","0,1"
5,3,152,5,950,2004-06-30,"20,7","27,6",1,"0,1","23,8","23,8","1,4"
5,3,152,5,950,2004-06-30,"20,7","27,6",2,"0,7","21,2","21,2","0,9"
5,3,152,5,950,2004-06-30,"20,7","27,6",3,"1,3","20,7","20,7","0,9"
5,3,152,5,950,2004-06-30,"20,7","27,6",4,2,"19,9","19,9","0,7"
5,3,152,5,950,2004-06-30,"20,7","27,6",5,4,"18,7","18,7","0,7"
5,3,152,5,950,2004-06-30,"20,7","27,6",6,6,18,18,"0,7"
5,3,152,5,950,2004-06-30,"20,7","27,6",7,8,"16,3","16,3","0,6"
5,3,152,5,950,2004-06-30,"20,7","27,6",8,10,"15,7","15,7","0,6"
5,3,152,5,950,2004-06-30,"20,7","27,6",9,12,"14,8","14,8","0,6"
5,3,152,5,950,2004-06-30,"20,7","27,6",10,14,"13,1","13,1","0,5"
5,3,152,5,950,2004-06-30,"20,7","27,6",11,16,"12,4","12,4","0,5"
5,3,152,5,950,2004-06-30,"20,7","27,6",12,18,"10,6","10,6","0,5"
5,3,152,5,950,2004-06-30,"20,7","27,6",13,20,"9,4","9,4","0,4"
5,3,152,5,950,2004-06-30,"20,7","27,6",14,22,"7,7","7,7","0,4"
5,3,152,5,950,2004-06-30,"20,7","27,6",15,24,"5,5","5,5","0,3"
5,3,152,5,950,2004-06-30,"20,7","27,6",16,26,"2,7","2,7","0,2"
5,3,154,5,1239,2003-02-15,"6,8","14,7",1,"0,1","8,2","8,2","0,6"
5,3,154,5,1239,2003-02-15,"6,8","14,7",2,"0,7","7,2","7,2","0,3"
5,3,154,5,1239,2003-02-15,"6,8","14,7",3,"1,3","6,8","6,8","0,2"
5,3,154,5,1239,2003-02-15,"6,8","14,7",4,2,"6,7","6,7","0,2"
5,3,154,5,1239,2003-02-15,"6,8","14,7",5,4,"5,9","5,9","0,2"
5,3,154,5,1239,2003-02-15,"6,8","14,7",6,6,"5,7","5,7","0,2"
5,3,154,5,1239,2003-02-15,"6,8","14,7",7,8,"4,7","4,7","0,2"
5,3,154,5,1239,2003-02-15,"6,8","14,7",8,10,"3,8","3,8","0,2"
5,3,154,5,1239,2003-02-15,"6,8","14,7",9,12,"2,9","2,9","0,1"
5,3,155,5,1244,2003-02-15,"22,6","27,1",1,"0,1","29,1","29,1","1,6"
5,3,155,5,1244,2003-02-15,"22,6","27,1",2,"0,7","23,7","23,7","0,9"
5,3,155,5,1244,2003-02-15,"22,6","27,1",3,"1,3","22,6","22,6","0,9"
5,3,155,5,1244,2003-02-15,"22,6","27,1",4,2,"22,4","22,4","0,8"
5,3,155,5,1244,2003-02-15,"22,6","27,1",5,4,"20,7","20,7","0,7"
5,3,155,5,1244,2003-02-15,"22,6","27,1",6,6,"19,1","19,1","0,6"
5,3,155,5,1244,2003-02-15,"22,6","27,1",7,8,"17,7","17,7","0,6"
5,3,155,5,1244,2003-02-15,"22,6","27,1",8,10,"16,4","16,4","0,6"
5,3,155,5,1244,2003-02-15,"22,6","27,1",9,12,"14,8","14,8","0,6"
5,3,155,5,1244,2003-02-15,"22,6","27,1",10,14,"13,7","13,7","0,5"
5,3,155,5,1244,2003-02-15,"22,6","27,1",11,16,"12,2","12,2","0,5"
5,3,155,5,1244,2003-02-15,"22,6","27,1",12,18,"10,7","10,7","0,5"
5,3,155,5,1244,2003-02-15,"22,6","27,1",13,20,"9,3","9,3","0,4"
5,3,155,5,1244,2003-02-15,"22,6","27,1",14,22,"7,7","7,7","0,4"
5,3,155,5,1244,2003-02-15,"22,6","27,1",15,24,"5,1","5,1","0,3"
5,3,156,5,1245,2003-02-15,"21,8","26,5",1,"0,1","28,4","28,4","1,3"
5,3,156,5,1245,2003-02-15,"21,8","26,5",2,"0,7","23,9","23,9",1
5,3,156,5,1245,2003-02-15,"21,8","26,5",3,"1,3","21,8","21,8","0,7"
5,3,156,5,1245,2003-02-15,"21,8","26,5",4,2,"21,3","21,3","0,6"
5,3,156,5,1245,2003-02-15,"21,8","26,5",5,4,"19,2","19,2","0,5"
5,3,156,5,1245,2003-02-15,"21,8","26,5",6,6,"18,2","18,2","0,5"
5,3,156,5,1245,2003-02-15,"21,8","26,5",7,8,17,17,"0,4"
5,3,156,5,1245,2003-02-15,"21,8","26,5",8,10,"15,6","15,6","0,4"
5,3,156,5,1245,2003-02-15,"21,8","26,5",9,12,"14,3","14,3","0,4"
5,3,156,5,1245,2003-02-15,"21,8","26,5",10,14,"12,9","12,9","0,4"
5,3,156,5,1245,2003-02-15,"21,8","26,5",11,16,"11,9","11,9","0,4"
5,3,156,5,1245,2003-02-15,"21,8","26,5",12,18,"10,2","10,2","0,4"
5,3,156,5,1245,2003-02-15,"21,8","26,5",13,20,"8,5","8,5","0,4"
5,3,156,5,1245,2003-02-15,"21,8","26,5",14,22,"6,5","6,5","0,3"
5,3,156,5,1245,2003-02-15,"21,8","26,5",15,24,4,4,"0,3"
5,3,157,5,1251,2003-02-15,"14,1","24,8",1,"0,1","18,2","18,2","0,8"
5,3,157,5,1251,2003-02-15,"14,1","24,8",2,"0,7","15,1","15,1","0,5"
5,3,157,5,1251,2003-02-15,"14,1","24,8",3,"1,3","14,1","14,1","0,4"
5,3,157,5,1251,2003-02-15,"14,1","24,8",4,2,"14,1","14,1","0,4"
5,3,157,5,1251,2003-02-15,"14,1","24,8",5,4,"13,7","13,7","0,4"
5,3,157,5,1251,2003-02-15,"14,1","24,8",6,6,"12,7","12,7","0,3"
5,3,157,5,1251,2003-02-15,"14,1","24,8",7,8,"11,9","11,9","0,3"
5,3,157,5,1251,2003-02-15,"14,1","24,8",8,10,"10,9","10,9","0,3"
5,3,157,5,1251,2003-02-15,"14,1","24,8",9,12,"10,5","10,5","0,3"
5,3,157,5,1251,2003-02-15,"14,1","24,8",10,14,9,9,"0,3"
5,3,157,5,1251,2003-02-15,"14,1","24,8",11,16,"7,8","7,8","0,3"
5,3,157,5,1251,2003-02-15,"14,1","24,8",12,18,"7,3","7,3","0,3"
5,3,157,5,1251,2003-02-15,"14,1","24,8",13,20,"5,7","5,7","0,3"
5,3,157,5,1251,2003-02-15,"14,1","24,8",14,22,"4,3","4,3","0,3"
5,3,158,5,1254,2003-02-15,"4,1","8,7",1,"0,1","5,9","5,9","0,4"
5,3,158,5,1254,2003-02-15,"4,1","8,7",2,"0,7","4,9","4,9","0,2"
5,3,158,5,1254,2003-02-15,"4,1","8,7",3,"1,3","4,1","4,1","0,2"
5,3,158,5,1254,2003-02-15,"4,1","8,7",4,2,"3,9","3,9","0,2"
5,3,158,5,1254,2003-02-15,"4,1","8,7",5,4,"3,3","3,3","0,1"
5,3,158,5,1254,2003-02-15,"4,1","8,7",6,6,"2,5","2,5","0,1"
5,3,159,5,1257,2003-02-15,"10,7","20,6",1,"0,1","13,7","13,7","0,6"
5,3,159,5,1257,2003-02-15,"10,7","20,6",2,"0,7","11,5","11,5","0,5"
5,3,159,5,1257,2003-02-15,"10,7","20,6",3,"1,3","10,7","10,7","0,4"
5,3,159,5,1257,2003-02-15,"10,7","20,6",4,2,"10,3","10,3","0,3"
5,3,159,5,1257,2003-02-15,"10,7","20,6",5,4,"9,9","9,9","0,3"
5,3,159,5,1257,2003-02-15,"10,7","20,6",6,6,9,9,"0,3"
5,3,159,5,1257,2003-02-15,"10,7","20,6",7,8,"8,3","8,3","0,2"
5,3,159,5,1257,2003-02-15,"10,7","20,6",8,10,"7,8","7,8","0,2"
5,3,159,5,1257,2003-02-15,"10,7","20,6",9,12,"6,9","6,9","0,2"
5,3,159,5,1257,2003-02-15,"10,7","20,6",10,14,"5,6","5,6","0,2"
5,3,159,5,1257,2003-02-15,"10,7","20,6",11,16,"4,5","4,5","0,2"
5,3,159,5,1257,2003-02-15,"10,7","20,6",12,18,"3,2","3,2","0,2"
5,3,160,5,1285,2003-02-15,"20,6","23,7",1,"0,1","25,7","25,7","1,4"
5,3,160,5,1285,2003-02-15,"20,6","23,7",2,"0,7","22,2","22,2","0,8"
5,3,160,5,1285,2003-02-15,"20,6","23,7",3,"1,3","20,6","20,6","0,7"
5,3,160,5,1285,2003-02-15,"20,6","23,7",4,2,"19,3","19,3","0,6"
5,3,160,5,1285,2003-02-15,"20,6","23,7",5,4,"18,6","18,6","0,6"
5,3,160,5,1285,2003-02-15,"20,6","23,7",6,6,"17,6","17,6","0,5"
5,3,160,5,1285,2003-02-15,"20,6","23,7",7,8,"16,2","16,2","0,5"
5,3,160,5,1285,2003-02-15,"20,6","23,7",8,10,"14,6","14,6","0,5"
5,3,160,5,1285,2003-02-15,"20,6","23,7",9,12,13,13,"0,4"
5,3,160,5,1285,2003-02-15,"20,6","23,7",10,14,12,12,"0,4"
5,3,160,5,1285,2003-02-15,"20,6","23,7",11,16,"10,1","10,1","0,4"
5,3,160,5,1285,2003-02-15,"20,6","23,7",12,18,"8,1","8,1","0,3"
5,3,160,5,1285,2003-02-15,"20,6","23,7",13,20,"5,9","5,9","0,3"
5,3,160,5,1285,2003-02-15,"20,6","23,7",14,22,"2,4","2,4","0,2"
5,3,164,5,1342,2005-04-22,"20,1",26,1,"0,1","27,2","27,2","1,2"
5,3,164,5,1342,2005-04-22,"20,1",26,2,"0,7","20,9","20,9","0,7"
5,3,164,5,1342,2005-04-22,"20,1",26,3,"1,3","20,1","20,1","0,6"
5,3,164,5,1342,2005-04-22,"20,1",26,4,2,"18,6","18,6","0,5"
5,3,164,5,1342,2005-04-22,"20,1",26,5,4,"17,4","17,4","0,4"
5,3,164,5,1342,2005-04-22,"20,1",26,6,6,17,17,"0,4"
5,3,164,5,1342,2005-04-22,"20,1",26,7,8,"15,8","15,8","0,4"
5,3,164,5,1342,2005-04-22,"20,1",26,8,10,"14,9","14,9","0,4"
5,3,164,5,1342,2005-04-22,"20,1",26,9,12,"12,8","12,8","0,4"
5,3,164,5,1342,2005-04-22,"20,1",26,10,14,"11,6","11,6","0,4"
5,3,164,5,1342,2005-04-22,"20,1",26,11,16,"10,6","10,6","0,3"
5,3,164,5,1342,2005-04-22,"20,1",26,12,18,"9,3","9,3","0,3"
5,3,164,5,1342,2005-04-22,"20,1",26,13,20,8,8,"0,3"
5,3,164,5,1342,2005-04-22,"20,1",26,14,22,"6,2","6,2","0,3"
5,3,164,5,1342,2005-04-22,"20,1",26,15,24,"3,4","3,4","0,2"
5,3,167,5,1523,2004-11-30,"16,3","26,6",1,"0,1","19,5","19,5","0,7"
5,3,167,5,1523,2004-11-30,"16,3","26,6",2,"0,7","17,5","17,5","0,7"
5,3,167,5,1523,2004-11-30,"16,3","26,6",3,"1,3","16,3","16,3","0,5"
5,3,167,5,1523,2004-11-30,"16,3","26,6",4,2,"15,5","15,5","0,4"
5,3,167,5,1523,2004-11-30,"16,3","26,6",5,4,"14,7","14,7","0,4"
5,3,167,5,1523,2004-11-30,"16,3","26,6",6,6,"14,3","14,3","0,4"
5,3,167,5,1523,2004-11-30,"16,3","26,6",7,8,"13,7","13,7","0,4"
5,3,167,5,1523,2004-11-30,"16,3","26,6",8,10,"12,4","12,4","0,4"
5,3,167,5,1523,2004-11-30,"16,3","26,6",9,12,"11,5","11,5","0,4"
5,3,167,5,1523,2004-11-30,"16,3","26,6",10,14,"10,2","10,2","0,3"
5,3,167,5,1523,2004-11-30,"16,3","26,6",11,16,"9,2","9,2","0,3"
5,3,167,5,1523,2004-11-30,"16,3","26,6",12,18,8,8,"0,3"
5,3,167,5,1523,2004-11-30,"16,3","26,6",13,20,"6,5","6,5","0,3"
5,3,167,5,1523,2004-11-30,"16,3","26,6",14,22,5,5,"0,2"
5,3,167,5,1523,2004-11-30,"16,3","26,6",15,24,"3,3","3,3","0,2"
5,3,168,5,1540,2004-11-30,"7,6","16,9",1,"0,1","8,9","8,9","0,4"
5,3,168,5,1540,2004-11-30,"7,6","16,9",2,"0,7","7,9","7,9","0,3"
5,3,168,5,1540,2004-11-30,"7,6","16,9",3,"1,3","7,6","7,6","0,3"
5,3,168,5,1540,2004-11-30,"7,6","16,9",4,2,"7,3","7,3","0,2"
5,3,168,5,1540,2004-11-30,"7,6","16,9",5,4,"6,9","6,9","0,2"
5,3,168,5,1540,2004-11-30,"7,6","16,9",6,6,"6,2","6,2","0,2"
5,3,168,5,1540,2004-11-30,"7,6","16,9",7,8,"5,3","5,3","0,2"
5,3,168,5,1540,2004-11-30,"7,6","16,9",8,10,"4,4","4,4","0,1"
5,3,168,5,1540,2004-11-30,"7,6","16,9",9,12,"3,5","3,5","0,1"
5,3,169,5,1572,2004-04-20,"11,3","22,1",1,"0,1","13,2","13,2","0,8"
5,3,169,5,1572,2004-04-20,"11,3","22,1",2,"0,7","11,9","11,9","0,5"
5,3,169,5,1572,2004-04-20,"11,3","22,1",3,"1,3","11,3","11,3","0,4"
5,3,169,5,1572,2004-04-20,"11,3","22,1",4,2,"10,5","10,5","0,4"
5,3,169,5,1572,2004-04-20,"11,3","22,1",5,4,"10,3","10,3","0,3"
5,3,169,5,1572,2004-04-20,"11,3","22,1",6,6,"9,5","9,5","0,3"
5,3,169,5,1572,2004-04-20,"11,3","22,1",7,8,9,9,"0,3"
5,3,169,5,1572,2004-04-20,"11,3","22,1",8,10,"8,3","8,3","0,2"
5,3,169,5,1572,2004-04-20,"11,3","22,1",9,12,"7,3","7,3","0,2"
5,3,169,5,1572,2004-04-20,"11,3","22,1",10,14,"6,2","6,2","0,2"
5,3,169,5,1572,2004-04-20,"11,3","22,1",11,16,"5,3","5,3","0,2"
5,3,169,5,1572,2004-04-20,"11,3","22,1",12,18,"4,3","4,3","0,2"
5,3,169,5,1572,2004-04-20,"11,3","22,1",13,20,"2,5","2,5","0,1"
5,3,170,5,1574,2004-04-20,"16,3","24,6",1,"0,1",20,20,"1,2"
5,3,170,5,1574,2004-04-20,"16,3","24,6",2,"0,7","17,5","17,5","0,8"
5,3,170,5,1574,2004-04-20,"16,3","24,6",3,"1,3","16,3","16,3","0,6"
5,3,170,5,1574,2004-04-20,"16,3","24,6",4,2,"15,5","15,5","0,5"
5,3,170,5,1574,2004-04-20,"16,3","24,6",5,4,"14,5","14,5","0,4"
5,3,170,5,1574,2004-04-20,"16,3","24,6",6,6,14,14,"0,4"
5,3,170,5,1574,2004-04-20,"16,3","24,6",7,8,13,13,"0,3"
5,3,170,5,1574,2004-04-20,"16,3","24,6",8,10,12,12,"0,3"
5,3,170,5,1574,2004-04-20,"16,3","24,6",9,12,11,11,"0,3"
5,3,170,5,1574,2004-04-20,"16,3","24,6",10,14,10,10,"0,3"
5,3,170,5,1574,2004-04-20,"16,3","24,6",11,16,"8,6","8,6","0,3"
5,3,170,5,1574,2004-04-20,"16,3","24,6",12,18,"7,8","7,8","0,3"
5,3,170,5,1574,2004-04-20,"16,3","24,6",13,20,6,6,"0,2"
5,3,170,5,1574,2004-04-20,"16,3","24,6",14,22,"3,8","3,8","0,2"
5,3,171,5,1598,2004-04-20,10,"20,1",1,"0,1","11,3","11,3","0,6"
5,3,171,5,1598,2004-04-20,10,"20,1",2,"0,7","10,7","10,7","0,3"
5,3,171,5,1598,2004-04-20,10,"20,1",3,"1,3",10,10,"0,3"
5,3,171,5,1598,2004-04-20,10,"20,1",4,2,"9,1","9,1","0,2"
5,3,171,5,1598,2004-04-20,10,"20,1",5,4,"8,9","8,9","0,2"
5,3,171,5,1598,2004-04-20,10,"20,1",6,6,"8,2","8,2","0,2"
5,3,171,5,1598,2004-04-20,10,"20,1",7,8,"7,7","7,7","0,2"
5,3,171,5,1598,2004-04-20,10,"20,1",8,10,7,7,"0,2"
5,3,171,5,1598,2004-04-20,10,"20,1",9,12,6,6,"0,2"
5,3,171,5,1598,2004-04-20,10,"20,1",10,14,5,5,"0,2"
5,3,171,5,1598,2004-04-20,10,"20,1",11,16,"3,8","3,8","0,2"
5,3,171,5,1598,2004-04-20,10,"20,1",12,18,"2,3","2,3","0,1"
5,3,173,5,1652,2004-04-20,"5,3",12,1,"0,1","6,6","6,6","0,5"
5,3,173,5,1652,2004-04-20,"5,3",12,2,"0,7","5,6","5,6","0,3"
5,3,173,5,1652,2004-04-20,"5,3",12,3,"1,3","5,3","5,3","0,2"
5,3,173,5,1652,2004-04-20,"5,3",12,4,2,5,5,"0,2"
5,3,173,5,1652,2004-04-20,"5,3",12,5,4,"4,5","4,5","0,2"
5,3,173,5,1652,2004-04-20,"5,3",12,6,6,"3,8","3,8","0,1"
5,3,173,5,1652,2004-04-20,"5,3",12,7,8,3,3,"0,1"
5,3,173,5,1652,2004-04-20,"5,3",12,8,10,2,2,"0,1"
5,3,175,5,1697,2004-04-20,"21,4","24,3",1,"0,1","25,8","25,8","1,1"
5,3,175,5,1697,2004-04-20,"21,4","24,3",2,"0,7","22,4","22,4",1
5,3,175,5,1697,2004-04-20,"21,4","24,3",3,"1,3","21,4","21,4","0,8"
5,3,175,5,1697,2004-04-20,"21,4","24,3",4,2,"19,8","19,8","0,6"
5,3,175,5,1697,2004-04-20,"21,4","24,3",5,4,"18,2","18,2","0,5"
5,3,175,5,1697,2004-04-20,"21,4","24,3",6,6,"16,8","16,8","0,5"
5,3,175,5,1697,2004-04-20,"21,4","24,3",7,8,16,16,"0,5"
5,3,175,5,1697,2004-04-20,"21,4","24,3",8,10,"14,7","14,7","0,5"
5,3,175,5,1697,2004-04-20,"21,4","24,3",9,12,"13,2","13,2","0,4"
5,3,175,5,1697,2004-04-20,"21,4","24,3",10,14,"11,9","11,9","0,4"
5,3,175,5,1697,2004-04-20,"21,4","24,3",11,16,11,11,"0,4"
5,3,175,5,1697,2004-04-20,"21,4","24,3",12,18,9,9,"0,3"
5,3,175,5,1697,2004-04-20,"21,4","24,3",13,20,"6,4","6,4","0,3"
5,3,175,5,1697,2004-04-20,"21,4","24,3",14,22,"3,1","3,1","0,2"
5,3,177,5,1720,2004-04-20,"13,6","22,9",1,"0,1","16,3","16,3","0,8"
5,3,177,5,1720,2004-04-20,"13,6","22,9",2,"0,7","14,9","14,9","0,6"
5,3,177,5,1720,2004-04-20,"13,6","22,9",3,"1,3","13,6","13,6","0,4"
5,3,177,5,1720,2004-04-20,"13,6","22,9",4,2,"13,2","13,2","0,4"
5,3,177,5,1720,2004-04-20,"13,6","22,9",5,4,"12,6","12,6","0,4"
5,3,177,5,1720,2004-04-20,"13,6","22,9",6,6,"11,7","11,7","0,4"
5,3,177,5,1720,2004-04-20,"13,6","22,9",7,8,"10,9","10,9","0,4"
5,3,177,5,1720,2004-04-20,"13,6","22,9",8,10,"9,8","9,8","0,3"
5,3,177,5,1720,2004-04-20,"13,6","22,9",9,12,"8,8","8,8","0,3"
5,3,177,5,1720,2004-04-20,"13,6","22,9",10,14,"7,5","7,5","0,3"
5,3,177,5,1720,2004-04-20,"13,6","22,9",11,16,"6,2","6,2","0,3"
5,3,177,5,1720,2004-04-20,"13,6","22,9",12,18,"4,7","4,7","0,2"
5,3,177,5,1720,2004-04-20,"13,6","22,9",13,20,"3,8","3,8","0,2"
5,3,178,5,1721,2004-04-20,"17,6","24,3",1,"0,1","22,3","22,3","0,9"
5,3,178,5,1721,2004-04-20,"17,6","24,3",2,"0,7",19,19,"0,7"
5,3,178,5,1721,2004-04-20,"17,6","24,3",3,"1,3","17,6","17,6","0,5"
5,3,178,5,1721,2004-04-20,"17,6","24,3",4,2,"16,9","16,9","0,5"
5,3,178,5,1721,2004-04-20,"17,6","24,3",5,4,"16,1","16,1","0,5"
5,3,178,5,1721,2004-04-20,"17,6","24,3",6,6,"14,9","14,9","0,4"
5,3,178,5,1721,2004-04-20,"17,6","24,3",7,8,"13,3","13,3","0,4"
5,3,178,5,1721,2004-04-20,"17,6","24,3",8,10,"12,5","12,5","0,4"
5,3,178,5,1721,2004-04-20,"17,6","24,3",9,12,"11,4","11,4","0,4"
5,3,178,5,1721,2004-04-20,"17,6","24,3",10,14,"10,2","10,2","0,4"
5,3,178,5,1721,2004-04-20,"17,6","24,3",11,16,"8,5","8,5","0,4"
5,3,178,5,1721,2004-04-20,"17,6","24,3",12,18,7,7,"0,3"
5,3,178,5,1721,2004-04-20,"17,6","24,3",13,20,"5,3","5,3","0,3"
5,3,178,5,1721,2004-04-20,"17,6","24,3",14,22,"3,1","3,1","0,2"
5,3,179,5,1778,2005-03-21,"11,7","22,7",1,"0,1","14,3","14,3","0,9"
5,3,179,5,1778,2005-03-21,"11,7","22,7",2,"0,7","12,4","12,4","0,5"
5,3,179,5,1778,2005-03-21,"11,7","22,7",3,"1,3","11,7","11,7","0,3"
5,3,179,5,1778,2005-03-21,"11,7","22,7",4,2,"11,2","11,2","0,2"
5,3,179,5,1778,2005-03-21,"11,7","22,7",5,4,"10,5","10,5","0,2"
5,3,179,5,1778,2005-03-21,"11,7","22,7",6,6,"9,8","9,8","0,2"
5,3,179,5,1778,2005-03-21,"11,7","22,7",7,8,"9,1","9,1","0,2"
5,3,179,5,1778,2005-03-21,"11,7","22,7",8,10,"8,5","8,5","0,2"
5,3,179,5,1778,2005-03-21,"11,7","22,7",9,12,"7,6","7,6","0,2"
5,3,179,5,1778,2005-03-21,"11,7","22,7",10,14,"6,4","6,4","0,2"
5,3,179,5,1778,2005-03-21,"11,7","22,7",11,16,"5,7","5,7","0,2"
5,3,179,5,1778,2005-03-21,"11,7","22,7",12,18,"4,3","4,3","0,1"
5,3,179,5,1778,2005-03-21,"11,7","22,7",13,20,"3,1","3,1","0,1"
5,3,180,5,1791,2005-02-18,"24,3","28,5",1,"0,1","28,9","28,9","1,2"
5,3,180,5,1791,2005-02-18,"24,3","28,5",2,"0,7","25,5","25,5","0,8"
5,3,180,5,1791,2005-02-18,"24,3","28,5",3,"1,3","24,3","24,3","0,8"
5,3,180,5,1791,2005-02-18,"24,3","28,5",4,2,"23,5","23,5","0,6"
5,3,180,5,1791,2005-02-18,"24,3","28,5",5,4,"21,7","21,7","0,6"
5,3,180,5,1791,2005-02-18,"24,3","28,5",6,6,"19,3","19,3","0,6"
5,3,180,5,1791,2005-02-18,"24,3","28,5",7,8,"18,7","18,7","0,5"
5,3,180,5,1791,2005-02-18,"24,3","28,5",8,10,"17,3","17,3","0,5"
5,3,180,5,1791,2005-02-18,"24,3","28,5",9,12,"15,7","15,7","0,5"
5,3,180,5,1791,2005-02-18,"24,3","28,5",10,14,"14,8","14,8","0,5"
5,3,180,5,1791,2005-02-18,"24,3","28,5",11,16,13,13,"0,5"
5,3,180,5,1791,2005-02-18,"24,3","28,5",12,18,12,12,"0,4"
5,3,180,5,1791,2005-02-18,"24,3","28,5",13,20,"10,5","10,5","0,4"
5,3,180,5,1791,2005-02-18,"24,3","28,5",14,22,"8,3","8,3","0,4"
5,3,180,5,1791,2005-02-18,"24,3","28,5",15,24,"6,4","6,4","0,3"
5,3,180,5,1791,2005-02-18,"24,3","28,5",16,26,"3,9","3,9","0,3"
9,4,181,9,1681,2004-04-21,"3,8",8,1,"0,1","5,8","5,8","0,4"
9,4,181,9,1681,2004-04-21,"3,8",8,2,"0,7","4,3","4,3","0,2"
9,4,181,9,1681,2004-04-21,"3,8",8,3,"1,3","3,8","3,8","0,2"
9,4,181,9,1681,2004-04-21,"3,8",8,4,2,"3,3","3,3","0,2"
9,4,181,9,1681,2004-04-21,"3,8",8,5,4,"2,6","2,6","0,1"
9,4,181,9,1681,2004-04-21,"3,8",8,6,6,"2,1","2,1","0,1"
9,4,182,9,1682,2004-04-21,"8,9","18,3",1,"0,1","11,4","11,4","0,5"
9,4,182,9,1682,2004-04-21,"8,9","18,3",2,"0,7","9,2","9,2","0,5"
9,4,182,9,1682,2004-04-21,"8,9","18,3",3,"1,3","8,9","8,9","0,4"
9,4,182,9,1682,2004-04-21,"8,9","18,3",4,2,"8,7","8,7","0,4"
9,4,182,9,1682,2004-04-21,"8,9","18,3",5,4,"7,8","7,8","0,4"
9,4,182,9,1682,2004-04-21,"8,9","18,3",6,6,"7,3","7,3","0,3"
9,4,182,9,1682,2004-04-21,"8,9","18,3",7,8,"6,5","6,5","0,3"
9,4,182,9,1682,2004-04-21,"8,9","18,3",8,10,"5,6","5,6","0,3"
9,4,182,9,1682,2004-04-21,"8,9","18,3",9,12,5,5,"0,2"
9,4,182,9,1682,2004-04-21,"8,9","18,3",10,14,"3,6","3,6","0,2"
9,4,182,9,1682,2004-04-21,"8,9","18,3",11,16,"2,6","2,6","0,2"
9,4,183,9,1683,2004-04-21,"9,2","18,1",1,"0,1",12,12,"0,6"
9,4,183,9,1683,2004-04-21,"9,2","18,1",2,"0,7","9,6","9,6","0,4"
9,4,183,9,1683,2004-04-21,"9,2","18,1",3,"1,3","9,2","9,2","0,4"
9,4,183,9,1683,2004-04-21,"9,2","18,1",4,2,9,9,"0,3"
9,4,183,9,1683,2004-04-21,"9,2","18,1",5,4,8,8,"0,3"
9,4,183,9,1683,2004-04-21,"9,2","18,1",6,6,"7,9","7,9","0,3"
9,4,183,9,1683,2004-04-21,"9,2","18,1",7,8,"6,7","6,7","0,3"
9,4,183,9,1683,2004-04-21,"9,2","18,1",8,10,"5,9","5,9","0,3"
9,4,183,9,1683,2004-04-21,"9,2","18,1",9,12,"4,7","4,7","0,3"
9,4,183,9,1683,2004-04-21,"9,2","18,1",10,14,"3,4","3,4","0,2"
9,4,183,9,1683,2004-04-21,"9,2","18,1",11,16,"2,1","2,1","0,1"
9,4,184,9,1684,2004-04-21,"12,7","23,5",1,"0,1","15,5","15,5","0,7"
9,4,184,9,1684,2004-04-21,"12,7","23,5",2,"0,7","13,2","13,2","0,6"
9,4,184,9,1684,2004-04-21,"12,7","23,5",3,"1,3","12,7","12,7","0,5"
9,4,184,9,1684,2004-04-21,"12,7","23,5",4,2,"12,4","12,4","0,5"
9,4,184,9,1684,2004-04-21,"12,7","23,5",5,4,"11,9","11,9","0,4"
9,4,184,9,1684,2004-04-21,"12,7","23,5",6,6,"10,9","10,9","0,4"
9,4,184,9,1684,2004-04-21,"12,7","23,5",7,8,"10,6","10,6","0,4"
9,4,184,9,1684,2004-04-21,"12,7","23,5",8,10,"9,3","9,3","0,4"
9,4,184,9,1684,2004-04-21,"12,7","23,5",9,12,"8,3","8,3","0,3"
9,4,184,9,1684,2004-04-21,"12,7","23,5",10,14,"7,3","7,3","0,3"
9,4,184,9,1684,2004-04-21,"12,7","23,5",11,16,"6,4","6,4","0,3"
9,4,184,9,1684,2004-04-21,"12,7","23,5",12,18,"5,9","5,9","0,3"
9,4,184,9,1684,2004-04-21,"12,7","23,5",13,20,4,4,"0,3"
9,4,184,9,1684,2004-04-21,"12,7","23,5",14,22,3,3,"0,2"
9,4,186,9,1686,2004-04-21,"20,4","27,2",1,"0,1",24,24,1
9,4,186,9,1686,2004-04-21,"20,4","27,2",2,"0,7",21,21,"0,8"
9,4,186,9,1686,2004-04-21,"20,4","27,2",3,"1,3","20,4","20,4","0,8"
9,4,186,9,1686,2004-04-21,"20,4","27,2",4,2,"19,2","19,2","0,7"
9,4,186,9,1686,2004-04-21,"20,4","27,2",5,4,18,18,"0,6"
9,4,186,9,1686,2004-04-21,"20,4","27,2",6,6,"16,6","16,6","0,6"
9,4,186,9,1686,2004-04-21,"20,4","27,2",7,8,"16,5","16,5","0,6"
9,4,186,9,1686,2004-04-21,"20,4","27,2",8,10,"15,5","15,5","0,6"
9,4,186,9,1686,2004-04-21,"20,4","27,2",9,12,"13,5","13,5","0,6"
9,4,186,9,1686,2004-04-21,"20,4","27,2",10,14,"12,5","12,5","0,5"
9,4,186,9,1686,2004-04-21,"20,4","27,2",11,16,"11,2","11,2","0,5"
9,4,186,9,1686,2004-04-21,"20,4","27,2",12,18,"9,5","9,5","0,5"
9,4,186,9,1686,2004-04-21,"20,4","27,2",13,20,"7,8","7,8","0,4"
9,4,186,9,1686,2004-04-21,"20,4","27,2",14,22,"6,3","6,3","0,3"
9,4,186,9,1686,2004-04-21,"20,4","27,2",15,24,4,4,"0,2"
9,4,186,9,1686,2004-04-21,"20,4","27,2",16,26,"1,6","1,6","0,1"
9,4,187,9,1687,2004-04-21,"21,2","25,8",1,"0,1","25,8","25,8","0,9"
9,4,187,9,1687,2004-04-21,"21,2","25,8",2,"0,7",22,22,"0,8"
9,4,187,9,1687,2004-04-21,"21,2","25,8",3,"1,3","21,2","21,2","0,6"
9,4,187,9,1687,2004-04-21,"21,2","25,8",4,2,"19,3","19,3","0,6"
9,4,187,9,1687,2004-04-21,"21,2","25,8",5,4,18,18,"0,4"
9,4,187,9,1687,2004-04-21,"21,2","25,8",6,6,"16,6","16,6","0,4"
9,4,187,9,1687,2004-04-21,"21,2","25,8",7,8,"16,2","16,2","0,4"
9,4,187,9,1687,2004-04-21,"21,2","25,8",8,10,"13,5","13,5","0,4"
9,4,187,9,1687,2004-04-21,"21,2","25,8",9,12,13,13,"0,4"
9,4,187,9,1687,2004-04-21,"21,2","25,8",10,14,12,12,"0,4"
9,4,187,9,1687,2004-04-21,"21,2","25,8",11,16,"10,5","10,5","0,4"
9,4,187,9,1687,2004-04-21,"21,2","25,8",12,18,"9,3","9,3","0,4"
9,4,187,9,1687,2004-04-21,"21,2","25,8",13,20,"7,3","7,3","0,4"
9,4,187,9,1687,2004-04-21,"21,2","25,8",14,22,"5,3","5,3","0,3"
9,4,187,9,1687,2004-04-21,"21,2","25,8",15,24,"2,7","2,7","0,2"
9,4,188,9,1688,2005-03-21,"17,7","27,6",1,"0,1","21,4","21,4","1,3"
9,4,188,9,1688,2005-03-21,"17,7","27,6",2,"0,7","18,4","18,4","0,9"
9,4,188,9,1688,2005-03-21,"17,7","27,6",3,"1,3","17,7","17,7","0,8"
9,4,188,9,1688,2005-03-21,"17,7","27,6",4,2,"17,5","17,5","0,8"
9,4,188,9,1688,2005-03-21,"17,7","27,6",5,4,"16,3","16,3","0,5"
9,4,188,9,1688,2005-03-21,"17,7","27,6",6,6,"15,7","15,7","0,5"
9,4,188,9,1688,2005-03-21,"17,7","27,6",7,8,"14,5","14,5","0,5"
9,4,188,9,1688,2005-03-21,"17,7","27,6",8,10,"13,6","13,6","0,4"
9,4,188,9,1688,2005-03-21,"17,7","27,6",9,12,"12,7","12,7","0,4"
9,4,188,9,1688,2005-03-21,"17,7","27,6",10,14,"11,4","11,4","0,4"
9,4,188,9,1688,2005-03-21,"17,7","27,6",11,16,"10,3","10,3","0,4"
9,4,188,9,1688,2005-03-21,"17,7","27,6",12,18,"9,2","9,2","0,4"
9,4,188,9,1688,2005-03-21,"17,7","27,6",13,20,8,8,"0,4"
9,4,188,9,1688,2005-03-21,"17,7","27,6",14,22,"6,7","6,7","0,3"
9,4,188,9,1688,2005-03-21,"17,7","27,6",15,24,"5,4","5,4","0,3"
9,4,188,9,1688,2005-03-21,"17,7","27,6",16,26,"3,5","3,5","0,2"
9,4,189,9,1689,2005-03-21,"7,2","13,7",1,"0,1","10,3","10,3","0,6"
9,4,189,9,1689,2005-03-21,"7,2","13,7",2,"0,7","7,7","7,7","0,4"
9,4,189,9,1689,2005-03-21,"7,2","13,7",3,"1,3","7,2","7,2","0,3"
9,4,189,9,1689,2005-03-21,"7,2","13,7",4,2,"6,8","6,8","0,3"
9,4,189,9,1689,2005-03-21,"7,2","13,7",5,4,6,6,"0,3"
9,4,189,9,1689,2005-03-21,"7,2","13,7",6,6,"5,2","5,2","0,3"
9,4,189,9,1689,2005-03-21,"7,2","13,7",7,8,"4,1","4,1","0,3"
9,4,189,9,1689,2005-03-21,"7,2","13,7",8,10,3,3,"0,2"
9,4,190,9,1690,2005-03-21,"20,4",28,1,"0,1","24,6","24,6","1,3"
9,4,190,9,1690,2005-03-21,"20,4",28,2,"0,7","21,1","21,1","0,7"
9,4,190,9,1690,2005-03-21,"20,4",28,3,"1,3","20,4","20,4","0,7"
9,4,190,9,1690,2005-03-21,"20,4",28,4,2,"19,7","19,7","0,7"
9,4,190,9,1690,2005-03-21,"20,4",28,5,4,"18,2","18,2","0,7"
9,4,190,9,1690,2005-03-21,"20,4",28,6,6,"17,9","17,9","0,5"
9,4,190,9,1690,2005-03-21,"20,4",28,7,8,"17,1","17,1","0,5"
9,4,190,9,1690,2005-03-21,"20,4",28,8,10,"15,5","15,5","0,5"
9,4,190,9,1690,2005-03-21,"20,4",28,9,12,"14,4","14,4","0,5"
9,4,190,9,1690,2005-03-21,"20,4",28,10,14,"13,1","13,1","0,5"
9,4,190,9,1690,2005-03-21,"20,4",28,11,16,12,12,"0,5"
9,4,190,9,1690,2005-03-21,"20,4",28,12,18,11,11,"0,4"
9,4,190,9,1690,2005-03-21,"20,4",28,13,20,9,9,"0,4"
9,4,190,9,1690,2005-03-21,"20,4",28,14,22,"6,2","6,2","0,4"
9,4,190,9,1690,2005-03-21,"20,4",28,15,24,"3,8","3,8","0,2"
9,4,191,9,1691,2005-03-21,24,28,1,"0,1","28,4","28,4","1,3"
9,4,191,9,1691,2005-03-21,24,28,2,"0,7",25,25,1
9,4,191,9,1691,2005-03-21,24,28,3,"1,3",24,24,"0,7"
9,4,191,9,1691,2005-03-21,24,28,4,2,"23,6","23,6","0,6"
9,4,191,9,1691,2005-03-21,24,28,5,4,"21,8","21,8","0,5"
9,4,191,9,1691,2005-03-21,24,28,6,6,"20,2","20,2","0,5"
9,4,191,9,1691,2005-03-21,24,28,7,8,"19,7","19,7","0,5"
9,4,191,9,1691,2005-03-21,24,28,8,10,"18,2","18,2","0,5"
9,4,191,9,1691,2005-03-21,24,28,9,12,17,17,"0,4"
9,4,191,9,1691,2005-03-21,24,28,10,14,"16,2","16,2","0,4"
9,4,191,9,1691,2005-03-21,24,28,11,16,"14,2","14,2","0,4"
9,4,191,9,1691,2005-03-21,24,28,12,18,"12,4","12,4","0,4"
9,4,191,9,1691,2005-03-21,24,28,13,20,11,11,"0,4"
9,4,191,9,1691,2005-03-21,24,28,14,22,"8,2","8,2","0,4"
9,4,191,9,1691,2005-03-21,24,28,15,24,"6,1","6,1","0,3"
9,4,191,9,1691,2005-03-21,24,28,16,26,"3,2","3,2","0,2"
9,4,193,9,1693,2005-03-21,"12,4","23,7",1,"0,1","14,6","14,6","0,8"
9,4,193,9,1693,2005-03-21,"12,4","23,7",2,"0,7",13,13,"0,6"
9,4,193,9,1693,2005-03-21,"12,4","23,7",3,"1,3","12,4","12,4","0,6"
9,4,193,9,1693,2005-03-21,"12,4","23,7",4,2,"12,1","12,1","0,5"
9,4,193,9,1693,2005-03-21,"12,4","23,7",5,4,"11,4","11,4","0,4"
9,4,193,9,1693,2005-03-21,"12,4","23,7",6,6,"10,6","10,6","0,4"
9,4,193,9,1693,2005-03-21,"12,4","23,7",7,8,"9,8","9,8","0,4"
9,4,193,9,1693,2005-03-21,"12,4","23,7",8,10,9,9,"0,3"
9,4,193,9,1693,2005-03-21,"12,4","23,7",9,12,8,8,"0,3"
9,4,193,9,1693,2005-03-21,"12,4","23,7",10,14,"7,2","7,2","0,2"
9,4,193,9,1693,2005-03-21,"12,4","23,7",11,16,"6,2","6,2","0,2"
9,4,193,9,1693,2005-03-21,"12,4","23,7",12,18,"5,1","5,1","0,2"
9,4,193,9,1693,2005-03-21,"12,4","23,7",13,20,4,4,"0,2"
9,4,194,9,1694,2005-03-21,"18,2","27,6",1,"0,1","20,8","20,8",1
9,4,194,9,1694,2005-03-21,"18,2","27,6",2,"0,7","18,8","18,8","0,9"
9,4,194,9,1694,2005-03-21,"18,2","27,6",3,"1,3","18,2","18,2","0,8"
9,4,194,9,1694,2005-03-21,"18,2","27,6",4,2,18,18,"0,6"
9,4,194,9,1694,2005-03-21,"18,2","27,6",5,4,"16,6","16,6","0,4"
9,4,194,9,1694,2005-03-21,"18,2","27,6",6,6,"15,5","15,5","0,4"
9,4,194,9,1694,2005-03-21,"18,2","27,6",7,8,"14,6","14,6","0,4"
9,4,194,9,1694,2005-03-21,"18,2","27,6",8,10,"13,8","13,8","0,4"
9,4,194,9,1694,2005-03-21,"18,2","27,6",9,12,"12,8","12,8","0,4"
9,4,194,9,1694,2005-03-21,"18,2","27,6",10,14,"11,7","11,7","0,4"
9,4,194,9,1694,2005-03-21,"18,2","27,6",11,16,"10,6","10,6","0,4"
9,4,194,9,1694,2005-03-21,"18,2","27,6",12,18,"9,7","9,7","0,4"
9,4,194,9,1694,2005-03-21,"18,2","27,6",13,20,"8,3","8,3","0,3"
9,4,194,9,1694,2005-03-21,"18,2","27,6",14,22,"6,7","6,7","0,3"
9,4,194,9,1694,2005-03-21,"18,2","27,6",15,24,"4,6","4,6","0,2"
9,4,195,9,1695,2005-03-21,"11,2",23,1,"0,1","14,8","14,8","0,7"
9,4,195,9,1695,2005-03-21,"11,2",23,2,"0,7","11,5","11,5","0,4"
9,4,195,9,1695,2005-03-21,"11,2",23,3,"1,3","11,2","11,2","0,4"
9,4,195,9,1695,2005-03-21,"11,2",23,4,2,11,11,"0,4"
9,4,195,9,1695,2005-03-21,"11,2",23,5,4,"10,3","10,3","0,4"
9,4,195,9,1695,2005-03-21,"11,2",23,6,6,"9,8","9,8","0,4"
9,4,195,9,1695,2005-03-21,"11,2",23,7,8,"8,9","8,9","0,4"
9,4,195,9,1695,2005-03-21,"11,2",23,8,10,"8,1","8,1","0,3"
9,4,195,9,1695,2005-03-21,"11,2",23,9,12,"7,3","7,3","0,3"
9,4,195,9,1695,2005-03-21,"11,2",23,10,14,"6,3","6,3","0,3"
9,4,195,9,1695,2005-03-21,"11,2",23,11,16,"5,2","5,2","0,2"
9,4,195,9,1695,2005-03-21,"11,2",23,12,18,"4,3","4,3","0,2"
9,4,195,9,1695,2005-03-21,"11,2",23,13,20,3,3,"0,2"
9,4,196,9,1696,2005-03-21,"9,5","19,3",1,"0,1","11,9","11,9","0,7"
9,4,196,9,1696,2005-03-21,"9,5","19,3",2,"0,7",10,10,"0,5"
9,4,196,9,1696,2005-03-21,"9,5","19,3",3,"1,3","9,5","9,5","0,4"
9,4,196,9,1696,2005-03-21,"9,5","19,3",4,2,"9,2","9,2","0,4"
9,4,196,9,1696,2005-03-21,"9,5","19,3",5,4,"8,7","8,7","0,4"
9,4,196,9,1696,2005-03-21,"9,5","19,3",6,6,8,8,"0,3"
9,4,196,9,1696,2005-03-21,"9,5","19,3",7,8,"7,3","7,3","0,3"
9,4,196,9,1696,2005-03-21,"9,5","19,3",8,10,"6,5","6,5","0,3"
9,4,196,9,1696,2005-03-21,"9,5","19,3",9,12,"5,5","5,5","0,3"
9,4,196,9,1696,2005-03-21,"9,5","19,3",10,14,"4,6","4,6","0,2"
9,4,196,9,1696,2005-03-21,"9,5","19,3",11,16,"3,4","3,4","0,2"
9,4,197,9,1756,2004-04-20,"3,6","7,7",1,"0,1","5,5","5,5","0,4"
9,4,197,9,1756,2004-04-20,"3,6","7,7",2,"0,7",4,4,"0,2"
9,4,197,9,1756,2004-04-20,"3,6","7,7",3,"1,3","3,6","3,6","0,2"
9,4,197,9,1756,2004-04-20,"3,6","7,7",4,2,"3,5","3,5","0,1"
9,4,197,9,1756,2004-04-20,"3,6","7,7",5,4,"2,8","2,8","0,1"
9,4,197,9,1756,2004-04-20,"3,6","7,7",6,6,2,2,"0,1"
9,4,199,9,1758,2004-04-20,"10,3","17,7",1,"0,1","14,2","14,2",1
9,4,199,9,1758,2004-04-20,"10,3","17,7",2,"0,7","11,3","11,3","0,7"
9,4,199,9,1758,2004-04-20,"10,3","17,7",3,"1,3","10,3","10,3","0,4"
9,4,199,9,1758,2004-04-20,"10,3","17,7",4,2,"10,2","10,2","0,4"
9,4,199,9,1758,2004-04-20,"10,3","17,7",5,4,"9,3","9,3","0,4"
9,4,199,9,1758,2004-04-20,"10,3","17,7",6,6,8,8,"0,3"
9,4,199,9,1758,2004-04-20,"10,3","17,7",7,8,7,7,"0,2"
9,4,199,9,1758,2004-04-20,"10,3","17,7",8,10,"6,2","6,2","0,2"
9,4,199,9,1758,2004-04-20,"10,3","17,7",9,12,5,5,"0,2"
9,4,199,9,1758,2004-04-20,"10,3","17,7",10,14,"3,4","3,4","0,2"
9,4,199,9,1758,2004-04-20,"10,3","17,7",11,16,2,2,"0,1"
9,4,202,9,1761,2004-04-20,"19,3",25,1,"0,1","24,1","24,1","1,3"
9,4,202,9,1761,2004-04-20,"19,3",25,2,"0,7","20,8","20,8","0,8"
9,4,202,9,1761,2004-04-20,"19,3",25,3,"1,3","19,3","19,3","0,7"
9,4,202,9,1761,2004-04-20,"19,3",25,4,2,"18,6","18,6","0,7"
9,4,202,9,1761,2004-04-20,"19,3",25,5,4,"17,3","17,3","0,5"
9,4,202,9,1761,2004-04-20,"19,3",25,6,6,"15,7","15,7","0,4"
9,4,202,9,1761,2004-04-20,"19,3",25,7,8,15,15,"0,4"
9,4,202,9,1761,2004-04-20,"19,3",25,8,10,14,14,"0,4"
9,4,202,9,1761,2004-04-20,"19,3",25,9,12,"13,2","13,2","0,4"
9,4,202,9,1761,2004-04-20,"19,3",25,10,14,"11,4","11,4","0,4"
9,4,202,9,1761,2004-04-20,"19,3",25,11,16,10,10,"0,3"
9,4,202,9,1761,2004-04-20,"19,3",25,12,18,8,8,"0,3"
9,4,202,9,1761,2004-04-20,"19,3",25,13,20,"6,6","6,6","0,3"
9,4,202,9,1761,2004-04-20,"19,3",25,14,22,4,4,"0,2"
17,5,205,17,751,2003-11-25,"7,5","12,8",1,"0,1","9,6","9,6","0,6"
17,5,205,17,751,2003-11-25,"7,5","12,8",2,"0,7","7,8","7,8","0,5"
17,5,205,17,751,2003-11-25,"7,5","12,8",3,"1,3","7,5","7,5","0,3"
17,5,205,17,751,2003-11-25,"7,5","12,8",4,2,"6,9","6,9","0,3"
17,5,205,17,751,2003-11-25,"7,5","12,8",5,4,"5,6","5,6","0,2"
17,5,205,17,751,2003-11-25,"7,5","12,8",6,6,"4,7","4,7","0,2"
17,5,205,17,751,2003-11-25,"7,5","12,8",7,8,4,4,"0,2"
17,5,205,17,751,2003-11-25,"7,5","12,8",8,10,"2,6","2,6","0,1"
17,5,206,17,752,2003-11-25,"10,3",17,1,"0,1","12,3","12,3","0,8"
17,5,206,17,752,2003-11-25,"10,3",17,2,"0,7","11,3","11,3","0,5"
17,5,206,17,752,2003-11-25,"10,3",17,3,"1,3","10,3","10,3","0,5"
17,5,206,17,752,2003-11-25,"10,3",17,4,2,"9,4","9,4","0,3"
17,5,206,17,752,2003-11-25,"10,3",17,5,4,"9,2","9,2","0,3"
17,5,206,17,752,2003-11-25,"10,3",17,6,6,8,8,"0,3"
17,5,206,17,752,2003-11-25,"10,3",17,7,8,7,7,"0,2"
17,5,206,17,752,2003-11-25,"10,3",17,8,10,"5,8","5,8","0,2"
17,5,206,17,752,2003-11-25,"10,3",17,9,12,5,5,"0,2"
17,5,206,17,752,2003-11-25,"10,3",17,10,14,"3,6","3,6","0,2"
17,5,207,17,753,2003-11-25,"13,4","18,8",1,"0,1","16,2","16,2","0,9"
17,5,207,17,753,2003-11-25,"13,4","18,8",2,"0,7","14,8","14,8","0,9"
17,5,207,17,753,2003-11-25,"13,4","18,8",3,"1,3","13,4","13,4","0,7"
17,5,207,17,753,2003-11-25,"13,4","18,8",4,2,"12,5","12,5","0,5"
17,5,207,17,753,2003-11-25,"13,4","18,8",5,4,"11,8","11,8","0,4"
17,5,207,17,753,2003-11-25,"13,4","18,8",6,6,"10,7","10,7","0,4"
17,5,207,17,753,2003-11-25,"13,4","18,8",7,8,"9,9","9,9","0,4"
17,5,207,17,753,2003-11-25,"13,4","18,8",8,10,"8,3","8,3","0,3"
17,5,207,17,753,2003-11-25,"13,4","18,8",9,12,"7,2","7,2","0,3"
17,5,207,17,753,2003-11-25,"13,4","18,8",10,14,"5,8","5,8","0,3"
17,5,207,17,753,2003-11-25,"13,4","18,8",11,16,"3,5","3,5","0,2"
17,5,208,17,754,2003-11-25,"16,4","20,1",1,"0,1","19,3","19,3","0,9"
17,5,208,17,754,2003-11-25,"16,4","20,1",2,"0,7","17,8","17,8","0,8"
17,5,208,17,754,2003-11-25,"16,4","20,1",3,"1,3","16,4","16,4","0,6"
17,5,208,17,754,2003-11-25,"16,4","20,1",4,2,15,15,"0,5"
17,5,208,17,754,2003-11-25,"16,4","20,1",5,4,"14,5","14,5","0,5"
17,5,208,17,754,2003-11-25,"16,4","20,1",6,6,"13,5","13,5","0,5"
17,5,208,17,754,2003-11-25,"16,4","20,1",7,8,"11,9","11,9","0,5"
17,5,208,17,754,2003-11-25,"16,4","20,1",8,10,"10,5","10,5","0,4"
17,5,208,17,754,2003-11-25,"16,4","20,1",9,12,"9,2","9,2","0,4"
17,5,208,17,754,2003-11-25,"16,4","20,1",10,14,"6,8","6,8","0,3"
17,5,208,17,754,2003-11-25,"16,4","20,1",11,16,"4,5","4,5","0,3"
17,5,208,17,754,2003-11-25,"16,4","20,1",12,18,2,2,"0,1"
17,5,209,17,755,2003-11-25,19,"19,8",1,"0,1","22,7","22,7","1,4"
17,5,209,17,755,2003-11-25,19,"19,8",2,"0,7","20,2","20,2","0,9"
17,5,209,17,755,2003-11-25,19,"19,8",3,"1,3",19,19,"0,8"
17,5,209,17,755,2003-11-25,19,"19,8",4,2,"17,6","17,6","0,8"
17,5,209,17,755,2003-11-25,19,"19,8",5,4,"15,6","15,6","0,6"
17,5,209,17,755,2003-11-25,19,"19,8",6,6,"14,5","14,5","0,6"
17,5,209,17,755,2003-11-25,19,"19,8",7,8,13,13,"0,6"
17,5,209,17,755,2003-11-25,19,"19,8",8,10,"11,9","11,9","0,5"
17,5,209,17,755,2003-11-25,19,"19,8",9,12,"9,9","9,9","0,5"
17,5,209,17,755,2003-11-25,19,"19,8",10,14,8,8,"0,5"
17,5,209,17,755,2003-11-25,19,"19,8",11,16,"5,1","5,1","0,4"
17,5,209,17,755,2003-11-25,19,"19,8",12,18,"2,1","2,1","0,3"
17,5,210,17,756,2003-11-25,22,"20,3",1,"0,1","25,3","25,3","1,3"
17,5,210,17,756,2003-11-25,22,"20,3",2,"0,7",23,23,1
17,5,210,17,756,2003-11-25,22,"20,3",3,"1,3",22,22,"0,9"
17,5,210,17,756,2003-11-25,22,"20,3",4,2,"20,1","20,1","0,8"
17,5,210,17,756,2003-11-25,22,"20,3",5,4,19,19,"0,8"
17,5,210,17,756,2003-11-25,22,"20,3",6,6,"17,7","17,7","0,6"
17,5,210,17,756,2003-11-25,22,"20,3",7,8,"15,5","15,5","0,6"
17,5,210,17,756,2003-11-25,22,"20,3",8,10,"14,1","14,1","0,6"
17,5,210,17,756,2003-11-25,22,"20,3",9,12,"12,1","12,1","0,6"
17,5,210,17,756,2003-11-25,22,"20,3",10,14,9,9,"0,6"
17,5,210,17,756,2003-11-25,22,"20,3",11,16,"7,5","7,5","0,4"
17,5,210,17,756,2003-11-25,22,"20,3",12,18,"3,8","3,8","0,4"
17,5,212,17,768,2003-11-25,"6,8","11,5",1,"0,1","9,7","9,7","0,7"
17,5,212,17,768,2003-11-25,"6,8","11,5",2,"0,7","7,8","7,8","0,4"
17,5,212,17,768,2003-11-25,"6,8","11,5",3,"1,3","6,8","6,8","0,3"
17,5,212,17,768,2003-11-25,"6,8","11,5",4,2,"6,2","6,2","0,2"
17,5,212,17,768,2003-11-25,"6,8","11,5",5,4,"5,5","5,5","0,2"
17,5,212,17,768,2003-11-25,"6,8","11,5",6,6,"4,5","4,5","0,2"
17,5,212,17,768,2003-11-25,"6,8","11,5",7,8,"3,5","3,5","0,1"
17,5,212,17,768,2003-11-25,"6,8","11,5",8,10,"1,5","1,5","0,1"
17,5,213,17,769,2003-11-25,"9,4",14,1,"0,1","11,3","11,3","0,6"
17,5,213,17,769,2003-11-25,"9,4",14,2,"0,7",10,10,"0,5"
17,5,213,17,769,2003-11-25,"9,4",14,3,"1,3","9,4","9,4","0,4"
17,5,213,17,769,2003-11-25,"9,4",14,4,2,"8,7","8,7","0,4"
17,5,213,17,769,2003-11-25,"9,4",14,5,4,"7,3","7,3","0,3"
17,5,213,17,769,2003-11-25,"9,4",14,6,6,"6,8","6,8","0,3"
17,5,213,17,769,2003-11-25,"9,4",14,7,8,5,5,"0,2"
17,5,213,17,769,2003-11-25,"9,4",14,8,10,"3,8","3,8","0,2"
17,5,213,17,769,2003-11-25,"9,4",14,9,12,"1,8","1,8","0,1"
17,5,214,17,770,2003-11-25,"13,2","20,8",1,"0,1","16,6","16,6","1,1"
17,5,214,17,770,2003-11-25,"13,2","20,8",2,"0,7","14,1","14,1","0,6"
17,5,214,17,770,2003-11-25,"13,2","20,8",3,"1,3","13,2","13,2","0,4"
17,5,214,17,770,2003-11-25,"13,2","20,8",4,2,"12,3","12,3","0,4"
17,5,214,17,770,2003-11-25,"13,2","20,8",5,4,"11,5","11,5","0,3"
17,5,214,17,770,2003-11-25,"13,2","20,8",6,6,"10,9","10,9","0,3"
17,5,214,17,770,2003-11-25,"13,2","20,8",7,8,"9,8","9,8","0,3"
17,5,214,17,770,2003-11-25,"13,2","20,8",8,10,"9,2","9,2","0,3"
17,5,214,17,770,2003-11-25,"13,2","20,8",9,12,8,8,"0,3"
17,5,214,17,770,2003-11-25,"13,2","20,8",10,14,"6,9","6,9","0,3"
17,5,214,17,770,2003-11-25,"13,2","20,8",11,16,"5,7","5,7","0,3"
17,5,214,17,770,2003-11-25,"13,2","20,8",12,18,"3,2","3,2","0,2"
17,5,215,17,771,2003-11-25,"16,2",22,1,"0,1",20,20,"1,1"
17,5,215,17,771,2003-11-25,"16,2",22,2,"0,7","17,1","17,1","0,6"
17,5,215,17,771,2003-11-25,"16,2",22,3,"1,3","16,2","16,2","0,5"
17,5,215,17,771,2003-11-25,"16,2",22,4,2,"15,7","15,7","0,5"
17,5,215,17,771,2003-11-25,"16,2",22,5,4,"14,5","14,5","0,4"
17,5,215,17,771,2003-11-25,"16,2",22,6,6,"13,4","13,4","0,4"
17,5,215,17,771,2003-11-25,"16,2",22,7,8,"12,2","12,2","0,4"
17,5,215,17,771,2003-11-25,"16,2",22,8,10,"10,7","10,7","0,3"
17,5,215,17,771,2003-11-25,"16,2",22,9,12,"9,8","9,8","0,3"
17,5,215,17,771,2003-11-25,"16,2",22,10,14,"8,2","8,2","0,3"
17,5,215,17,771,2003-11-25,"16,2",22,11,16,7,7,"0,3"
17,5,215,17,771,2003-11-25,"16,2",22,12,18,"5,3","5,3","0,2"
17,5,215,17,771,2003-11-25,"16,2",22,13,20,"3,1","3,1","0,2"
17,5,216,17,772,2003-11-25,"18,7","22,9",1,"0,1","22,7","22,7","1,3"
17,5,216,17,772,2003-11-25,"18,7","22,9",2,"0,7","19,3","19,3","0,7"
17,5,216,17,772,2003-11-25,"18,7","22,9",3,"1,3","18,7","18,7","0,7"
17,5,216,17,772,2003-11-25,"18,7","22,9",4,2,17,17,"0,5"
17,5,216,17,772,2003-11-25,"18,7","22,9",5,4,"16,8","16,8","0,5"
17,5,216,17,772,2003-11-25,"18,7","22,9",6,6,16,16,"0,5"
17,5,216,17,772,2003-11-25,"18,7","22,9",7,8,"14,2","14,2","0,4"
17,5,216,17,772,2003-11-25,"18,7","22,9",8,10,13,13,"0,4"
17,5,216,17,772,2003-11-25,"18,7","22,9",9,12,"11,6","11,6","0,4"
17,5,216,17,772,2003-11-25,"18,7","22,9",10,14,"9,9","9,9","0,4"
17,5,216,17,772,2003-11-25,"18,7","22,9",11,16,9,9,"0,4"
17,5,216,17,772,2003-11-25,"18,7","22,9",12,18,"6,8","6,8","0,3"
17,5,216,17,772,2003-11-25,"18,7","22,9",13,20,"4,5","4,5","0,3"
17,5,216,17,772,2003-11-25,"18,7","22,9",14,22,"1,8","1,8","0,1"
17,5,217,17,773,2003-11-25,23,"23,5",1,"0,1","28,7","28,7","1,9"
17,5,217,17,773,2003-11-25,23,"23,5",2,"0,7","25,2","25,2","1,1"
17,5,217,17,773,2003-11-25,23,"23,5",3,"1,3",23,23,"0,9"
17,5,217,17,773,2003-11-25,23,"23,5",4,2,"21,3","21,3","0,7"
17,5,217,17,773,2003-11-25,23,"23,5",5,4,20,20,"0,5"
17,5,217,17,773,2003-11-25,23,"23,5",6,6,18,18,"0,5"
17,5,217,17,773,2003-11-25,23,"23,5",7,8,"16,8","16,8","0,5"
17,5,217,17,773,2003-11-25,23,"23,5",8,10,"16,1","16,1","0,5"
17,5,217,17,773,2003-11-25,23,"23,5",9,12,"14,7","14,7","0,5"
17,5,217,17,773,2003-11-25,23,"23,5",10,14,"13,3","13,3","0,5"
17,5,217,17,773,2003-11-25,23,"23,5",11,16,"10,2","10,2","0,4"
17,5,217,17,773,2003-11-25,23,"23,5",12,18,"8,5","8,5","0,4"
17,5,217,17,773,2003-11-25,23,"23,5",13,20,"5,4","5,4","0,3"
17,5,217,17,773,2003-11-25,23,"23,5",14,22,"2,2","2,2","0,2"
17,5,219,17,775,2004-04-30,"7,9","13,5",1,"0,1",11,11,"0,6"
17,5,219,17,775,2004-04-30,"7,9","13,5",2,"0,7","8,3","8,3","0,4"
17,5,219,17,775,2004-04-30,"7,9","13,5",3,"1,3","7,9","7,9","0,4"
17,5,219,17,775,2004-04-30,"7,9","13,5",4,2,"7,2","7,2","0,2"
17,5,219,17,775,2004-04-30,"7,9","13,5",5,4,"6,3","6,3","0,2"
17,5,219,17,775,2004-04-30,"7,9","13,5",6,6,"5,5","5,5","0,2"
17,5,219,17,775,2004-04-30,"7,9","13,5",7,8,"4,9","4,9","0,2"
17,5,219,17,775,2004-04-30,"7,9","13,5",8,10,"3,5","3,5","0,2"
17,5,219,17,775,2004-04-30,"7,9","13,5",9,12,"1,3","1,3","0,1"
17,5,220,17,777,2004-04-30,"14,1","22,2",1,"0,1","16,5","16,5","0,7"
17,5,220,17,777,2004-04-30,"14,1","22,2",2,"0,7","14,7","14,7","0,5"
17,5,220,17,777,2004-04-30,"14,1","22,2",3,"1,3","14,1","14,1","0,4"
17,5,220,17,777,2004-04-30,"14,1","22,2",4,2,"13,5","13,5","0,4"
17,5,220,17,777,2004-04-30,"14,1","22,2",5,4,"12,5","12,5","0,4"
17,5,220,17,777,2004-04-30,"14,1","22,2",6,6,"11,8","11,8","0,4"
17,5,220,17,777,2004-04-30,"14,1","22,2",7,8,"10,7","10,7","0,3"
17,5,220,17,777,2004-04-30,"14,1","22,2",8,10,"9,6","9,6","0,3"
17,5,220,17,777,2004-04-30,"14,1","22,2",9,12,"8,7","8,7","0,3"
17,5,220,17,777,2004-04-30,"14,1","22,2",10,14,"7,7","7,7","0,3"
17,5,220,17,777,2004-04-30,"14,1","22,2",11,16,"6,3","6,3","0,2"
17,5,220,17,777,2004-04-30,"14,1","22,2",12,18,"4,9","4,9","0,2"
17,5,220,17,777,2004-04-30,"14,1","22,2",13,20,"3,2","3,2","0,1"
17,5,221,17,778,2004-04-30,"16,9","24,8",1,"0,1","21,1","21,1",1
17,5,221,17,778,2004-04-30,"16,9","24,8",2,"0,7","18,2","18,2","0,5"
17,5,221,17,778,2004-04-30,"16,9","24,8",3,"1,3","16,9","16,9","0,5"
17,5,221,17,778,2004-04-30,"16,9","24,8",4,2,16,16,"0,4"
17,5,221,17,778,2004-04-30,"16,9","24,8",5,4,"15,5","15,5","0,4"
17,5,221,17,778,2004-04-30,"16,9","24,8",6,6,"14,1","14,1","0,4"
17,5,221,17,778,2004-04-30,"16,9","24,8",7,8,"13,2","13,2","0,4"
17,5,221,17,778,2004-04-30,"16,9","24,8",8,10,"12,2","12,2","0,4"
17,5,221,17,778,2004-04-30,"16,9","24,8",9,12,"11,3","11,3","0,4"
17,5,221,17,778,2004-04-30,"16,9","24,8",10,14,"9,6","9,6","0,4"
17,5,221,17,778,2004-04-30,"16,9","24,8",11,16,"8,6","8,6","0,3"
17,5,221,17,778,2004-04-30,"16,9","24,8",12,18,"7,4","7,4","0,2"
17,5,221,17,778,2004-04-30,"16,9","24,8",13,20,"5,6","5,6","0,2"
17,5,221,17,778,2004-04-30,"16,9","24,8",14,22,"3,8","3,8","0,2"
17,5,222,17,779,2004-04-30,"19,9","25,9",1,"0,1","22,7","22,7",1
17,5,222,17,779,2004-04-30,"19,9","25,9",2,"0,7","20,5","20,5","0,7"
17,5,222,17,779,2004-04-30,"19,9","25,9",3,"1,3","19,9","19,9","0,6"
17,5,222,17,779,2004-04-30,"19,9","25,9",4,2,"19,4","19,4","0,5"
17,5,222,17,779,2004-04-30,"19,9","25,9",5,4,"17,9","17,9","0,4"
17,5,222,17,779,2004-04-30,"19,9","25,9",6,6,"16,4","16,4","0,4"
17,5,222,17,779,2004-04-30,"19,9","25,9",7,8,"15,3","15,3","0,4"
17,5,222,17,779,2004-04-30,"19,9","25,9",8,10,"14,3","14,3","0,4"
17,5,222,17,779,2004-04-30,"19,9","25,9",9,12,"12,9","12,9","0,4"
17,5,222,17,779,2004-04-30,"19,9","25,9",10,14,"11,3","11,3","0,4"
17,5,222,17,779,2004-04-30,"19,9","25,9",11,16,"10,3","10,3","0,3"
17,5,222,17,779,2004-04-30,"19,9","25,9",12,18,"9,5","9,5","0,3"
17,5,222,17,779,2004-04-30,"19,9","25,9",13,20,"7,1","7,1","0,3"
17,5,222,17,779,2004-04-30,"19,9","25,9",14,22,"5,3","5,3","0,3"
17,5,222,17,779,2004-04-30,"19,9","25,9",15,24,"2,6","2,6","0,2"
17,5,223,17,780,2004-04-30,"22,3","26,8",1,"0,1",27,27,"1,2"
17,5,223,17,780,2004-04-30,"22,3","26,8",2,"0,7","24,1","24,1","0,9"
17,5,223,17,780,2004-04-30,"22,3","26,8",3,"1,3","22,3","22,3","0,6"
17,5,223,17,780,2004-04-30,"22,3","26,8",4,2,"20,8","20,8","0,6"
17,5,223,17,780,2004-04-30,"22,3","26,8",5,4,"18,6","18,6","0,5"
17,5,223,17,780,2004-04-30,"22,3","26,8",6,6,"18,3","18,3","0,5"
17,5,223,17,780,2004-04-30,"22,3","26,8",7,8,"17,6","17,6","0,5"
17,5,223,17,780,2004-04-30,"22,3","26,8",8,10,"15,8","15,8","0,5"
17,5,223,17,780,2004-04-30,"22,3","26,8",9,12,14,14,"0,5"
17,5,223,17,780,2004-04-30,"22,3","26,8",10,14,"12,8","12,8","0,5"
17,5,223,17,780,2004-04-30,"22,3","26,8",11,16,"11,6","11,6","0,4"
17,5,223,17,780,2004-04-30,"22,3","26,8",12,18,"10,7","10,7","0,4"
17,5,223,17,780,2004-04-30,"22,3","26,8",13,20,"8,2","8,2","0,4"
17,5,223,17,780,2004-04-30,"22,3","26,8",14,22,"6,5","6,5","0,3"
17,5,223,17,780,2004-04-30,"22,3","26,8",15,24,"3,7","3,7","0,2"
17,5,223,17,780,2004-04-30,"22,3","26,8",16,26,"1,2","1,2","0,1"
17,5,224,17,811,2003-10-20,"5,6","13,2",1,"0,1","8,3","8,3","0,5"
17,5,224,17,811,2003-10-20,"5,6","13,2",2,"0,7","6,6","6,6","0,4"
17,5,224,17,811,2003-10-20,"5,6","13,2",3,"1,3","5,6","5,6","0,3"
17,5,224,17,811,2003-10-20,"5,6","13,2",4,2,5,5,"0,1"
17,5,224,17,811,2003-10-20,"5,6","13,2",5,4,"4,7","4,7","0,1"
17,5,224,17,811,2003-10-20,"5,6","13,2",6,6,"3,5","3,5","0,1"
17,5,224,17,811,2003-10-20,"5,6","13,2",7,8,"2,3","2,3","0,1"
17,5,225,17,812,2003-10-20,"8,2","15,8",1,"0,1","10,3","10,3","0,5"
17,5,225,17,812,2003-10-20,"8,2","15,8",2,"0,7","8,7","8,7","0,4"
17,5,225,17,812,2003-10-20,"8,2","15,8",3,"1,3","8,2","8,2","0,4"
17,5,225,17,812,2003-10-20,"8,2","15,8",4,2,"7,9","7,9","0,3"
17,5,225,17,812,2003-10-20,"8,2","15,8",5,4,"6,7","6,7","0,3"
17,5,225,17,812,2003-10-20,"8,2","15,8",6,6,6,6,"0,2"
17,5,225,17,812,2003-10-20,"8,2","15,8",7,8,"5,1","5,1","0,2"
17,5,225,17,812,2003-10-20,"8,2","15,8",8,10,"4,3","4,3","0,2"
17,5,225,17,812,2003-10-20,"8,2","15,8",9,12,"3,2","3,2","0,2"
17,5,225,17,812,2003-10-20,"8,2","15,8",10,14,"1,7","1,7","0,1"
17,5,227,17,814,2003-10-20,"13,2","20,8",1,"0,1","17,3","17,3","0,8"
17,5,227,17,814,2003-10-20,"13,2","20,8",2,"0,7","14,2","14,2","0,6"
17,5,227,17,814,2003-10-20,"13,2","20,8",3,"1,3","13,2","13,2","0,5"
17,5,227,17,814,2003-10-20,"13,2","20,8",4,2,"12,5","12,5","0,4"
17,5,227,17,814,2003-10-20,"13,2","20,8",5,4,"12,1","12,1","0,4"
17,5,227,17,814,2003-10-20,"13,2","20,8",6,6,"10,7","10,7","0,3"
17,5,227,17,814,2003-10-20,"13,2","20,8",7,8,"9,6","9,6","0,2"
17,5,227,17,814,2003-10-20,"13,2","20,8",8,10,"8,6","8,6","0,2"
17,5,227,17,814,2003-10-20,"13,2","20,8",9,12,"7,7","7,7","0,2"
17,5,227,17,814,2003-10-20,"13,2","20,8",10,14,"6,2","6,2","0,2"
17,5,227,17,814,2003-10-20,"13,2","20,8",11,16,"5,1","5,1","0,2"
17,5,227,17,814,2003-10-20,"13,2","20,8",12,18,3,3,"0,1"
17,5,228,17,816,2003-10-20,"20,2","22,6",1,"0,1","24,5","24,5","1,1"
17,5,228,17,816,2003-10-20,"20,2","22,6",2,"0,7","21,3","21,3",1
17,5,228,17,816,2003-10-20,"20,2","22,6",3,"1,3","20,2","20,2","0,8"
17,5,228,17,816,2003-10-20,"20,2","22,6",4,2,"18,2","18,2","0,7"
17,5,228,17,816,2003-10-20,"20,2","22,6",5,4,17,17,"0,6"
17,5,228,17,816,2003-10-20,"20,2","22,6",6,6,"15,5","15,5","0,5"
17,5,228,17,816,2003-10-20,"20,2","22,6",7,8,"14,4","14,4","0,5"
17,5,228,17,816,2003-10-20,"20,2","22,6",8,10,"13,7","13,7","0,4"
17,5,228,17,816,2003-10-20,"20,2","22,6",9,12,"11,6","11,6","0,4"
17,5,228,17,816,2003-10-20,"20,2","22,6",10,14,"10,6","10,6","0,4"
17,5,228,17,816,2003-10-20,"20,2","22,6",11,16,9,9,"0,4"
17,5,228,17,816,2003-10-20,"20,2","22,6",12,18,6,6,"0,3"
17,5,228,17,816,2003-10-20,"20,2","22,6",13,20,3,3,"0,2"
17,5,231,17,854,2004-03-25,"4,4","8,3",1,"0,1","6,9","6,9","0,5"
17,5,231,17,854,2004-03-25,"4,4","8,3",2,"0,7","4,8","4,8","0,3"
17,5,231,17,854,2004-03-25,"4,4","8,3",3,"1,3","4,4","4,4","0,3"
17,5,231,17,854,2004-03-25,"4,4","8,3",4,2,4,4,"0,2"
17,5,231,17,854,2004-03-25,"4,4","8,3",5,4,"3,3","3,3","0,2"
17,5,231,17,854,2004-03-25,"4,4","8,3",6,6,"2,1","2,1","0,2"
17,5,233,17,856,2004-03-25,"9,6","18,7",1,"0,1","12,4","12,4",1
17,5,233,17,856,2004-03-25,"9,6","18,7",2,"0,7","10,4","10,4","0,6"
17,5,233,17,856,2004-03-25,"9,6","18,7",3,"1,3","9,6","9,6","0,4"
17,5,233,17,856,2004-03-25,"9,6","18,7",4,2,"9,2","9,2","0,4"
17,5,233,17,856,2004-03-25,"9,6","18,7",5,4,"8,7","8,7","0,4"
17,5,233,17,856,2004-03-25,"9,6","18,7",6,6,"7,7","7,7","0,3"
17,5,233,17,856,2004-03-25,"9,6","18,7",7,8,7,7,"0,3"
17,5,233,17,856,2004-03-25,"9,6","18,7",8,10,"6,3","6,3","0,3"
17,5,233,17,856,2004-03-25,"9,6","18,7",9,12,"5,7","5,7","0,3"
17,5,233,17,856,2004-03-25,"9,6","18,7",10,14,"4,3","4,3","0,2"
17,5,233,17,856,2004-03-25,"9,6","18,7",11,16,"3,3","3,3","0,2"
17,5,234,17,857,2004-03-25,"14,1","20,8",1,"0,1","17,8","17,8",1
17,5,234,17,857,2004-03-25,"14,1","20,8",2,"0,7","15,5","15,5","0,8"
17,5,234,17,857,2004-03-25,"14,1","20,8",3,"1,3","14,1","14,1","0,6"
17,5,234,17,857,2004-03-25,"14,1","20,8",4,2,"13,5","13,5","0,5"
17,5,234,17,857,2004-03-25,"14,1","20,8",5,4,13,13,"0,4"
17,5,234,17,857,2004-03-25,"14,1","20,8",6,6,"11,8","11,8","0,4"
17,5,234,17,857,2004-03-25,"14,1","20,8",7,8,"11,1","11,1","0,4"
17,5,234,17,857,2004-03-25,"14,1","20,8",8,10,"9,2","9,2","0,3"
17,5,234,17,857,2004-03-25,"14,1","20,8",9,12,"8,5","8,5","0,3"
17,5,234,17,857,2004-03-25,"14,1","20,8",10,14,"7,5","7,5","0,3"
17,5,234,17,857,2004-03-25,"14,1","20,8",11,16,"5,7","5,7","0,3"
17,5,234,17,857,2004-03-25,"14,1","20,8",12,18,4,4,"0,3"
17,5,235,17,859,2004-03-25,"18,5","22,8",1,"0,1","23,6","23,6","1,2"
17,5,235,17,859,2004-03-25,"18,5","22,8",2,"0,7","20,2","20,2",1
17,5,235,17,859,2004-03-25,"18,5","22,8",3,"1,3","18,5","18,5","0,9"
17,5,235,17,859,2004-03-25,"18,5","22,8",4,2,"17,5","17,5","0,7"
17,5,235,17,859,2004-03-25,"18,5","22,8",5,4,"16,1","16,1","0,6"
17,5,235,17,859,2004-03-25,"18,5","22,8",6,6,"14,7","14,7","0,5"
17,5,235,17,859,2004-03-25,"18,5","22,8",7,8,14,14,"0,5"
17,5,235,17,859,2004-03-25,"18,5","22,8",8,10,"12,7","12,7","0,4"
17,5,235,17,859,2004-03-25,"18,5","22,8",9,12,"11,3","11,3","0,4"
17,5,235,17,859,2004-03-25,"18,5","22,8",10,14,"10,1","10,1","0,4"
17,5,235,17,859,2004-03-25,"18,5","22,8",11,16,"8,3","8,3","0,4"
17,5,235,17,859,2004-03-25,"18,5","22,8",12,18,"6,6","6,6","0,3"
17,5,235,17,859,2004-03-25,"18,5","22,8",13,20,"4,3","4,3","0,3"
17,5,236,17,1411,2003-12-20,"21,4","24,8",1,"0,1","25,1","25,1","1,1"
17,5,236,17,1411,2003-12-20,"21,4","24,8",2,"0,7","21,9","21,9","0,6"
17,5,236,17,1411,2003-12-20,"21,4","24,8",3,"1,3","21,4","21,4","0,6"
17,5,236,17,1411,2003-12-20,"21,4","24,8",4,2,"20,5","20,5","0,5"
17,5,236,17,1411,2003-12-20,"21,4","24,8",5,4,"18,8","18,8","0,5"
17,5,236,17,1411,2003-12-20,"21,4","24,8",6,6,"17,3","17,3","0,5"
17,5,236,17,1411,2003-12-20,"21,4","24,8",7,8,16,16,"0,4"
17,5,236,17,1411,2003-12-20,"21,4","24,8",8,10,15,15,"0,4"
17,5,236,17,1411,2003-12-20,"21,4","24,8",9,12,"13,5","13,5","0,4"
17,5,236,17,1411,2003-12-20,"21,4","24,8",10,14,"11,9","11,9","0,4"
17,5,236,17,1411,2003-12-20,"21,4","24,8",11,16,"10,6","10,6","0,4"
17,5,236,17,1411,2003-12-20,"21,4","24,8",12,18,"8,6","8,6","0,3"
17,5,236,17,1411,2003-12-20,"21,4","24,8",13,20,"6,7","6,7","0,3"
17,5,236,17,1411,2003-12-20,"21,4","24,8",14,22,"4,3","4,3","0,3"
17,5,237,17,1413,2003-12-20,"9,2","18,5",1,"0,1","11,1","11,1","0,6"
17,5,237,17,1413,2003-12-20,"9,2","18,5",2,"0,7","9,5","9,5","0,4"
17,5,237,17,1413,2003-12-20,"9,2","18,5",3,"1,3","9,2","9,2","0,3"
17,5,237,17,1413,2003-12-20,"9,2","18,5",4,2,"8,6","8,6","0,3"
17,5,237,17,1413,2003-12-20,"9,2","18,5",5,4,8,8,"0,3"
17,5,237,17,1413,2003-12-20,"9,2","18,5",6,6,"7,2","7,2","0,3"
17,5,237,17,1413,2003-12-20,"9,2","18,5",7,8,"6,5","6,5","0,2"
17,5,237,17,1413,2003-12-20,"9,2","18,5",8,10,"5,4","5,4","0,2"
17,5,237,17,1413,2003-12-20,"9,2","18,5",9,12,"4,6","4,6","0,2"
17,5,237,17,1413,2003-12-20,"9,2","18,5",10,14,"3,5","3,5","0,2"
17,5,237,17,1413,2003-12-20,"9,2","18,5",11,16,"2,2","2,2","0,1"
17,5,238,17,1414,2003-12-20,"12,4","21,2",1,"0,1",15,15,"0,8"
17,5,238,17,1414,2003-12-20,"12,4","21,2",2,"0,7","12,9","12,9","0,5"
17,5,238,17,1414,2003-12-20,"12,4","21,2",3,"1,3","12,4","12,4","0,4"
17,5,238,17,1414,2003-12-20,"12,4","21,2",4,2,12,12,"0,4"
17,5,238,17,1414,2003-12-20,"12,4","21,2",5,4,"11,2","11,2","0,3"
17,5,238,17,1414,2003-12-20,"12,4","21,2",6,6,"10,4","10,4","0,3"
17,5,238,17,1414,2003-12-20,"12,4","21,2",7,8,"9,3","9,3","0,3"
17,5,238,17,1414,2003-12-20,"12,4","21,2",8,10,"8,3","8,3","0,3"
17,5,238,17,1414,2003-12-20,"12,4","21,2",9,12,"7,3","7,3","0,3"
17,5,238,17,1414,2003-12-20,"12,4","21,2",10,14,"6,1","6,1","0,3"
17,5,238,17,1414,2003-12-20,"12,4","21,2",11,16,5,5,"0,3"
17,5,238,17,1414,2003-12-20,"12,4","21,2",12,18,"3,5","3,5","0,2"
17,5,242,17,1617,2003-09-25,"9,5","16,9",1,"0,1","12,7","12,7","0,6"
17,5,242,17,1617,2003-09-25,"9,5","16,9",2,"0,7","10,1","10,1","0,4"
17,5,242,17,1617,2003-09-25,"9,5","16,9",3,"1,3","9,5","9,5","0,3"
17,5,242,17,1617,2003-09-25,"9,5","16,9",4,2,"8,8","8,8","0,3"
17,5,242,17,1617,2003-09-25,"9,5","16,9",5,4,"7,9","7,9","0,2"
17,5,242,17,1617,2003-09-25,"9,5","16,9",6,6,7,7,"0,2"
17,5,242,17,1617,2003-09-25,"9,5","16,9",7,8,"6,2","6,2","0,2"
17,5,242,17,1617,2003-09-25,"9,5","16,9",8,10,"5,4","5,4","0,2"
17,5,242,17,1617,2003-09-25,"9,5","16,9",9,12,4,4,"0,2"
17,5,242,17,1617,2003-09-25,"9,5","16,9",10,14,"2,8","2,8","0,1"
17,5,243,17,1618,2003-09-25,"13,3","19,4",1,"0,1","17,3","17,3","0,7"
17,5,243,17,1618,2003-09-25,"13,3","19,4",2,"0,7","15,1","15,1","0,7"
17,5,243,17,1618,2003-09-25,"13,3","19,4",3,"1,3","13,3","13,3","0,5"
17,5,243,17,1618,2003-09-25,"13,3","19,4",4,2,"12,6","12,6","0,5"
17,5,243,17,1618,2003-09-25,"13,3","19,4",5,4,"11,6","11,6","0,4"
17,5,243,17,1618,2003-09-25,"13,3","19,4",6,6,"10,4","10,4","0,3"
17,5,243,17,1618,2003-09-25,"13,3","19,4",7,8,"9,6","9,6","0,3"
17,5,243,17,1618,2003-09-25,"13,3","19,4",8,10,"8,3","8,3","0,3"
17,5,243,17,1618,2003-09-25,"13,3","19,4",9,12,"6,7","6,7","0,2"
17,5,243,17,1618,2003-09-25,"13,3","19,4",10,14,"5,5","5,5","0,2"
17,5,243,17,1618,2003-09-25,"13,3","19,4",11,16,4,4,"0,2"
17,5,245,17,1620,2003-09-25,"18,1","20,4",1,"0,1","22,2","22,2","1,4"
17,5,245,17,1620,2003-09-25,"18,1","20,4",2,"0,7","19,2","19,2","0,6"
17,5,245,17,1620,2003-09-25,"18,1","20,4",3,"1,3","18,1","18,1","0,6"
17,5,245,17,1620,2003-09-25,"18,1","20,4",4,2,"16,9","16,9","0,5"
17,5,245,17,1620,2003-09-25,"18,1","20,4",5,4,"15,1","15,1","0,4"
17,5,245,17,1620,2003-09-25,"18,1","20,4",6,6,"14,4","14,4","0,4"
17,5,245,17,1620,2003-09-25,"18,1","20,4",7,8,13,13,"0,4"
17,5,245,17,1620,2003-09-25,"18,1","20,4",8,10,"11,8","11,8","0,4"
17,5,245,17,1620,2003-09-25,"18,1","20,4",9,12,"10,1","10,1","0,4"
17,5,245,17,1620,2003-09-25,"18,1","20,4",10,14,"8,2","8,2","0,3"
17,5,245,17,1620,2003-09-25,"18,1","20,4",11,16,"5,4","5,4","0,3"
17,5,245,17,1620,2003-09-25,"18,1","20,4",12,18,"2,8","2,8","0,2"
17,5,246,17,1621,2005-03-21,"5,4","11,3",1,"0,1","6,8","6,8","0,7"
17,5,246,17,1621,2005-03-21,"5,4","11,3",2,"0,7","5,5","5,5","0,3"
17,5,246,17,1621,2005-03-21,"5,4","11,3",3,"1,3","5,4","5,4","0,2"
17,5,246,17,1621,2005-03-21,"5,4","11,3",4,2,"4,9","4,9","0,2"
17,5,246,17,1621,2005-03-21,"5,4","11,3",5,4,"4,3","4,3","0,1"
17,5,246,17,1621,2005-03-21,"5,4","11,3",6,6,"3,6","3,6","0,1"
17,5,247,17,1622,2005-03-21,"16,7",22,1,"0,1",22,22,"1,1"
17,5,247,17,1622,2005-03-21,"16,7",22,2,"0,7","17,9","17,9","0,8"
17,5,247,17,1622,2005-03-21,"16,7",22,3,"1,3","16,7","16,7","0,6"
17,5,247,17,1622,2005-03-21,"16,7",22,4,2,"15,1","15,1","0,6"
17,5,247,17,1622,2005-03-21,"16,7",22,5,4,"13,9","13,9","0,4"
17,5,247,17,1622,2005-03-21,"16,7",22,6,6,"13,3","13,3","0,4"
17,5,247,17,1622,2005-03-21,"16,7",22,7,8,"11,9","11,9","0,3"
17,5,247,17,1622,2005-03-21,"16,7",22,8,10,11,11,"0,3"
17,5,247,17,1622,2005-03-21,"16,7",22,9,12,10,10,"0,3"
17,5,247,17,1622,2005-03-21,"16,7",22,10,14,"8,4","8,4","0,3"
17,5,247,17,1622,2005-03-21,"16,7",22,11,16,"7,5","7,5","0,3"
17,5,247,17,1622,2005-03-21,"16,7",22,12,18,"5,2","5,2","0,3"
17,5,248,17,1623,2005-03-21,"14,2","21,2",1,"0,1","19,9","19,9","1,7"
17,5,248,17,1623,2005-03-21,"14,2","21,2",2,"0,7","15,9","15,9",1
17,5,248,17,1623,2005-03-21,"14,2","21,2",3,"1,3","14,2","14,2","0,8"
17,5,248,17,1623,2005-03-21,"14,2","21,2",4,2,14,14,"0,5"
17,5,248,17,1623,2005-03-21,"14,2","21,2",5,4,"12,7","12,7","0,4"
17,5,248,17,1623,2005-03-21,"14,2","21,2",6,6,12,12,"0,4"
17,5,248,17,1623,2005-03-21,"14,2","21,2",7,8,"10,9","10,9","0,3"
17,5,248,17,1623,2005-03-21,"14,2","21,2",8,10,"9,7","9,7","0,3"
17,5,248,17,1623,2005-03-21,"14,2","21,2",9,12,"8,6","8,6","0,3"
17,5,248,17,1623,2005-03-21,"14,2","21,2",10,14,"7,4","7,4","0,3"
17,5,248,17,1623,2005-03-21,"14,2","21,2",11,16,"6,1","6,1","0,3"
17,5,248,17,1623,2005-03-21,"14,2","21,2",12,18,"4,2","4,2","0,2"
17,5,249,17,1624,2005-03-21,"19,6","22,4",1,"0,1","26,2","26,2","1,4"
17,5,249,17,1624,2005-03-21,"19,6","22,4",2,"0,7","21,7","21,7","1,1"
17,5,249,17,1624,2005-03-21,"19,6","22,4",3,"1,3","19,6","19,6","0,7"
17,5,249,17,1624,2005-03-21,"19,6","22,4",4,2,"18,4","18,4","0,7"
17,5,249,17,1624,2005-03-21,"19,6","22,4",5,4,"16,6","16,6","0,5"
17,5,249,17,1624,2005-03-21,"19,6","22,4",6,6,"15,6","15,6","0,4"
17,5,249,17,1624,2005-03-21,"19,6","22,4",7,8,"14,5","14,5","0,4"
17,5,249,17,1624,2005-03-21,"19,6","22,4",8,10,"13,1","13,1","0,4"
17,5,249,17,1624,2005-03-21,"19,6","22,4",9,12,"11,8","11,8","0,4"
17,5,249,17,1624,2005-03-21,"19,6","22,4",10,14,"10,5","10,5","0,4"
17,5,249,17,1624,2005-03-21,"19,6","22,4",11,16,9,9,"0,3"
17,5,249,17,1624,2005-03-21,"19,6","22,4",12,18,"6,3","6,3","0,3"
17,5,249,17,1624,2005-03-21,"19,6","22,4",13,20,"3,3","3,3","0,2"
17,5,251,17,1626,2005-03-21,"9,7","18,7",1,"0,1",12,12,"0,6"
17,5,251,17,1626,2005-03-21,"9,7","18,7",2,"0,7","10,2","10,2","0,4"
17,5,251,17,1626,2005-03-21,"9,7","18,7",3,"1,3","9,7","9,7","0,4"
17,5,251,17,1626,2005-03-21,"9,7","18,7",4,2,"9,3","9,3","0,3"
17,5,251,17,1626,2005-03-21,"9,7","18,7",5,4,9,9,"0,2"
17,5,251,17,1626,2005-03-21,"9,7","18,7",6,6,"8,3","8,3","0,2"
17,5,251,17,1626,2005-03-21,"9,7","18,7",7,8,"7,4","7,4","0,2"
17,5,251,17,1626,2005-03-21,"9,7","18,7",8,10,"6,6","6,6","0,2"
17,5,251,17,1626,2005-03-21,"9,7","18,7",9,12,"5,5","5,5","0,2"
17,5,251,17,1626,2005-03-21,"9,7","18,7",10,14,"4,3","4,3","0,2"
17,5,251,17,1626,2005-03-21,"9,7","18,7",11,16,"3,1","3,1","0,1"
17,5,252,17,1627,2005-03-21,"10,9","19,4",1,"0,1",15,15,1
17,5,252,17,1627,2005-03-21,"10,9","19,4",2,"0,7","11,4","11,4","0,5"
17,5,252,17,1627,2005-03-21,"10,9","19,4",3,"1,3","10,9","10,9","0,4"
17,5,252,17,1627,2005-03-21,"10,9","19,4",4,2,"10,2","10,2","0,3"
17,5,252,17,1627,2005-03-21,"10,9","19,4",5,4,"9,5","9,5","0,3"
17,5,252,17,1627,2005-03-21,"10,9","19,4",6,6,"8,7","8,7","0,3"
17,5,252,17,1627,2005-03-21,"10,9","19,4",7,8,"7,7","7,7","0,3"
17,5,252,17,1627,2005-03-21,"10,9","19,4",8,10,"7,2","7,2","0,3"
17,5,252,17,1627,2005-03-21,"10,9","19,4",9,12,6,6,"0,2"
17,5,252,17,1627,2005-03-21,"10,9","19,4",10,14,"4,9","4,9","0,2"
17,5,252,17,1627,2005-03-21,"10,9","19,4",11,16,"3,8","3,8","0,2"
17,5,253,17,1763,2004-04-20,"4,8","9,2",1,"0,1","7,4","7,4","0,7"
17,5,253,17,1763,2004-04-20,"4,8","9,2",2,"0,7","5,8","5,8","0,3"
17,5,253,17,1763,2004-04-20,"4,8","9,2",3,"1,3","4,8","4,8","0,2"
17,5,253,17,1763,2004-04-20,"4,8","9,2",4,2,"4,3","4,3","0,2"
17,5,253,17,1763,2004-04-20,"4,8","9,2",5,4,"3,3","3,3","0,1"
17,5,253,17,1763,2004-04-20,"4,8","9,2",6,6,"2,3","2,3","0,1"
17,5,253,17,1763,2004-04-20,"4,8","9,2",7,8,"1,3","1,3","0,1"
17,5,255,17,1765,2004-04-20,"10,1","14,3",1,"0,1","13,3","13,3","0,8"
17,5,255,17,1765,2004-04-20,"10,1","14,3",2,"0,7","11,1","11,1","0,7"
17,5,255,17,1765,2004-04-20,"10,1","14,3",3,"1,3","10,1","10,1","0,6"
17,5,255,17,1765,2004-04-20,"10,1","14,3",4,2,"9,5","9,5","0,5"
17,5,255,17,1765,2004-04-20,"10,1","14,3",5,4,"8,2","8,2","0,3"
17,5,255,17,1765,2004-04-20,"10,1","14,3",6,6,"7,4","7,4","0,3"
17,5,255,17,1765,2004-04-20,"10,1","14,3",7,8,"5,9","5,9","0,3"
17,5,255,17,1765,2004-04-20,"10,1","14,3",8,10,"4,3","4,3","0,3"
17,5,255,17,1765,2004-04-20,"10,1","14,3",9,12,"2,3","2,3","0,1"
17,5,255,17,1765,2004-04-20,"10,1","14,3",10,14,1,1,"0,1"
17,5,257,17,1767,2004-04-20,"17,7","19,6",1,"0,1","22,4","22,4","1,2"
17,5,257,17,1767,2004-04-20,"17,7","19,6",2,"0,7","19,2","19,2","0,8"
17,5,257,17,1767,2004-04-20,"17,7","19,6",3,"1,3","17,7","17,7","0,8"
17,5,257,17,1767,2004-04-20,"17,7","19,6",4,2,"16,7","16,7","0,6"
17,5,257,17,1767,2004-04-20,"17,7","19,6",5,4,15,15,"0,5"
17,5,257,17,1767,2004-04-20,"17,7","19,6",6,6,"13,4","13,4","0,4"
17,5,257,17,1767,2004-04-20,"17,7","19,6",7,8,"12,2","12,2","0,4"
17,5,257,17,1767,2004-04-20,"17,7","19,6",8,10,"10,5","10,5","0,4"
17,5,257,17,1767,2004-04-20,"17,7","19,6",9,12,"9,5","9,5","0,3"
17,5,257,17,1767,2004-04-20,"17,7","19,6",10,14,"7,8","7,8","0,3"
17,5,257,17,1767,2004-04-20,"17,7","19,6",11,16,"5,1","5,1","0,3"
17,5,257,17,1767,2004-04-20,"17,7","19,6",12,18,"2,3","2,3","0,1"
17,5,258,17,1768,2004-04-20,"18,5","20,3",1,"0,1","25,3","25,3","1,2"
17,5,258,17,1768,2004-04-20,"18,5","20,3",2,"0,7","20,7","20,7",1
17,5,258,17,1768,2004-04-20,"18,5","20,3",3,"1,3","18,5","18,5","0,8"
17,5,258,17,1768,2004-04-20,"18,5","20,3",4,2,"17,3","17,3","0,6"
17,5,258,17,1768,2004-04-20,"18,5","20,3",5,4,16,16,"0,6"
17,5,258,17,1768,2004-04-20,"18,5","20,3",6,6,14,14,"0,5"
17,5,258,17,1768,2004-04-20,"18,5","20,3",7,8,"12,8","12,8","0,4"
17,5,258,17,1768,2004-04-20,"18,5","20,3",8,10,"11,3","11,3","0,4"
17,5,258,17,1768,2004-04-20,"18,5","20,3",9,12,"9,5","9,5","0,4"
17,5,258,17,1768,2004-04-20,"18,5","20,3",10,14,"8,3","8,3","0,4"
17,5,258,17,1768,2004-04-20,"18,5","20,3",11,16,6,6,"0,3"
17,5,258,17,1768,2004-04-20,"18,5","20,3",12,18,"3,4","3,4","0,2"
17,5,259,17,1769,2004-04-20,"22,5","20,7",1,"0,1","28,7","28,7","1,3"
17,5,259,17,1769,2004-04-20,"22,5","20,7",2,"0,7",25,25,"0,9"
17,5,259,17,1769,2004-04-20,"22,5","20,7",3,"1,3","22,5","22,5","0,8"
17,5,259,17,1769,2004-04-20,"22,5","20,7",4,2,21,21,"0,8"
17,5,259,17,1769,2004-04-20,"22,5","20,7",5,4,"19,1","19,1","0,7"
17,5,259,17,1769,2004-04-20,"22,5","20,7",6,6,"17,5","17,5","0,5"
17,5,259,17,1769,2004-04-20,"22,5","20,7",7,8,"15,2","15,2","0,4"
17,5,259,17,1769,2004-04-20,"22,5","20,7",8,10,"13,8","13,8","0,4"
17,5,259,17,1769,2004-04-20,"22,5","20,7",9,12,12,12,"0,4"
17,5,259,17,1769,2004-04-20,"22,5","20,7",10,14,"9,8","9,8","0,4"
17,5,259,17,1769,2004-04-20,"22,5","20,7",11,16,7,7,"0,4"
17,5,259,17,1769,2004-04-20,"22,5","20,7",12,18,4,4,"0,3"
17,5,260,17,1770,2005-03-21,"19,3","21,7",1,"0,1","24,9","24,9","1,3"
17,5,260,17,1770,2005-03-21,"19,3","21,7",2,"0,7","20,7","20,7","0,8"
17,5,260,17,1770,2005-03-21,"19,3","21,7",3,"1,3","19,3","19,3","0,8"
17,5,260,17,1770,2005-03-21,"19,3","21,7",4,2,"18,2","18,2","0,7"
17,5,260,17,1770,2005-03-21,"19,3","21,7",5,4,17,17,"0,5"
17,5,260,17,1770,2005-03-21,"19,3","21,7",6,6,"15,4","15,4","0,4"
17,5,260,17,1770,2005-03-21,"19,3","21,7",7,8,"13,9","13,9","0,4"
17,5,260,17,1770,2005-03-21,"19,3","21,7",8,10,"12,6","12,6","0,3"
17,5,260,17,1770,2005-03-21,"19,3","21,7",9,12,"11,1","11,1","0,3"
17,5,260,17,1770,2005-03-21,"19,3","21,7",10,14,"9,9","9,9","0,3"
17,5,260,17,1770,2005-03-21,"19,3","21,7",11,16,"7,6","7,6","0,3"
17,5,260,17,1770,2005-03-21,"19,3","21,7",12,18,"5,8","5,8","0,2"
17,5,262,17,1772,2005-03-21,"12,2","19,7",1,"0,1","16,5","16,5",1
17,5,262,17,1772,2005-03-21,"12,2","19,7",2,"0,7","12,9","12,9","0,5"
17,5,262,17,1772,2005-03-21,"12,2","19,7",3,"1,3","12,2","12,2","0,4"
17,5,262,17,1772,2005-03-21,"12,2","19,7",4,2,"11,7","11,7","0,4"
17,5,262,17,1772,2005-03-21,"12,2","19,7",5,4,"10,7","10,7","0,3"
17,5,262,17,1772,2005-03-21,"12,2","19,7",6,6,10,10,"0,3"
17,5,262,17,1772,2005-03-21,"12,2","19,7",7,8,"9,1","9,1","0,3"
17,5,262,17,1772,2005-03-21,"12,2","19,7",8,10,8,8,"0,2"
17,5,262,17,1772,2005-03-21,"12,2","19,7",9,12,"7,1","7,1","0,2"
17,5,262,17,1772,2005-03-21,"12,2","19,7",10,14,6,6,"0,2"
17,5,262,17,1772,2005-03-21,"12,2","19,7",11,16,"4,6","4,6","0,1"
17,5,263,17,1773,2005-03-21,"16,3","21,3",1,"0,1","22,8","22,8","1,4"
17,5,263,17,1773,2005-03-21,"16,3","21,3",2,"0,7","18,3","18,3",1
17,5,263,17,1773,2005-03-21,"16,3","21,3",3,"1,3","16,3","16,3","0,7"
17,5,263,17,1773,2005-03-21,"16,3","21,3",4,2,"15,9","15,9","0,6"
17,5,263,17,1773,2005-03-21,"16,3","21,3",5,4,"14,5","14,5","0,5"
17,5,263,17,1773,2005-03-21,"16,3","21,3",6,6,"13,4","13,4","0,5"
17,5,263,17,1773,2005-03-21,"16,3","21,3",7,8,12,12,"0,4"
17,5,263,17,1773,2005-03-21,"16,3","21,3",8,10,"10,8","10,8","0,3"
17,5,263,17,1773,2005-03-21,"16,3","21,3",9,12,"9,6","9,6","0,3"
17,5,263,17,1773,2005-03-21,"16,3","21,3",10,14,"8,3","8,3","0,3"
17,5,263,17,1773,2005-03-21,"16,3","21,3",11,16,7,7,"0,3"
17,5,263,17,1773,2005-03-21,"16,3","21,3",12,18,"4,8","4,8","0,3"