idestprocnum,idplanmed,idestcad,idestcub,idparcmed,idfilamed,idcovamed,idfustemed,plantio,parcela,datamedicao,x,y,srid,areaparc,fila,cova,fuste,cat,desc_cat,dap,ht,usar_hipso,haprov_total,htest,htre
1,1,1,1,1,1,1,1,1,28595,2005-08-31,"-47,55579933","-21,57534049",4326,500,1,1,1,0,Normal,"14,13",,0,1,"26,39","26,39"
1,1,1,1,1,1,2,2,1,28595,2005-08-31,"-47,55579933","-21,57534049",4326,500,1,2,1,1,Falha,0,,0,0,,
1,1,1,1,1,1,3,3,1,28595,2005-08-31,"-47,55579933","-21,57534049",4326,500,1,3,1,0,Normal,"18,97",,0,1,"28,65","28,65"
1,1,1,1,1,1,4,4,1,28595,2005-08-31,"-47,55579933","-21,57534049",4326,500,1,4,1,0,Normal,"20,28",,0,1,"29,1","29,1"
1,1,1,1,1,1,5,5,1,28595,2005-08-31,"-47,55579933","-21,57534049",4326,500,1,5,1,0,Normal,"19,58",,0,1,"28,87","28,87"
1,1,1,1,1,1,6,6,1,28595,2005-08-31,"-47,55579933","-21,57534049",4326,500,1,6,1,0,Normal,"17,22",,0,1,"27,96","27,96"
1,1,1,1,1,1,7,7,1,28595,2005-08-31,"-47,55579933","-21,57534049",4326,500,1,7,1,0,Normal,"12,64",,0,1,"25,4","25,4"
1,1,1,1,1,1,8,8,1,28595,2005-08-31,"-47,55579933","-21,57534049",4326,500,1,8,1,0,Normal,"13,27",,0,1,"25,84","25,84"
1,1,1,1,1,1,9,9,1,28595,2005-08-31,"-47,55579933","-21,57534049",4326,500,1,9,1,0,Normal,"17,95",,0,1,"28,26","28,26"
1,1,1,1,1,1,10,10,1,28595,2005-08-31,"-47,55579933","-21,57534049",4326,500,1,10,1,0,Normal,"9,87",,0,1,"22,96","22,96"
1,1,1,1,1,1,11,11,1,28595,2005-08-31,"-47,55579933","-21,57534049",4326,500,1,11,1,0,Normal,"22,73",,0,1,"29,81","29,81"
1,1,1,1,1,1,12,12,1,28595,2005-08-31,"-47,55579933","-21,57534049",4326,500,1,12,1,0,Normal,"11,65",,0,1,"24,64","24,64"
1,1,1,1,1,1,13,13,1,28595,2005-08-31,"-47,55579933","-21,57534049",4326,500,1,13,1,0,Normal,"19,54",,0,1,"28,85","28,85"
1,1,1,1,1,1,14,14,1,28595,2005-08-31,"-47,55579933","-21,57534049",4326,500,1,14,1,0,Normal,"20,85",,0,1,"29,28","29,28"
1,1,1,1,1,1,15,15,1,28595,2005-08-31,"-47,55579933","-21,57534049",4326,500,1,15,1,0,Normal,"20,44",,0,1,"29,15","29,15"
1,1,1,1,1,1,16,16,1,28595,2005-08-31,"-47,55579933","-21,57534049",4326,500,1,16,1,0,Normal,"22,22",,0,1,"29,68","29,68"
1,1,1,1,1,1,17,17,1,28595,2005-08-31,"-47,55579933","-21,57534049",4326,500,1,17,1,0,Normal,"20,75",,0,1,"29,25","29,25"
1,1,1,1,1,1,18,18,1,28595,2005-08-31,"-47,55579933","-21,57534049",4326,500,1,18,1,0,Normal,"21,71",,0,1,"29,53","29,53"
1,1,1,1,1,1,19,19,1,28595,2005-08-31,"-47,55579933","-21,57534049",4326,500,1,19,1,0,Normal,"19,67",,0,1,"28,9","28,9"
1,1,1,1,1,1,20,20,1,28595,2005-08-31,"-47,55579933","-21,57534049",4326,500,1,20,1,0,Normal,22,,0,1,"29,61","29,61"
1,1,1,1,1,1,21,21,1,28595,2005-08-31,"-47,55579933","-21,57534049",4326,500,1,21,1,0,Normal,"20,47","29,6",1,1,"29,16","29,6"
1,1,1,1,1,1,22,22,1,28595,2005-08-31,"-47,55579933","-21,57534049",4326,500,1,22,1,0,Normal,"18,08","28,4",1,1,"28,31","28,4"
1,1,1,1,1,1,23,23,1,28595,2005-08-31,"-47,55579933","-21,57534049",4326,500,1,23,1,0,Normal,"16,01","27,3",1,1,"27,41","27,3"
1,1,1,1,1,1,24,24,1,28595,2005-08-31,"-47,55579933","-21,57534049",4326,500,1,24,1,0,Normal,"19,03",29,1,1,"28,67",29
1,1,1,1,1,1,25,25,1,28595,2005-08-31,"-47,55579933","-21,57534049",4326,500,1,25,1,0,Normal,"19,77","29,1",1,1,"28,93","29,1"
1,1,1,1,1,1,26,26,1,28595,2005-08-31,"-47,55579933","-21,57534049",4326,500,1,26,1,0,Normal,22,"29,9",1,1,"29,61","29,9"
1,1,1,1,1,1,27,27,1,28595,2005-08-31,"-47,55579933","-21,57534049",4326,500,1,27,1,0,Normal,"15,85",27,1,1,"27,33",27
1,1,1,1,1,1,28,28,1,28595,2005-08-31,"-47,55579933","-21,57534049",4326,500,1,28,1,2,Dominante,"24,26",30,1,1,"30,19",30
1,1,1,1,1,1,29,29,1,28595,2005-08-31,"-47,55579933","-21,57534049",4326,500,1,29,1,2,Dominante,"23,97",30,1,1,"30,12",30
1,1,1,1,1,1,30,30,1,28595,2005-08-31,"-47,55579933","-21,57534049",4326,500,1,30,1,1,Falha,0,,0,0,,
1,1,1,1,1,1,31,31,1,28595,2005-08-31,"-47,55579933","-21,57534049",4326,500,1,31,1,2,Dominante,"23,68","29,8",1,1,"30,05","29,8"
1,1,1,1,1,1,32,32,1,28595,2005-08-31,"-47,55579933","-21,57534049",4326,500,1,32,1,2,Dominante,"23,01",30,1,1,"29,88",30
1,1,1,1,1,1,33,33,1,28595,2005-08-31,"-47,55579933","-21,57534049",4326,500,1,33,1,0,Normal,"21,07",,0,1,"29,34","29,34"
1,1,1,1,1,1,34,34,1,28595,2005-08-31,"-47,55579933","-21,57534049",4326,500,1,34,1,2,Dominante,"22,79","29,4",1,1,"29,83","29,4"
1,1,1,1,1,1,35,35,1,28595,2005-08-31,"-47,55579933","-21,57534049",4326,500,1,35,1,1,Falha,0,,0,0,,
1,1,1,1,1,1,36,36,1,28595,2005-08-31,"-47,55579933","-21,57534049",4326,500,1,36,1,0,Normal,"21,71",,0,1,"29,53","29,53"
1,1,1,1,1,1,37,37,1,28595,2005-08-31,"-47,55579933","-21,57534049",4326,500,1,37,1,0,Normal,"21,77",,0,1,"29,55","29,55"
1,1,1,1,1,1,38,38,1,28595,2005-08-31,"-47,55579933","-21,57534049",4326,500,1,38,1,0,Normal,"21,68",,0,1,"29,52","29,52"
1,1,1,1,1,1,39,39,1,28595,2005-08-31,"-47,55579933","-21,57534049",4326,500,1,39,1,0,Normal,"22,7",,0,1,"29,8","29,8"
1,1,1,1,1,1,40,40,1,28595,2005-08-31,"-47,55579933","-21,57534049",4326,500,1,40,1,0,Normal,"19,96",,0,1,"28,99","28,99"
1,1,1,1,1,1,41,41,1,28595,2005-08-31,"-47,55579933","-21,57534049",4326,500,1,41,1,0,Normal,"12,64",,0,1,"25,4","25,4"
1,1,1,1,1,1,42,42,1,28595,2005-08-31,"-47,55579933","-21,57534049",4326,500,1,42,1,0,Normal,"19,86",,0,1,"28,96","28,96"
1,1,1,1,1,1,43,43,1,28595,2005-08-31,"-47,55579933","-21,57534049",4326,500,1,43,1,0,Normal,"22,63",,0,1,"29,79","29,79"
1,1,1,1,1,1,44,44,1,28595,2005-08-31,"-47,55579933","-21,57534049",4326,500,1,44,1,0,Normal,"11,49",,0,1,"24,5","24,5"
1,1,1,1,1,1,45,45,1,28595,2005-08-31,"-47,55579933","-21,57534049",4326,500,1,45,1,0,Normal,"14,51",,0,1,"26,61","26,61"
1,1,1,1,1,1,46,46,1,28595,2005-08-31,"-47,55579933","-21,57534049",4326,500,1,46,1,0,Normal,"18,05",,0,1,"28,3","28,3"
1,1,1,1,1,1,47,47,1,28595,2005-08-31,"-47,55579933","-21,57534049",4326,500,1,47,1,0,Normal,"20,09",,0,1,"29,04","29,04"
1,1,1,1,2,2,48,48,1,28596,2005-08-31,"-47,55577241","-21,5738061",4326,500,1,1,1,0,Normal,"20,15",,0,1,"28,42","28,42"
1,1,1,1,2,2,49,49,1,28596,2005-08-31,"-47,55577241","-21,5738061",4326,500,1,2,1,2,Dominante,"21,26","28,8",1,1,"28,82","28,8"
1,1,1,1,2,2,50,50,1,28596,2005-08-31,"-47,55577241","-21,5738061",4326,500,1,3,1,3,Bifurcada Abaixo,"12,32",,0,1,"23,95","23,95"
1,1,1,1,2,2,50,51,1,28596,2005-08-31,"-47,55577241","-21,5738061",4326,500,1,3,2,3,Bifurcada Abaixo,"14,83",,0,1,"25,8","25,8"
1,1,1,1,2,2,51,52,1,28596,2005-08-31,"-47,55577241","-21,5738061",4326,500,1,4,1,0,Normal,"18,72",,0,1,"27,84","27,84"
1,1,1,1,2,2,52,53,1,28596,2005-08-31,"-47,55577241","-21,5738061",4326,500,1,5,1,0,Normal,"10,15",,0,1,"21,8","21,8"
1,1,1,1,2,2,53,54,1,28596,2005-08-31,"-47,55577241","-21,5738061",4326,500,1,6,1,0,Normal,"15,79",,0,1,"26,38","26,38"
1,1,1,1,2,2,54,55,1,28596,2005-08-31,"-47,55577241","-21,5738061",4326,500,1,7,1,0,Normal,"18,49",,0,1,"27,74","27,74"
1,1,1,1,2,2,55,56,1,28596,2005-08-31,"-47,55577241","-21,5738061",4326,500,1,8,1,0,Normal,"16,49",,0,1,"26,77","26,77"
1,1,1,1,2,2,56,57,1,28596,2005-08-31,"-47,55577241","-21,5738061",4326,500,1,9,1,0,Normal,"17,32",,0,1,"27,2","27,2"
1,1,1,1,2,2,57,58,1,28596,2005-08-31,"-47,55577241","-21,5738061",4326,500,1,10,1,0,Normal,"14,74",,0,1,"25,75","25,75"
1,1,1,1,2,2,58,59,1,28596,2005-08-31,"-47,55577241","-21,5738061",4326,500,1,11,1,0,Normal,"19,8",,0,1,"28,29","28,29"
1,1,1,1,2,2,59,60,1,28596,2005-08-31,"-47,55577241","-21,5738061",4326,500,1,12,1,0,Normal,"16,77",,0,1,"26,92","26,92"
1,1,1,1,2,2,60,61,1,28596,2005-08-31,"-47,55577241","-21,5738061",4326,500,1,13,1,0,Normal,"20,5",,0,1,"28,55","28,55"
1,1,1,1,2,2,61,62,1,28596,2005-08-31,"-47,55577241","-21,5738061",4326,500,1,14,1,0,Normal,"9,61",,0,1,"21,15","21,15"
1,1,1,1,2,2,62,63,1,28596,2005-08-31,"-47,55577241","-21,5738061",4326,500,1,15,1,0,Normal,"18,62",,0,1,"27,8","27,8"
1,1,1,1,2,2,63,64,1,28596,2005-08-31,"-47,55577241","-21,5738061",4326,500,1,16,1,0,Normal,"16,27",,0,1,"26,65","26,65"
1,1,1,1,2,2,64,65,1,28596,2005-08-31,"-47,55577241","-21,5738061",4326,500,1,17,1,0,Normal,"17,95",,0,1,"27,5","27,5"
1,1,1,1,2,2,65,66,1,28596,2005-08-31,"-47,55577241","-21,5738061",4326,500,1,18,1,0,Normal,"14,9",,0,1,"25,85","25,85"
1,1,1,1,2,2,66,67,1,28596,2005-08-31,"-47,55577241","-21,5738061",4326,500,1,19,1,0,Normal,"16,39",,0,1,"26,72","26,72"
1,1,1,1,2,2,67,68,1,28596,2005-08-31,"-47,55577241","-21,5738061",4326,500,1,20,1,0,Normal,"17,51",,0,1,"27,29","27,29"
1,1,1,1,2,2,68,69,1,28596,2005-08-31,"-47,55577241","-21,5738061",4326,500,1,21,1,0,Normal,"19,64",,0,1,"28,22","28,22"
1,1,1,1,2,2,69,70,1,28596,2005-08-31,"-47,55577241","-21,5738061",4326,500,1,22,1,0,Normal,"14,48",,0,1,"25,58","25,58"
1,1,1,1,2,2,70,71,1,28596,2005-08-31,"-47,55577241","-21,5738061",4326,500,1,23,1,0,Normal,"17,63","26,3",1,1,"27,35","26,3"
1,1,1,1,2,2,71,72,1,28596,2005-08-31,"-47,55577241","-21,5738061",4326,500,1,24,1,0,Normal,"16,3",27,1,1,"26,67",27
1,1,1,1,2,2,72,73,1,28596,2005-08-31,"-47,55577241","-21,5738061",4326,500,1,25,1,0,Normal,"16,9",27,1,1,"26,99",27
1,1,1,1,2,2,73,74,1,28596,2005-08-31,"-47,55577241","-21,5738061",4326,500,1,26,1,0,Normal,"15,63","26,2",1,1,"26,29","26,2"
1,1,1,1,2,2,74,75,1,28596,2005-08-31,"-47,55577241","-21,5738061",4326,500,1,27,1,0,Normal,"15,6","26,4",1,1,"26,27","26,4"
1,1,1,1,2,2,75,76,1,28596,2005-08-31,"-47,55577241","-21,5738061",4326,500,1,28,1,0,Normal,"15,12","26,2",1,1,"25,99","26,2"
1,1,1,1,2,2,76,77,1,28596,2005-08-31,"-47,55577241","-21,5738061",4326,500,1,29,1,0,Normal,"18,02","27,3",1,1,"27,53","27,3"
1,1,1,1,2,2,77,78,1,28596,2005-08-31,"-47,55577241","-21,5738061",4326,500,1,30,1,0,Normal,"18,37",28,1,1,"27,69",28
1,1,1,1,2,2,78,79,1,28596,2005-08-31,"-47,55577241","-21,5738061",4326,500,1,31,1,0,Normal,"18,18","27,7",1,1,"27,6","27,7"
1,1,1,1,2,2,79,80,1,28596,2005-08-31,"-47,55577241","-21,5738061",4326,500,1,32,1,0,Normal,"18,62","28,3",1,1,"27,8","28,3"
1,1,1,1,2,2,80,81,1,28596,2005-08-31,"-47,55577241","-21,5738061",4326,500,1,33,1,0,Normal,"18,33","27,2",1,1,"27,67","27,2"
1,1,1,1,2,2,81,82,1,28596,2005-08-31,"-47,55577241","-21,5738061",4326,500,1,34,1,0,Normal,"19,86","28,2",1,1,"28,31","28,2"
1,1,1,1,2,2,82,83,1,28596,2005-08-31,"-47,55577241","-21,5738061",4326,500,1,35,1,0,Normal,"19,64",,0,1,"28,22","28,22"
1,1,1,1,2,2,83,84,1,28596,2005-08-31,"-47,55577241","-21,5738061",4326,500,1,36,1,0,Normal,"19,32",,0,1,"28,09","28,09"
1,1,1,1,2,2,84,85,1,28596,2005-08-31,"-47,55577241","-21,5738061",4326,500,1,37,1,0,Normal,"16,97",,0,1,"27,02","27,02"
1,1,1,1,2,2,85,86,1,28596,2005-08-31,"-47,55577241","-21,5738061",4326,500,1,38,1,0,Normal,"18,46",,0,1,"27,73","27,73"
1,1,1,1,2,2,86,87,1,28596,2005-08-31,"-47,55577241","-21,5738061",4326,500,1,39,1,0,Normal,"18,18",,0,1,"27,6","27,6"
1,1,1,1,2,2,87,88,1,28596,2005-08-31,"-47,55577241","-21,5738061",4326,500,1,40,1,0,Normal,"19,29",,0,1,"28,08","28,08"
1,1,1,1,2,2,88,89,1,28596,2005-08-31,"-47,55577241","-21,5738061",4326,500,1,41,1,0,Normal,"18,4",,0,1,"27,7","27,7"
1,1,1,1,2,2,89,90,1,28596,2005-08-31,"-47,55577241","-21,5738061",4326,500,1,42,1,0,Normal,"19,32",,0,1,"28,09","28,09"
1,1,1,1,2,2,90,91,1,28596,2005-08-31,"-47,55577241","-21,5738061",4326,500,1,43,1,2,Dominante,"21,49","29,2",1,1,"28,9","29,2"
1,1,1,1,2,2,91,92,1,28596,2005-08-31,"-47,55577241","-21,5738061",4326,500,1,44,1,2,Dominante,"20,72","28,5",1,1,"28,63","28,5"
1,1,1,1,2,2,92,93,1,28596,2005-08-31,"-47,55577241","-21,5738061",4326,500,1,45,1,0,Normal,"10,7",,0,1,"22,4","22,4"
1,1,1,1,2,2,93,94,1,28596,2005-08-31,"-47,55577241","-21,5738061",4326,500,1,46,1,2,Dominante,"21,2","29,2",1,1,"28,8","29,2"
1,1,1,1,2,2,94,95,1,28596,2005-08-31,"-47,55577241","-21,5738061",4326,500,1,47,1,0,Normal,"18,94",,0,1,"27,94","27,94"
1,1,1,1,2,2,95,96,1,28596,2005-08-31,"-47,55577241","-21,5738061",4326,500,1,48,1,0,Normal,"19,19",,0,1,"28,04","28,04"
1,1,1,1,2,2,96,97,1,28596,2005-08-31,"-47,55577241","-21,5738061",4326,500,1,49,1,2,Dominante,"20,88","28,5",1,1,"28,69","28,5"
1,1,1,1,2,2,97,98,1,28596,2005-08-31,"-47,55577241","-21,5738061",4326,500,1,50,1,0,Normal,"11,52",,0,1,"23,23","23,23"
1,1,1,1,3,3,98,99,1,28597,2005-08-31,"-47,554103","-21,5738317",4326,500,1,1,1,0,Normal,"17,54",,0,1,"25,66","25,66"
1,1,1,1,3,3,99,100,1,28597,2005-08-31,"-47,554103","-21,5738317",4326,500,1,2,1,0,Normal,"14,71",,0,1,"24,45","24,45"
1,1,1,1,3,3,100,101,1,28597,2005-08-31,"-47,554103","-21,5738317",4326,500,1,3,1,0,Normal,"20,34",,0,1,"26,57","26,57"
1,1,1,1,3,3,101,102,1,28597,2005-08-31,"-47,554103","-21,5738317",4326,500,1,4,1,0,Normal,"18,08",,0,1,"25,86","25,86"
1,1,1,1,3,3,102,103,1,28597,2005-08-31,"-47,554103","-21,5738317",4326,500,1,5,1,1,Falha,0,,0,0,,
1,1,1,1,3,3,103,104,1,28597,2005-08-31,"-47,554103","-21,5738317",4326,500,1,6,1,1,Falha,0,,0,0,,
1,1,1,1,3,3,104,105,1,28597,2005-08-31,"-47,554103","-21,5738317",4326,500,1,7,1,1,Falha,0,,0,0,,
1,1,1,1,3,3,105,106,1,28597,2005-08-31,"-47,554103","-21,5738317",4326,500,1,8,1,1,Falha,0,,0,0,,
1,1,1,1,3,3,106,107,1,28597,2005-08-31,"-47,554103","-21,5738317",4326,500,1,9,1,0,Normal,"19,48",,0,1,"26,32","26,32"
1,1,1,1,3,3,107,108,1,28597,2005-08-31,"-47,554103","-21,5738317",4326,500,1,10,1,0,Normal,"15,95","25,1",1,1,"25,02","25,1"
1,1,1,1,3,3,108,109,1,28597,2005-08-31,"-47,554103","-21,5738317",4326,500,1,11,1,1,Falha,0,,0,0,,
1,1,1,1,3,3,109,110,1,28597,2005-08-31,"-47,554103","-21,5738317",4326,500,1,12,1,1,Falha,0,,0,0,,
1,1,1,1,3,3,110,111,1,28597,2005-08-31,"-47,554103","-21,5738317",4326,500,1,13,1,0,Normal,"18,78",26,1,1,"26,09",26
1,1,1,1,3,3,111,112,1,28597,2005-08-31,"-47,554103","-21,5738317",4326,500,1,14,1,1,Falha,0,,0,0,,
1,1,1,1,3,3,112,113,1,28597,2005-08-31,"-47,554103","-21,5738317",4326,500,1,15,1,2,Dominante,"22,57","27,7",1,1,"27,15","27,7"
1,1,1,1,3,3,113,114,1,28597,2005-08-31,"-47,554103","-21,5738317",4326,500,1,16,1,1,Falha,0,,0,0,,
1,1,1,1,3,3,114,115,1,28597,2005-08-31,"-47,554103","-21,5738317",4326,500,1,17,1,0,Normal,"19,45","26,8",1,1,"26,31","26,8"
1,1,1,1,3,3,115,116,1,28597,2005-08-31,"-47,554103","-21,5738317",4326,500,1,18,1,1,Falha,0,,0,0,,
1,1,1,1,3,3,116,117,1,28597,2005-08-31,"-47,554103","-21,5738317",4326,500,1,19,1,0,Normal,"20,05",27,1,1,"26,49",27
1,1,1,1,3,3,117,118,1,28597,2005-08-31,"-47,554103","-21,5738317",4326,500,1,20,1,0,Normal,"16,71","25,6",1,1,"25,34","25,6"
1,1,1,1,3,3,118,119,1,28597,2005-08-31,"-47,554103","-21,5738317",4326,500,1,21,1,1,Falha,0,,0,0,,
1,1,1,1,3,3,119,120,1,28597,2005-08-31,"-47,554103","-21,5738317",4326,500,1,22,1,2,Dominante,"21,2","27,3",1,1,"26,81","27,3"
1,1,1,1,3,3,120,121,1,28597,2005-08-31,"-47,554103","-21,5738317",4326,500,1,23,1,2,Dominante,"24,57","27,8",1,1,"27,59","27,8"
1,1,1,1,3,3,121,122,1,28597,2005-08-31,"-47,554103","-21,5738317",4326,500,1,24,1,0,Normal,"19,83","25,7",1,1,"26,42","25,7"
1,1,1,1,3,3,122,123,1,28597,2005-08-31,"-47,554103","-21,5738317",4326,500,1,25,1,0,Normal,"15,85","24,7",1,1,"24,98","24,7"
1,1,1,1,3,3,123,124,1,28597,2005-08-31,"-47,554103","-21,5738317",4326,500,1,26,1,0,Normal,"19,39","26,3",1,1,"26,29","26,3"
1,1,1,1,3,3,124,125,1,28597,2005-08-31,"-47,554103","-21,5738317",4326,500,1,27,1,0,Normal,"20,79",,0,1,"26,7","26,7"
1,1,1,1,3,3,125,126,1,28597,2005-08-31,"-47,554103","-21,5738317",4326,500,1,28,1,1,Falha,0,,0,0,,
1,1,1,1,3,3,126,127,1,28597,2005-08-31,"-47,554103","-21,5738317",4326,500,1,29,1,2,Dominante,"21,65","25,6",1,1,"26,92","25,6"
1,1,1,1,3,3,127,128,1,28597,2005-08-31,"-47,554103","-21,5738317",4326,500,1,30,1,1,Falha,0,,0,0,,
1,1,1,1,3,3,128,129,1,28597,2005-08-31,"-47,554103","-21,5738317",4326,500,1,31,1,1,Falha,0,,0,0,,
1,1,1,1,3,3,129,130,1,28597,2005-08-31,"-47,554103","-21,5738317",4326,500,1,32,1,1,Falha,0,,0,0,,
1,1,1,1,3,3,130,131,1,28597,2005-08-31,"-47,554103","-21,5738317",4326,500,1,33,1,1,Falha,0,,0,0,,
1,1,1,1,3,3,131,132,1,28597,2005-08-31,"-47,554103","-21,5738317",4326,500,1,34,1,2,Dominante,"23,24","27,1",1,1,"27,3","27,1"
1,1,1,1,3,3,132,133,1,28597,2005-08-31,"-47,554103","-21,5738317",4326,500,1,35,1,0,Normal,"19,83",,0,1,"26,42","26,42"
1,1,1,1,3,3,133,134,1,28597,2005-08-31,"-47,554103","-21,5738317",4326,500,1,36,1,0,Normal,"15,63",,0,1,"24,88","24,88"
1,1,1,1,3,3,134,135,1,28597,2005-08-31,"-47,554103","-21,5738317",4326,500,1,37,1,0,Normal,"17,19",,0,1,"25,53","25,53"
1,1,1,1,3,3,135,136,1,28597,2005-08-31,"-47,554103","-21,5738317",4326,500,1,38,1,0,Normal,"18,75",,0,1,"26,08","26,08"
1,1,1,1,3,3,136,137,1,28597,2005-08-31,"-47,554103","-21,5738317",4326,500,1,39,1,0,Normal,"14,39",,0,1,"24,28","24,28"
1,1,1,1,3,3,137,138,1,28597,2005-08-31,"-47,554103","-21,5738317",4326,500,1,40,1,0,Normal,"17,03",,0,1,"25,47","25,47"
1,1,1,1,3,3,138,139,1,28597,2005-08-31,"-47,554103","-21,5738317",4326,500,1,41,1,0,Normal,"16,9",,0,1,"25,42","25,42"
1,1,1,1,4,4,139,140,1,28598,2005-08-31,"-47,55407578","-21,57227925",4326,500,1,1,1,0,Normal,"19,16",,0,1,"27,73","27,73"
1,1,1,1,4,4,140,141,1,28598,2005-08-31,"-47,55407578","-21,57227925",4326,500,1,2,1,4,Quebrada,"11,52","7,4",0,0,"21,23","7,4"
1,1,1,1,4,4,141,142,1,28598,2005-08-31,"-47,55407578","-21,57227925",4326,500,1,3,1,4,Quebrada,"12,41","7,4",0,0,"22,28","7,4"
1,1,1,1,4,4,142,143,1,28598,2005-08-31,"-47,55407578","-21,57227925",4326,500,1,4,1,0,Normal,"12,35",,0,1,"22,21","22,21"
1,1,1,1,4,4,143,144,1,28598,2005-08-31,"-47,55407578","-21,57227925",4326,500,1,5,1,2,Dominante,"24,19","30,9",1,1,"30,15","30,9"
1,1,1,1,4,4,144,145,1,28598,2005-08-31,"-47,55407578","-21,57227925",4326,500,1,6,1,0,Normal,"23,97",,0,1,"30,06","30,06"
1,1,1,1,4,4,145,146,1,28598,2005-08-31,"-47,55407578","-21,57227925",4326,500,1,7,1,2,Dominante,"24,92","30,7",1,1,"30,43","30,7"
1,1,1,1,4,4,146,147,1,28598,2005-08-31,"-47,55407578","-21,57227925",4326,500,1,8,1,0,Normal,"14,8",,0,1,"24,63","24,63"
1,1,1,1,4,4,147,148,1,28598,2005-08-31,"-47,55407578","-21,57227925",4326,500,1,9,1,2,Dominante,"27,79","29,9",1,1,"31,42","29,9"
1,1,1,1,4,4,148,149,1,28598,2005-08-31,"-47,55407578","-21,57227925",4326,500,1,10,1,0,Normal,"15,79",,0,1,"25,45","25,45"
1,1,1,1,4,4,149,150,1,28598,2005-08-31,"-47,55407578","-21,57227925",4326,500,1,11,1,0,Normal,"23,33",,0,1,"29,8","29,8"
1,1,1,1,4,4,150,151,1,28598,2005-08-31,"-47,55407578","-21,57227925",4326,500,1,12,1,0,Normal,"19,54",,0,1,"27,95","27,95"
1,1,1,1,4,4,151,152,1,28598,2005-08-31,"-47,55407578","-21,57227925",4326,500,1,13,1,1,Falha,0,,0,0,,
1,1,1,1,4,4,152,153,1,28598,2005-08-31,"-47,55407578","-21,57227925",4326,500,1,14,1,1,Falha,0,,0,0,,
1,1,1,1,4,4,153,154,1,28598,2005-08-31,"-47,55407578","-21,57227925",4326,500,1,15,1,1,Falha,0,,0,0,,
1,1,1,1,4,4,154,155,1,28598,2005-08-31,"-47,55407578","-21,57227925",4326,500,1,16,1,4,Quebrada,"10,95",,0,0,"20,5","20,5"
1,1,1,1,4,4,155,156,1,28598,2005-08-31,"-47,55407578","-21,57227925",4326,500,1,17,1,1,Falha,0,,0,0,,
1,1,1,1,4,4,156,157,1,28598,2005-08-31,"-47,55407578","-21,57227925",4326,500,1,18,1,0,Normal,"16,97",,0,1,"26,32","26,32"
1,1,1,1,4,4,157,158,1,28598,2005-08-31,"-47,55407578","-21,57227925",4326,500,1,19,1,0,Normal,"8,37",,0,1,"16,5","16,5"
1,1,1,1,4,4,158,159,1,28598,2005-08-31,"-47,55407578","-21,57227925",4326,500,1,20,1,0,Normal,"19,03",,0,1,"27,65","27,65"
1,1,1,1,4,4,159,160,1,28598,2005-08-31,"-47,55407578","-21,57227925",4326,500,1,21,1,0,Normal,"19,89","28,8",1,1,"28,14","28,8"
1,1,1,1,4,4,160,161,1,28598,2005-08-31,"-47,55407578","-21,57227925",4326,500,1,22,1,0,Normal,"23,62",30,1,1,"29,92",30
1,1,1,1,4,4,161,162,1,28598,2005-08-31,"-47,55407578","-21,57227925",4326,500,1,23,1,0,Normal,"8,98","17,1",1,1,"17,57","17,1"
1,1,1,1,4,4,162,163,1,28598,2005-08-31,"-47,55407578","-21,57227925",4326,500,1,24,1,0,Normal,"23,87","30,4",1,1,"30,02","30,4"
1,1,1,1,4,4,163,164,1,28598,2005-08-31,"-47,55407578","-21,57227925",4326,500,1,25,1,2,Dominante,"24,51","29,7",1,1,"30,28","29,7"
1,1,1,1,4,4,164,165,1,28598,2005-08-31,"-47,55407578","-21,57227925",4326,500,1,26,1,0,Normal,"15,31","25,5",1,1,"25,06","25,5"
1,1,1,1,4,4,165,166,1,28598,2005-08-31,"-47,55407578","-21,57227925",4326,500,1,27,1,0,Normal,"23,75","29,8",1,1,"29,97","29,8"
1,1,1,1,4,4,166,167,1,28598,2005-08-31,"-47,55407578","-21,57227925",4326,500,1,28,1,1,Falha,0,,0,0,,
1,1,1,1,4,4,167,168,1,28598,2005-08-31,"-47,55407578","-21,57227925",4326,500,1,29,1,0,Normal,"20,05","28,2",1,1,"28,23","28,2"
1,1,1,1,4,4,168,169,1,28598,2005-08-31,"-47,55407578","-21,57227925",4326,500,1,30,1,0,Normal,"8,63","17,2",1,1,"16,97","17,2"
1,1,1,1,4,4,169,170,1,28598,2005-08-31,"-47,55407578","-21,57227925",4326,500,1,31,1,0,Normal,"22,95",29,1,1,"29,63",29
1,1,1,1,4,4,170,171,1,28598,2005-08-31,"-47,55407578","-21,57227925",4326,500,1,32,1,0,Normal,"21,71",,0,1,"29,07","29,07"
1,1,1,1,4,4,171,172,1,28598,2005-08-31,"-47,55407578","-21,57227925",4326,500,1,33,1,0,Normal,"19,29",,0,1,"27,8","27,8"
1,1,1,1,4,4,172,173,1,28598,2005-08-31,"-47,55407578","-21,57227925",4326,500,1,34,1,0,Normal,"21,74",,0,1,"29,09","29,09"
1,1,1,1,4,4,173,174,1,28598,2005-08-31,"-47,55407578","-21,57227925",4326,500,1,35,1,0,Normal,"17,25",,0,1,"26,52","26,52"
1,1,1,1,4,4,174,175,1,28598,2005-08-31,"-47,55407578","-21,57227925",4326,500,1,36,1,0,Normal,"20,59",,0,1,"28,51","28,51"
1,1,1,1,4,4,175,176,1,28598,2005-08-31,"-47,55407578","-21,57227925",4326,500,1,37,1,2,Dominante,"24,73","30,9",1,1,"30,36","30,9"
1,1,1,1,4,4,176,177,1,28598,2005-08-31,"-47,55407578","-21,57227925",4326,500,1,38,1,4,Quebrada,"13,59","8,8",0,0,"23,51","8,8"
1,1,1,1,4,4,177,178,1,28598,2005-08-31,"-47,55407578","-21,57227925",4326,500,1,39,1,4,Quebrada,"12,83","7,7",0,0,"22,73","7,7"
1,1,1,1,4,4,178,179,1,28598,2005-08-31,"-47,55407578","-21,57227925",4326,500,1,40,1,4,Quebrada,"11,84","7,1",0,0,"21,62","7,1"
1,1,1,1,4,4,179,180,1,28598,2005-08-31,"-47,55407578","-21,57227925",4326,500,1,41,1,4,Quebrada,"12,76","7,6",0,0,"22,66","7,6"
1,1,1,1,4,4,180,181,1,28598,2005-08-31,"-47,55407578","-21,57227925",4326,500,1,42,1,0,Normal,"10,7",,0,1,"20,17","20,17"
1,1,1,1,4,4,181,182,1,28598,2005-08-31,"-47,55407578","-21,57227925",4326,500,1,43,1,0,Normal,"18,33",,0,1,"27,23","27,23"
1,1,1,1,4,4,182,183,1,28598,2005-08-31,"-47,55407578","-21,57227925",4326,500,1,44,1,0,Normal,"21,1",,0,1,"28,77","28,77"
1,1,1,1,4,4,183,184,1,28598,2005-08-31,"-47,55407578","-21,57227925",4326,500,1,45,1,0,Normal,"21,84",,0,1,"29,13","29,13"
1,1,1,1,4,4,184,185,1,28598,2005-08-31,"-47,55407578","-21,57227925",4326,500,1,46,1,0,Normal,"20,75",,0,1,"28,6","28,6"
1,1,1,1,4,4,185,186,1,28598,2005-08-31,"-47,55407578","-21,57227925",4326,500,1,47,1,0,Normal,"20,94",,0,1,"28,69","28,69"
1,1,1,1,5,5,186,187,1,28599,2005-08-31,"-47,55574517","-21,57225366",4326,500,1,1,1,2,Dominante,"23,65","29,7",1,1,"28,92","29,7"
1,1,1,1,5,5,187,188,1,28599,2005-08-31,"-47,55574517","-21,57225366",4326,500,1,2,1,0,Normal,"13,05",,0,1,"22,78","22,78"
1,1,1,1,5,5,188,189,1,28599,2005-08-31,"-47,55574517","-21,57225366",4326,500,1,3,1,0,Normal,"18,72",,0,1,"26,76","26,76"
1,1,1,1,5,5,189,190,1,28599,2005-08-31,"-47,55574517","-21,57225366",4326,500,1,4,1,2,Dominante,"22,22",29,1,1,"28,38",29
1,1,1,1,5,5,190,191,1,28599,2005-08-31,"-47,55574517","-21,57225366",4326,500,1,5,1,2,Dominante,"22,89","28,9",1,1,"28,64","28,9"
1,1,1,1,5,5,191,192,1,28599,2005-08-31,"-47,55574517","-21,57225366",4326,500,1,6,1,0,Normal,"18,46",,0,1,"26,63","26,63"
1,1,1,1,5,5,192,193,1,28599,2005-08-31,"-47,55574517","-21,57225366",4326,500,1,7,1,0,Normal,"19,42",,0,1,"27,13","27,13"
1,1,1,1,5,5,193,194,1,28599,2005-08-31,"-47,55574517","-21,57225366",4326,500,1,8,1,0,Normal,"19,7",,0,1,"27,26","27,26"
1,1,1,1,5,5,194,195,1,28599,2005-08-31,"-47,55574517","-21,57225366",4326,500,1,9,1,0,Normal,"19,13",,0,1,"26,98","26,98"
1,1,1,1,5,5,195,196,1,28599,2005-08-31,"-47,55574517","-21,57225366",4326,500,1,10,1,0,Normal,"9,55",,0,1,"18,74","18,74"
1,1,1,1,5,5,196,197,1,28599,2005-08-31,"-47,55574517","-21,57225366",4326,500,1,11,1,2,Dominante,"26,26","29,5",1,1,"29,78","29,5"
1,1,1,1,5,5,197,198,1,28599,2005-08-31,"-47,55574517","-21,57225366",4326,500,1,12,1,0,Normal,"21,33",,0,1,"28,01","28,01"
1,1,1,1,5,5,198,199,1,28599,2005-08-31,"-47,55574517","-21,57225366",4326,500,1,13,1,0,Normal,"19,99",,0,1,"27,4","27,4"
1,1,1,1,5,5,199,200,1,28599,2005-08-31,"-47,55574517","-21,57225366",4326,500,1,14,1,2,Dominante,"22,41","28,6",1,1,"28,45","28,6"
1,1,1,1,5,5,200,201,1,28599,2005-08-31,"-47,55574517","-21,57225366",4326,500,1,15,1,0,Normal,"18,68",,0,1,"26,74","26,74"
1,1,1,1,5,5,201,202,1,28599,2005-08-31,"-47,55574517","-21,57225366",4326,500,1,16,1,5,Inclinadas,"3,21",,0,1,"4,45","4,45"
1,1,1,1,5,5,202,203,1,28599,2005-08-31,"-47,55574517","-21,57225366",4326,500,1,17,1,0,Normal,"21,01",,0,1,"27,87","27,87"
1,1,1,1,5,5,203,204,1,28599,2005-08-31,"-47,55574517","-21,57225366",4326,500,1,18,1,0,Normal,"21,04",,0,1,"27,88","27,88"
1,1,1,1,5,5,204,205,1,28599,2005-08-31,"-47,55574517","-21,57225366",4326,500,1,19,1,0,Normal,"16,39",,0,1,"25,39","25,39"
1,1,1,1,5,5,205,206,1,28599,2005-08-31,"-47,55574517","-21,57225366",4326,500,1,20,1,0,Normal,"21,17",,0,1,"27,94","27,94"
1,1,1,1,5,5,206,207,1,28599,2005-08-31,"-47,55574517","-21,57225366",4326,500,1,21,1,0,Normal,"20,5",,0,1,"27,64","27,64"
1,1,1,1,5,5,207,208,1,28599,2005-08-31,"-47,55574517","-21,57225366",4326,500,1,22,1,0,Normal,"16,97","26,2",1,1,"25,76","26,2"
1,1,1,1,5,5,208,209,1,28599,2005-08-31,"-47,55574517","-21,57225366",4326,500,1,23,1,0,Normal,"17,44","26,3",1,1,"26,05","26,3"
1,1,1,1,5,5,209,210,1,28599,2005-08-31,"-47,55574517","-21,57225366",4326,500,1,24,1,0,Normal,"20,4","27,1",1,1,"27,6","27,1"
1,1,1,1,5,5,210,211,1,28599,2005-08-31,"-47,55574517","-21,57225366",4326,500,1,25,1,0,Normal,"17,6","26,4",1,1,"26,14","26,4"
1,1,1,1,5,5,211,212,1,28599,2005-08-31,"-47,55574517","-21,57225366",4326,500,1,26,1,0,Normal,"16,93","25,7",1,1,"25,73","25,7"
1,1,1,1,5,5,212,213,1,28599,2005-08-31,"-47,55574517","-21,57225366",4326,500,1,27,1,0,Normal,"19,51","26,4",1,1,"27,17","26,4"
1,1,1,1,5,5,213,214,1,28599,2005-08-31,"-47,55574517","-21,57225366",4326,500,1,28,1,0,Normal,"15,88","24,4",1,1,"25,05","24,4"
1,1,1,1,5,5,214,215,1,28599,2005-08-31,"-47,55574517","-21,57225366",4326,500,1,29,1,0,Normal,"17,51","25,9",1,1,"26,09","25,9"
1,1,1,1,5,5,215,216,1,28599,2005-08-31,"-47,55574517","-21,57225366",4326,500,1,30,1,0,Normal,19,"26,1",1,1,"26,91","26,1"
1,1,1,1,5,5,216,217,1,28599,2005-08-31,"-47,55574517","-21,57225366",4326,500,1,31,1,0,Normal,"13,24","23,4",1,1,"22,95","23,4"
1,1,1,1,5,5,217,218,1,28599,2005-08-31,"-47,55574517","-21,57225366",4326,500,1,32,1,0,Normal,"14,51",,0,1,"24,03","24,03"
1,1,1,1,5,5,218,219,1,28599,2005-08-31,"-47,55574517","-21,57225366",4326,500,1,33,1,0,Normal,"11,75",,0,1,"21,48","21,48"
1,1,1,1,5,5,219,220,1,28599,2005-08-31,"-47,55574517","-21,57225366",4326,500,1,34,1,0,Normal,"19,54",,0,1,"27,19","27,19"
1,1,1,1,5,5,220,221,1,28599,2005-08-31,"-47,55574517","-21,57225366",4326,500,1,35,1,0,Normal,"17,89",,0,1,"26,31","26,31"
1,1,1,1,5,5,221,222,1,28599,2005-08-31,"-47,55574517","-21,57225366",4326,500,1,36,1,0,Normal,"19,1",,0,1,"26,96","26,96"
1,1,1,1,5,5,222,223,1,28599,2005-08-31,"-47,55574517","-21,57225366",4326,500,1,37,1,0,Normal,17,,0,1,"25,78","25,78"
1,1,1,1,5,5,223,224,1,28599,2005-08-31,"-47,55574517","-21,57225366",4326,500,1,38,1,0,Normal,"16,14",,0,1,"25,22","25,22"
1,1,1,1,5,5,224,225,1,28599,2005-08-31,"-47,55574517","-21,57225366",4326,500,1,39,1,0,Normal,"17,57",,0,1,"26,12","26,12"
1,1,1,1,5,5,225,226,1,28599,2005-08-31,"-47,55574517","-21,57225366",4326,500,1,40,1,0,Normal,12,,0,1,"21,74","21,74"
1,1,1,1,5,5,226,227,1,28599,2005-08-31,"-47,55574517","-21,57225366",4326,500,1,41,1,0,Normal,"20,05",,0,1,"27,43","27,43"
1,1,1,1,5,5,227,228,1,28599,2005-08-31,"-47,55574517","-21,57225366",4326,500,1,42,1,0,Normal,"20,47",,0,1,"27,63","27,63"
1,1,1,1,5,5,228,229,1,28599,2005-08-31,"-47,55574517","-21,57225366",4326,500,1,43,1,0,Normal,"19,39",,0,1,"27,11","27,11"
1,1,1,1,5,5,229,230,1,28599,2005-08-31,"-47,55574517","-21,57225366",4326,500,1,44,1,0,Normal,"19,93",,0,1,"27,37","27,37"
1,1,1,1,5,5,230,231,1,28599,2005-08-31,"-47,55574517","-21,57225366",4326,500,1,45,1,0,Normal,"11,33",,0,1,"21,01","21,01"
1,1,1,1,5,5,231,232,1,28599,2005-08-31,"-47,55574517","-21,57225366",4326,500,1,46,1,0,Normal,"7,77",,0,1,"15,86","15,86"
1,1,1,1,5,5,232,233,1,28599,2005-08-31,"-47,55574517","-21,57225366",4326,500,1,47,1,0,Normal,"17,89",,0,1,"26,31","26,31"
1,1,1,1,7,7,276,278,1,28601,2005-08-31,"-47,55738715","-21,57066659",4326,500,1,1,1,3,Bifurcada Abaixo,"15,82",,0,1,"26,26","26,26"
1,1,1,1,7,7,276,279,1,28601,2005-08-31,"-47,55738715","-21,57066659",4326,500,1,1,2,3,Bifurcada Abaixo,"21,23",,0,1,"29,32","29,32"
1,1,1,1,7,7,277,280,1,28601,2005-08-31,"-47,55738715","-21,57066659",4326,500,1,2,1,0,Normal,"21,17",,0,1,"29,3","29,3"
1,1,1,1,7,7,278,281,1,28601,2005-08-31,"-47,55738715","-21,57066659",4326,500,1,3,1,1,Falha,0,,0,0,,
1,1,1,1,7,7,279,282,1,28601,2005-08-31,"-47,55738715","-21,57066659",4326,500,1,4,1,2,Dominante,"28,93","31,4",1,1,"31,96","31,4"
1,1,1,1,7,7,280,283,1,28601,2005-08-31,"-47,55738715","-21,57066659",4326,500,1,5,1,1,Falha,0,,0,0,,
1,1,1,1,7,7,281,284,1,28601,2005-08-31,"-47,55738715","-21,57066659",4326,500,1,6,1,1,Falha,0,,0,0,,
1,1,1,1,7,7,282,285,1,28601,2005-08-31,"-47,55738715","-21,57066659",4326,500,1,7,1,0,Normal,"15,85",,0,1,"26,28","26,28"
1,1,1,1,7,7,283,286,1,28601,2005-08-31,"-47,55738715","-21,57066659",4326,500,1,8,1,2,Dominante,"24,41","30,8",1,1,"30,58","30,8"
1,1,1,1,7,7,284,287,1,28601,2005-08-31,"-47,55738715","-21,57066659",4326,500,1,9,1,1,Falha,0,,0,0,,
1,1,1,1,7,7,285,288,1,28601,2005-08-31,"-47,55738715","-21,57066659",4326,500,1,10,1,0,Normal,"21,55",,0,1,"29,46","29,46"
1,1,1,1,7,7,286,289,1,28601,2005-08-31,"-47,55738715","-21,57066659",4326,500,1,11,1,1,Falha,0,,0,0,,
1,1,1,1,7,7,287,290,1,28601,2005-08-31,"-47,55738715","-21,57066659",4326,500,1,12,1,0,Normal,"21,9",,0,1,"29,62","29,62"
1,1,1,1,7,7,288,291,1,28601,2005-08-31,"-47,55738715","-21,57066659",4326,500,1,13,1,0,Normal,"20,21",,0,1,"28,85","28,85"
1,1,1,1,7,7,289,292,1,28601,2005-08-31,"-47,55738715","-21,57066659",4326,500,1,14,1,2,Dominante,"24,45","30,6",1,1,"30,6","30,6"
1,1,1,1,7,7,290,293,1,28601,2005-08-31,"-47,55738715","-21,57066659",4326,500,1,15,1,0,Normal,"20,21",,0,1,"28,85","28,85"
1,1,1,1,7,7,291,294,1,28601,2005-08-31,"-47,55738715","-21,57066659",4326,500,1,16,1,1,Falha,0,,0,0,,
1,1,1,1,7,7,292,295,1,28601,2005-08-31,"-47,55738715","-21,57066659",4326,500,1,17,1,0,Normal,"13,37",,0,1,"24,25","24,25"
1,1,1,1,7,7,293,296,1,28601,2005-08-31,"-47,55738715","-21,57066659",4326,500,1,18,1,0,Normal,"21,65",,0,1,"29,51","29,51"
1,1,1,1,7,7,294,297,1,28601,2005-08-31,"-47,55738715","-21,57066659",4326,500,1,19,1,0,Normal,"21,26",,0,1,"29,34","29,34"
1,1,1,1,7,7,295,298,1,28601,2005-08-31,"-47,55738715","-21,57066659",4326,500,1,20,1,2,Dominante,"23,3","31,6",1,1,"30,18","31,6"
1,1,1,1,7,7,296,299,1,28601,2005-08-31,"-47,55738715","-21,57066659",4326,500,1,21,1,0,Normal,"16,46",,0,1,"26,7","26,7"
1,1,1,1,7,7,297,300,1,28601,2005-08-31,"-47,55738715","-21,57066659",4326,500,1,22,1,3,Bifurcada Abaixo,"17,22",,0,1,"27,2","27,2"
1,1,1,1,7,7,297,301,1,28601,2005-08-31,"-47,55738715","-21,57066659",4326,500,1,22,2,3,Bifurcada Abaixo,"13,4",,0,1,"24,28","24,28"
1,1,1,1,7,7,298,302,1,28601,2005-08-31,"-47,55738715","-21,57066659",4326,500,1,23,1,0,Normal,"14,45","24,8",1,1,"25,2","24,8"
1,1,1,1,7,7,299,303,1,28601,2005-08-31,"-47,55738715","-21,57066659",4326,500,1,24,1,0,Normal,"15,76","26,6",1,1,"26,22","26,6"
1,1,1,1,7,7,300,304,1,28601,2005-08-31,"-47,55738715","-21,57066659",4326,500,1,25,1,6,Morta,"9,61","2,4",0,0,"19,85","2,4"
1,1,1,1,7,7,301,305,1,28601,2005-08-31,"-47,55738715","-21,57066659",4326,500,1,26,1,0,Normal,"16,23",27,1,1,"26,55",27
1,1,1,1,7,7,302,306,1,28601,2005-08-31,"-47,55738715","-21,57066659",4326,500,1,27,1,0,Normal,"15,15","25,4",1,1,"25,76","25,4"
1,1,1,1,7,7,303,307,1,28601,2005-08-31,"-47,55738715","-21,57066659",4326,500,1,28,1,0,Normal,"13,4",23,1,1,"24,28",23
1,1,1,1,7,7,304,308,1,28601,2005-08-31,"-47,55738715","-21,57066659",4326,500,1,29,1,0,Normal,"14,74","24,8",1,1,"25,44","24,8"
1,1,1,1,7,7,305,309,1,28601,2005-08-31,"-47,55738715","-21,57066659",4326,500,1,30,1,0,Normal,"10,22","21,5",1,1,"20,71","21,5"
1,1,1,1,7,7,306,310,1,28601,2005-08-31,"-47,55738715","-21,57066659",4326,500,1,31,1,0,Normal,"20,53","29,5",1,1,29,"29,5"
1,1,1,1,7,7,307,311,1,28601,2005-08-31,"-47,55738715","-21,57066659",4326,500,1,32,1,0,Normal,"19,99","28,1",1,1,"28,74","28,1"
1,1,1,1,7,7,308,312,1,28601,2005-08-31,"-47,55738715","-21,57066659",4326,500,1,33,1,0,Normal,"20,09","29,9",1,1,"28,79","29,9"
1,1,1,1,7,7,309,313,1,28601,2005-08-31,"-47,55738715","-21,57066659",4326,500,1,34,1,0,Normal,"21,39",,0,1,"29,39","29,39"
1,1,1,1,7,7,310,314,1,28601,2005-08-31,"-47,55738715","-21,57066659",4326,500,1,35,1,0,Normal,"21,52",,0,1,"29,45","29,45"
1,1,1,1,7,7,311,315,1,28601,2005-08-31,"-47,55738715","-21,57066659",4326,500,1,36,1,0,Normal,"20,5",,0,1,"28,99","28,99"
1,1,1,1,7,7,312,316,1,28601,2005-08-31,"-47,55738715","-21,57066659",4326,500,1,37,1,0,Normal,"20,66",,0,1,"29,06","29,06"
1,1,1,1,7,7,313,317,1,28601,2005-08-31,"-47,55738715","-21,57066659",4326,500,1,38,1,0,Normal,"19,26",,0,1,"28,37","28,37"
1,1,1,1,7,7,314,318,1,28601,2005-08-31,"-47,55738715","-21,57066659",4326,500,1,39,1,0,Normal,"20,12",,0,1,"28,81","28,81"
1,1,1,1,7,7,315,319,1,28601,2005-08-31,"-47,55738715","-21,57066659",4326,500,1,40,1,1,Falha,0,,0,0,,
1,1,1,1,7,7,316,320,1,28601,2005-08-31,"-47,55738715","-21,57066659",4326,500,1,41,1,0,Normal,"19,58",,0,1,"28,54","28,54"
1,1,1,1,7,7,317,321,1,28601,2005-08-31,"-47,55738715","-21,57066659",4326,500,1,42,1,0,Normal,"17,28",,0,1,"27,24","27,24"
1,1,1,1,7,7,318,322,1,28601,2005-08-31,"-47,55738715","-21,57066659",4326,500,1,43,1,0,Normal,"14,58",,0,1,"25,31","25,31"
1,1,1,1,7,7,319,323,1,28601,2005-08-31,"-47,55738715","-21,57066659",4326,500,1,44,1,0,Normal,"21,9",,0,1,"29,62","29,62"
1,1,1,1,7,7,320,324,1,28601,2005-08-31,"-47,55738715","-21,57066659",4326,500,1,45,1,1,Falha,0,,0,0,,
1,1,1,1,7,7,321,325,1,28601,2005-08-31,"-47,55738715","-21,57066659",4326,500,1,46,1,0,Normal,"8,44",,0,1,"17,98","17,98"
1,1,1,1,7,7,322,326,1,28601,2005-08-31,"-47,55738715","-21,57066659",4326,500,1,47,1,0,Normal,"21,26",,0,1,"29,34","29,34"
1,1,1,1,7,7,323,327,1,28601,2005-08-31,"-47,55738715","-21,57066659",4326,500,1,48,1,0,Normal,"19,26",,0,1,"28,37","28,37"
1,1,1,1,7,7,324,328,1,28601,2005-08-31,"-47,55738715","-21,57066659",4326,500,1,49,1,0,Normal,"22,95","29,6",1,1,"30,04","29,6"
1,1,1,1,7,7,325,329,1,28601,2005-08-31,"-47,55738715","-21,57066659",4326,500,1,50,1,2,Dominante,"24,06","29,9",1,1,"30,46","29,9"
1,1,1,1,9,9,373,377,1,28603,2005-08-31,"-47,5540484","-21,57071779",4326,500,1,1,1,0,Normal,"3,95",,0,1,"11,41","11,41"
1,1,1,1,9,9,374,378,1,28603,2005-08-31,"-47,5540484","-21,57071779",4326,500,1,2,1,0,Normal,"18,94",,0,1,"28,63","28,63"
1,1,1,1,9,9,375,379,1,28603,2005-08-31,"-47,5540484","-21,57071779",4326,500,1,3,1,0,Normal,"10,31",,0,1,"23,37","23,37"
1,1,1,1,9,9,376,380,1,28603,2005-08-31,"-47,5540484","-21,57071779",4326,500,1,4,1,0,Normal,"11,4",,0,1,"24,39","24,39"
1,1,1,1,9,9,377,381,1,28603,2005-08-31,"-47,5540484","-21,57071779",4326,500,1,5,1,0,Normal,"21,93",,0,1,"29,6","29,6"
1,1,1,1,9,9,378,382,1,28603,2005-08-31,"-47,5540484","-21,57071779",4326,500,1,6,1,0,Normal,"24,99",,0,1,"30,36","30,36"
1,1,1,1,9,9,379,383,1,28603,2005-08-31,"-47,5540484","-21,57071779",4326,500,1,7,1,0,Normal,"24,64",,0,1,"30,29","30,29"
1,1,1,1,9,9,380,384,1,28603,2005-08-31,"-47,5540484","-21,57071779",4326,500,1,8,1,0,Normal,"23,01",,0,1,"29,89","29,89"
1,1,1,1,9,9,381,385,1,28603,2005-08-31,"-47,5540484","-21,57071779",4326,500,1,9,1,0,Normal,"24,7",,0,1,"30,3","30,3"
1,1,1,1,9,9,382,386,1,28603,2005-08-31,"-47,5540484","-21,57071779",4326,500,1,10,1,2,Dominante,"26,13","30,6",1,1,"30,61","30,6"
1,1,1,1,9,9,383,387,1,28603,2005-08-31,"-47,5540484","-21,57071779",4326,500,1,11,1,2,Dominante,"26,01","30,5",1,1,"30,58","30,5"
1,1,1,1,9,9,384,388,1,28603,2005-08-31,"-47,5540484","-21,57071779",4326,500,1,12,1,2,Dominante,"28,33","30,2",1,1,"31,03","30,2"
1,1,1,1,9,9,385,389,1,28603,2005-08-31,"-47,5540484","-21,57071779",4326,500,1,13,1,4,Quebrada,"11,94","6,6",0,0,"24,84","6,6"
1,1,1,1,9,9,386,390,1,28603,2005-08-31,"-47,5540484","-21,57071779",4326,500,1,14,1,6,Morta,"11,08","5,7",0,0,"24,11","5,7"
1,1,1,1,9,9,387,391,1,28603,2005-08-31,"-47,5540484","-21,57071779",4326,500,1,15,1,0,Normal,"22,5",29,1,1,"29,75",29
1,1,1,1,9,9,388,392,1,28603,2005-08-31,"-47,5540484","-21,57071779",4326,500,1,16,1,0,Normal,"17,73","28,5",1,1,"28,16","28,5"
1,1,1,1,9,9,389,393,1,28603,2005-08-31,"-47,5540484","-21,57071779",4326,500,1,17,1,0,Normal,"23,3","30,3",1,1,"29,96","30,3"
1,1,1,1,9,9,390,394,1,28603,2005-08-31,"-47,5540484","-21,57071779",4326,500,1,18,1,0,Normal,"17,57","27,6",1,1,"28,1","27,6"
1,1,1,1,9,9,391,395,1,28603,2005-08-31,"-47,5540484","-21,57071779",4326,500,1,19,1,2,Dominante,"26,04","30,2",1,1,"30,59","30,2"
1,1,1,1,9,9,392,396,1,28603,2005-08-31,"-47,5540484","-21,57071779",4326,500,1,20,1,4,Quebrada,"12,57","6,1",0,0,"25,32","6,1"
1,1,1,1,9,9,393,397,1,28603,2005-08-31,"-47,5540484","-21,57071779",4326,500,1,21,1,2,Dominante,"26,04","31,2",1,1,"30,59","31,2"
1,1,1,1,9,9,394,398,1,28603,2005-08-31,"-47,5540484","-21,57071779",4326,500,1,22,1,0,Normal,"23,81","31,2",1,1,"30,09","31,2"
1,1,1,1,9,9,395,399,1,28603,2005-08-31,"-47,5540484","-21,57071779",4326,500,1,23,1,0,Normal,"24,67","30,9",1,1,"30,29","30,9"
1,1,1,1,9,9,396,400,1,28603,2005-08-31,"-47,5540484","-21,57071779",4326,500,1,24,1,0,Normal,"24,06","29,7",1,1,"30,15","29,7"
1,1,1,1,9,9,397,401,1,28603,2005-08-31,"-47,5540484","-21,57071779",4326,500,1,25,1,6,Morta,"11,94","8,2",0,0,"24,84","8,2"
1,1,1,1,9,9,398,402,1,28603,2005-08-31,"-47,5540484","-21,57071779",4326,500,1,26,1,0,Normal,"23,14",,0,1,"29,92","29,92"
1,1,1,1,9,9,399,403,1,28603,2005-08-31,"-47,5540484","-21,57071779",4326,500,1,27,1,6,Morta,"10,19","5,7",0,0,"23,25","5,7"
1,1,1,1,9,9,400,404,1,28603,2005-08-31,"-47,5540484","-21,57071779",4326,500,1,28,1,0,Normal,"23,46",,0,1,30,30
1,1,1,1,9,9,401,405,1,28603,2005-08-31,"-47,5540484","-21,57071779",4326,500,1,29,1,0,Normal,"22,85",,0,1,"29,85","29,85"
1,1,1,1,9,9,402,406,1,28603,2005-08-31,"-47,5540484","-21,57071779",4326,500,1,30,1,0,Normal,"21,65",,0,1,"29,52","29,52"
1,1,1,1,9,9,403,407,1,28603,2005-08-31,"-47,5540484","-21,57071779",4326,500,1,31,1,0,Normal,"20,66",,0,1,"29,22","29,22"
1,1,1,1,9,9,404,408,1,28603,2005-08-31,"-47,5540484","-21,57071779",4326,500,1,32,1,0,Normal,"23,71",,0,1,"30,07","30,07"
1,1,1,1,9,9,405,409,1,28603,2005-08-31,"-47,5540484","-21,57071779",4326,500,1,33,1,0,Normal,"24,64",,0,1,"30,29","30,29"
1,1,1,1,9,9,406,410,1,28603,2005-08-31,"-47,5540484","-21,57071779",4326,500,1,34,1,0,Normal,"15,98",,0,1,"27,38","27,38"
1,1,1,1,9,9,407,411,1,28603,2005-08-31,"-47,5540484","-21,57071779",4326,500,1,35,1,0,Normal,"22,79",,0,1,"29,83","29,83"
1,1,1,1,9,9,408,412,1,28603,2005-08-31,"-47,5540484","-21,57071779",4326,500,1,36,1,0,Normal,"19,96",,0,1,"28,99","28,99"
1,1,1,1,9,9,409,413,1,28603,2005-08-31,"-47,5540484","-21,57071779",4326,500,1,37,1,4,Quebrada,"11,87","7,4",0,0,"24,78","7,4"
1,1,1,1,9,9,410,414,1,28603,2005-08-31,"-47,5540484","-21,57071779",4326,500,1,38,1,4,Quebrada,"13,56","2,7",0,0,"26,01","2,7"
1,1,1,1,9,9,411,415,1,28603,2005-08-31,"-47,5540484","-21,57071779",4326,500,1,39,1,4,Quebrada,"12,41",7,0,0,"25,2",7
1,1,1,1,9,9,412,416,1,28603,2005-08-31,"-47,5540484","-21,57071779",4326,500,1,40,1,0,Normal,"18,94",,0,1,"28,63","28,63"
1,1,1,1,10,10,413,417,1,28604,2005-08-31,"-47,55735973","-21,56910513",4326,500,1,1,1,0,Normal,"20,69",,0,1,"29,47","29,47"
1,1,1,1,10,10,414,418,1,28604,2005-08-31,"-47,55735973","-21,56910513",4326,500,1,2,1,0,Normal,"16,55",,0,1,"27,51","27,51"
1,1,1,1,10,10,415,419,1,28604,2005-08-31,"-47,55735973","-21,56910513",4326,500,1,3,1,0,Normal,"8,94",,0,1,"20,54","20,54"
1,1,1,1,10,10,416,420,1,28604,2005-08-31,"-47,55735973","-21,56910513",4326,500,1,4,1,0,Normal,19,,0,1,"28,76","28,76"
1,1,1,1,10,10,417,421,1,28604,2005-08-31,"-47,55735973","-21,56910513",4326,500,1,5,1,0,Normal,"16,49",,0,1,"27,48","27,48"
1,1,1,1,10,10,418,422,1,28604,2005-08-31,"-47,55735973","-21,56910513",4326,500,1,6,1,0,Normal,"23,81",,0,1,"30,55","30,55"
1,1,1,1,10,10,419,423,1,28604,2005-08-31,"-47,55735973","-21,56910513",4326,500,1,7,1,0,Normal,"22,76",,0,1,"30,22","30,22"
1,1,1,1,10,10,420,424,1,28604,2005-08-31,"-47,55735973","-21,56910513",4326,500,1,8,1,3,Bifurcada Abaixo,"15,85",,0,1,"27,1","27,1"
1,1,1,1,10,10,420,425,1,28604,2005-08-31,"-47,55735973","-21,56910513",4326,500,1,8,2,3,Bifurcada Abaixo,"17,35",,0,1,"27,95","27,95"
1,1,1,1,10,10,421,426,1,28604,2005-08-31,"-47,55735973","-21,56910513",4326,500,1,9,1,0,Normal,"15,85",,0,1,"27,1","27,1"
1,1,1,1,10,10,422,427,1,28604,2005-08-31,"-47,55735973","-21,56910513",4326,500,1,10,1,2,Dominante,"27,22","32,2",1,1,"31,48","32,2"
1,1,1,1,10,10,423,428,1,28604,2005-08-31,"-47,55735973","-21,56910513",4326,500,1,11,1,0,Normal,"23,87",31,1,1,"30,57",31
1,1,1,1,10,10,424,429,1,28604,2005-08-31,"-47,55735973","-21,56910513",4326,500,1,12,1,0,Normal,"18,33",,0,1,"28,45","28,45"
1,1,1,1,10,10,425,430,1,28604,2005-08-31,"-47,55735973","-21,56910513",4326,500,1,13,1,0,Normal,"20,15",,0,1,"29,25","29,25"
1,1,1,1,10,10,426,431,1,28604,2005-08-31,"-47,55735973","-21,56910513",4326,500,1,14,1,0,Normal,"18,62",,0,1,"28,58","28,58"
1,1,1,1,10,10,427,432,1,28604,2005-08-31,"-47,55735973","-21,56910513",4326,500,1,15,1,0,Normal,"24,06",,0,1,"30,63","30,63"
1,1,1,1,10,10,428,433,1,28604,2005-08-31,"-47,55735973","-21,56910513",4326,500,1,16,1,0,Normal,"22,57",,0,1,"30,15","30,15"
1,1,1,1,10,10,429,434,1,28604,2005-08-31,"-47,55735973","-21,56910513",4326,500,1,17,1,0,Normal,"11,87",,0,1,"24,03","24,03"
1,1,1,1,10,10,430,435,1,28604,2005-08-31,"-47,55735973","-21,56910513",4326,500,1,18,1,0,Normal,"20,44",,0,1,"29,37","29,37"
1,1,1,1,10,10,431,436,1,28604,2005-08-31,"-47,55735973","-21,56910513",4326,500,1,19,1,0,Normal,"20,4",,0,1,"29,36","29,36"
1,1,1,1,10,10,432,437,1,28604,2005-08-31,"-47,55735973","-21,56910513",4326,500,1,20,1,0,Normal,"16,46",,0,1,"27,46","27,46"
1,1,1,1,10,10,433,438,1,28604,2005-08-31,"-47,55735973","-21,56910513",4326,500,1,21,1,0,Normal,"17,41",,0,1,"27,98","27,98"
1,1,1,1,10,10,434,439,1,28604,2005-08-31,"-47,55735973","-21,56910513",4326,500,1,22,1,0,Normal,"17,73",28,1,1,"28,15",28
1,1,1,1,10,10,435,440,1,28604,2005-08-31,"-47,55735973","-21,56910513",4326,500,1,23,1,0,Normal,"14,16","26,7",1,1,"25,97","26,7"
1,1,1,1,10,10,436,441,1,28604,2005-08-31,"-47,55735973","-21,56910513",4326,500,1,24,1,2,Dominante,"25,15","30,4",1,1,"30,94","30,4"
1,1,1,1,10,10,437,442,1,28604,2005-08-31,"-47,55735973","-21,56910513",4326,500,1,25,1,0,Normal,"19,51","28,9",1,1,"28,99","28,9"
1,1,1,1,10,10,438,443,1,28604,2005-08-31,"-47,55735973","-21,56910513",4326,500,1,26,1,0,Normal,"10,66","22,2",1,1,"22,76","22,2"
1,1,1,1,10,10,439,444,1,28604,2005-08-31,"-47,55735973","-21,56910513",4326,500,1,27,1,0,Normal,"14,99",27,1,1,"26,55",27
1,1,1,1,10,10,440,445,1,28604,2005-08-31,"-47,55735973","-21,56910513",4326,500,1,28,1,0,Normal,"14,8","26,5",1,1,"26,42","26,5"
1,1,1,1,10,10,441,446,1,28604,2005-08-31,"-47,55735973","-21,56910513",4326,500,1,29,1,0,Normal,"14,77",27,1,1,"26,4",27
1,1,1,1,10,10,442,447,1,28604,2005-08-31,"-47,55735973","-21,56910513",4326,500,1,30,1,0,Normal,"22,44","30,3",1,1,"30,11","30,3"
1,1,1,1,10,10,443,448,1,28604,2005-08-31,"-47,55735973","-21,56910513",4326,500,1,31,1,0,Normal,"12,41","24,2",1,1,"24,54","24,2"
1,1,1,1,10,10,444,449,1,28604,2005-08-31,"-47,55735973","-21,56910513",4326,500,1,32,1,2,Dominante,"24,64","29,3",1,1,"30,8","29,3"
1,1,1,1,10,10,445,450,1,28604,2005-08-31,"-47,55735973","-21,56910513",4326,500,1,33,1,0,Normal,"21,8",,0,1,"29,89","29,89"
1,1,1,1,10,10,446,451,1,28604,2005-08-31,"-47,55735973","-21,56910513",4326,500,1,34,1,0,Normal,"23,01",,0,1,"30,3","30,3"
1,1,1,1,10,10,447,452,1,28604,2005-08-31,"-47,55735973","-21,56910513",4326,500,1,35,1,1,Falha,0,,0,0,,
1,1,1,1,10,10,448,453,1,28604,2005-08-31,"-47,55735973","-21,56910513",4326,500,1,36,1,2,Dominante,"24,16","30,8",1,1,"30,66","30,8"
1,1,1,1,10,10,449,454,1,28604,2005-08-31,"-47,55735973","-21,56910513",4326,500,1,37,1,0,Normal,"21,87",,0,1,"29,91","29,91"
1,1,1,1,10,10,450,455,1,28604,2005-08-31,"-47,55735973","-21,56910513",4326,500,1,38,1,1,Falha,0,,0,0,,
1,1,1,1,10,10,451,456,1,28604,2005-08-31,"-47,55735973","-21,56910513",4326,500,1,39,1,1,Falha,0,,0,0,,
1,1,1,1,10,10,452,457,1,28604,2005-08-31,"-47,55735973","-21,56910513",4326,500,1,40,1,1,Falha,0,,0,0,,
1,1,1,1,10,10,453,458,1,28604,2005-08-31,"-47,55735973","-21,56910513",4326,500,1,41,1,1,Falha,0,,0,0,,
1,1,1,1,10,10,454,459,1,28604,2005-08-31,"-47,55735973","-21,56910513",4326,500,1,42,1,1,Falha,0,,0,0,,
1,1,1,1,10,10,455,460,1,28604,2005-08-31,"-47,55735973","-21,56910513",4326,500,1,43,1,0,Normal,"18,37",,0,1,"28,47","28,47"
1,1,1,1,10,10,456,461,1,28604,2005-08-31,"-47,55735973","-21,56910513",4326,500,1,44,1,1,Falha,0,,0,0,,
1,1,1,1,10,10,457,462,1,28604,2005-08-31,"-47,55735973","-21,56910513",4326,500,1,45,1,0,Normal,"17,25",,0,1,"27,9","27,9"
1,1,1,1,10,10,458,463,1,28604,2005-08-31,"-47,55735973","-21,56910513",4326,500,1,46,1,2,Dominante,"24,35","30,5",1,1,"30,71","30,5"
1,1,1,1,10,10,459,464,1,28604,2005-08-31,"-47,55735973","-21,56910513",4326,500,1,47,1,0,Normal,"23,46",,0,1,"30,44","30,44"
1,1,1,1,10,10,460,465,1,28604,2005-08-31,"-47,55735973","-21,56910513",4326,500,1,48,1,0,Normal,"22,54",,0,1,"30,14","30,14"
1,1,1,1,10,10,461,466,1,28604,2005-08-31,"-47,55735973","-21,56910513",4326,500,1,49,1,0,Normal,"23,68",,0,1,"30,51","30,51"
1,1,1,1,11,11,462,467,1,28605,2005-08-31,"-47,55569038","-21,56913073",4326,500,1,1,1,1,Falha,0,,0,0,,
1,1,1,1,11,11,463,468,1,28605,2005-08-31,"-47,55569038","-21,56913073",4326,500,1,2,1,0,Normal,"22,12",,0,1,"31,15","31,15"
1,1,1,1,11,11,464,469,1,28605,2005-08-31,"-47,55569038","-21,56913073",4326,500,1,3,1,0,Normal,"19,45",,0,1,"30,15","30,15"
1,1,1,1,11,11,465,470,1,28605,2005-08-31,"-47,55569038","-21,56913073",4326,500,1,4,1,0,Normal,"21,26",,0,1,"30,85","30,85"
1,1,1,1,11,11,466,471,1,28605,2005-08-31,"-47,55569038","-21,56913073",4326,500,1,5,1,0,Normal,"18,91",,0,1,"29,92","29,92"
1,1,1,1,11,11,467,472,1,28605,2005-08-31,"-47,55569038","-21,56913073",4326,500,1,6,1,0,Normal,"19,96",,0,1,"30,36","30,36"
1,1,1,1,11,11,468,473,1,28605,2005-08-31,"-47,55569038","-21,56913073",4326,500,1,7,1,0,Normal,"19,99",,0,1,"30,37","30,37"
1,1,1,1,11,11,469,474,1,28605,2005-08-31,"-47,55569038","-21,56913073",4326,500,1,8,1,0,Normal,"19,58",,0,1,"30,2","30,2"
1,1,1,1,11,11,470,475,1,28605,2005-08-31,"-47,55569038","-21,56913073",4326,500,1,9,1,0,Normal,"20,4",,0,1,"30,53","30,53"
1,1,1,1,11,11,471,476,1,28605,2005-08-31,"-47,55569038","-21,56913073",4326,500,1,10,1,2,Dominante,"24,67",32,1,1,"31,93",32
1,1,1,1,11,11,472,477,1,28605,2005-08-31,"-47,55569038","-21,56913073",4326,500,1,11,1,0,Normal,"20,69",,0,1,"30,64","30,64"
1,1,1,1,11,11,473,478,1,28605,2005-08-31,"-47,55569038","-21,56913073",4326,500,1,12,1,0,Normal,"22,22",,0,1,"31,18","31,18"
1,1,1,1,11,11,474,479,1,28605,2005-08-31,"-47,55569038","-21,56913073",4326,500,1,13,1,0,Normal,"17,98",,0,1,"29,49","29,49"
1,1,1,1,11,11,475,480,1,28605,2005-08-31,"-47,55569038","-21,56913073",4326,500,1,14,1,0,Normal,"22,09",,0,1,"31,14","31,14"
1,1,1,1,11,11,476,481,1,28605,2005-08-31,"-47,55569038","-21,56913073",4326,500,1,15,1,0,Normal,"12,06",,0,1,"25,54","25,54"
1,1,1,1,11,11,477,482,1,28605,2005-08-31,"-47,55569038","-21,56913073",4326,500,1,16,1,0,Normal,"22,5",,0,1,"31,28","31,28"
1,1,1,1,11,11,478,483,1,28605,2005-08-31,"-47,55569038","-21,56913073",4326,500,1,17,1,0,Normal,"23,62",,0,1,"31,62","31,62"
1,1,1,1,11,11,479,484,1,28605,2005-08-31,"-47,55569038","-21,56913073",4326,500,1,18,1,0,Normal,"20,44","29,8",1,1,"30,55","29,8"
1,1,1,1,11,11,480,485,1,28605,2005-08-31,"-47,55569038","-21,56913073",4326,500,1,19,1,0,Normal,"21,84","30,4",1,1,"31,05","30,4"
1,1,1,1,11,11,481,486,1,28605,2005-08-31,"-47,55569038","-21,56913073",4326,500,1,20,1,0,Normal,"22,38","30,3",1,1,"31,24","30,3"
1,1,1,1,11,11,482,487,1,28605,2005-08-31,"-47,55569038","-21,56913073",4326,500,1,21,1,0,Normal,"23,33","31,6",1,1,"31,54","31,6"
1,1,1,1,11,11,483,488,1,28605,2005-08-31,"-47,55569038","-21,56913073",4326,500,1,22,1,0,Normal,"18,68","30,7",1,1,"29,81","30,7"
1,1,1,1,11,11,484,489,1,28605,2005-08-31,"-47,55569038","-21,56913073",4326,500,1,23,1,0,Normal,"21,1","30,9",1,1,"30,79","30,9"
1,1,1,1,11,11,485,490,1,28605,2005-08-31,"-47,55569038","-21,56913073",4326,500,1,24,1,2,Dominante,"23,94","31,6",1,1,"31,72","31,6"
1,1,1,1,11,11,486,491,1,28605,2005-08-31,"-47,55569038","-21,56913073",4326,500,1,25,1,0,Normal,"13,85",27,1,1,"27,02",27
1,1,1,1,11,11,487,492,1,28605,2005-08-31,"-47,55569038","-21,56913073",4326,500,1,26,1,2,Dominante,"24,67","31,6",1,1,"31,93","31,6"
1,1,1,1,11,11,488,493,1,28605,2005-08-31,"-47,55569038","-21,56913073",4326,500,1,27,1,0,Normal,"22,54",32,1,1,"31,29",32
1,1,1,1,11,11,489,494,1,28605,2005-08-31,"-47,55569038","-21,56913073",4326,500,1,28,1,0,Normal,"22,06",,0,1,"31,13","31,13"
1,1,1,1,11,11,490,495,1,28605,2005-08-31,"-47,55569038","-21,56913073",4326,500,1,29,1,0,Normal,"20,47",,0,1,"30,56","30,56"
1,1,1,1,11,11,491,496,1,28605,2005-08-31,"-47,55569038","-21,56913073",4326,500,1,30,1,0,Normal,"16,17",,0,1,"28,54","28,54"
1,1,1,1,11,11,492,497,1,28605,2005-08-31,"-47,55569038","-21,56913073",4326,500,1,31,1,0,Normal,"17,92",,0,1,"29,46","29,46"
1,1,1,1,11,11,493,498,1,28605,2005-08-31,"-47,55569038","-21,56913073",4326,500,1,32,1,0,Normal,"9,77",,0,1,"23,05","23,05"
1,1,1,1,11,11,494,499,1,28605,2005-08-31,"-47,55569038","-21,56913073",4326,500,1,33,1,0,Normal,"15,44",,0,1,"28,1","28,1"
1,1,1,1,11,11,495,500,1,28605,2005-08-31,"-47,55569038","-21,56913073",4326,500,1,34,1,0,Normal,"16,71",,0,1,"28,84","28,84"
1,1,1,1,11,11,496,501,1,28605,2005-08-31,"-47,55569038","-21,56913073",4326,500,1,35,1,0,Normal,"16,39",,0,1,"28,66","28,66"
1,1,1,1,11,11,497,502,1,28605,2005-08-31,"-47,55569038","-21,56913073",4326,500,1,36,1,0,Normal,"20,69",,0,1,"30,64","30,64"
1,1,1,1,11,11,498,503,1,28605,2005-08-31,"-47,55569038","-21,56913073",4326,500,1,37,1,0,Normal,"22,38",,0,1,"31,24","31,24"
1,1,1,1,11,11,499,504,1,28605,2005-08-31,"-47,55569038","-21,56913073",4326,500,1,38,1,0,Normal,"22,73",,0,1,"31,35","31,35"
1,1,1,1,11,11,500,505,1,28605,2005-08-31,"-47,55569038","-21,56913073",4326,500,1,39,1,0,Normal,"17,09",,0,1,"29,04","29,04"
1,1,1,1,11,11,501,506,1,28605,2005-08-31,"-47,55569038","-21,56913073",4326,500,1,40,1,0,Normal,"10,15",,0,1,"23,52","23,52"
1,1,1,1,11,11,502,507,1,28605,2005-08-31,"-47,55569038","-21,56913073",4326,500,1,41,1,2,Dominante,"25,18","32,7",1,1,"32,06","32,7"
1,1,1,1,11,11,503,508,1,28605,2005-08-31,"-47,55569038","-21,56913073",4326,500,1,42,1,2,Dominante,"26,04","32,6",1,1,"32,29","32,6"
1,1,1,1,11,11,504,509,1,28605,2005-08-31,"-47,55569038","-21,56913073",4326,500,1,43,1,0,Normal,"19,48",,0,1,"30,16","30,16"
1,1,1,1,11,11,505,510,1,28605,2005-08-31,"-47,55569038","-21,56913073",4326,500,1,44,1,0,Normal,"18,78",,0,1,"29,86","29,86"
1,1,1,1,11,11,506,511,1,28605,2005-08-31,"-47,55569038","-21,56913073",4326,500,1,45,1,0,Normal,"16,55",,0,1,"28,75","28,75"
1,1,1,1,11,11,507,512,1,28605,2005-08-31,"-47,55569038","-21,56913073",4326,500,1,46,1,0,Normal,"20,44",,0,1,"30,55","30,55"
1,2,1,1,15,15,643,654,2,28609,2005-08-31,"-47,55232432","-21,56762042",4326,500,1,1,1,1,Falha,0,,0,0,,
1,2,1,1,15,15,644,655,2,28609,2005-08-31,"-47,55232432","-21,56762042",4326,500,1,2,1,0,Normal,"17,79",,0,1,"26,04","26,04"
1,2,1,1,15,15,645,656,2,28609,2005-08-31,"-47,55232432","-21,56762042",4326,500,1,3,1,0,Normal,"18,33",,0,1,"26,26","26,26"
1,2,1,1,15,15,646,657,2,28609,2005-08-31,"-47,55232432","-21,56762042",4326,500,1,4,1,0,Normal,"17,13",,0,1,"25,77","25,77"
1,2,1,1,15,15,647,658,2,28609,2005-08-31,"-47,55232432","-21,56762042",4326,500,1,5,1,2,Dominante,"21,04","26,8",1,1,"27,2","26,8"
1,2,1,1,15,15,648,659,2,28609,2005-08-31,"-47,55232432","-21,56762042",4326,500,1,6,1,0,Normal,"16,39",,0,1,"25,43","25,43"
1,2,1,1,15,15,649,660,2,28609,2005-08-31,"-47,55232432","-21,56762042",4326,500,1,7,1,0,Normal,"12,25",,0,1,"22,95","22,95"
1,2,1,1,15,15,650,661,2,28609,2005-08-31,"-47,55232432","-21,56762042",4326,500,1,8,1,0,Normal,"18,37",,0,1,"26,28","26,28"
1,2,1,1,15,15,651,662,2,28609,2005-08-31,"-47,55232432","-21,56762042",4326,500,1,9,1,0,Normal,"15,66",,0,1,"25,07","25,07"
1,2,1,1,15,15,652,663,2,28609,2005-08-31,"-47,55232432","-21,56762042",4326,500,1,10,1,0,Normal,"17,19",,0,1,"25,79","25,79"
1,2,1,1,15,15,653,664,2,28609,2005-08-31,"-47,55232432","-21,56762042",4326,500,1,11,1,3,Bifurcada Abaixo,"12,73",,0,1,"23,3","23,3"
1,2,1,1,15,15,653,665,2,28609,2005-08-31,"-47,55232432","-21,56762042",4326,500,1,11,2,3,Bifurcada Abaixo,"15,85",,0,1,"25,17","25,17"
1,2,1,1,15,15,654,666,2,28609,2005-08-31,"-47,55232432","-21,56762042",4326,500,1,12,1,1,Falha,0,,0,0,,
1,2,1,1,15,15,655,667,2,28609,2005-08-31,"-47,55232432","-21,56762042",4326,500,1,13,1,0,Normal,"16,93",,0,1,"25,68","25,68"
1,2,1,1,15,15,656,668,2,28609,2005-08-31,"-47,55232432","-21,56762042",4326,500,1,14,1,0,Normal,"17,6",,0,1,"25,97","25,97"
1,2,1,1,15,15,657,669,2,28609,2005-08-31,"-47,55232432","-21,56762042",4326,500,1,15,1,3,Bifurcada Abaixo,"13,15",,0,1,"23,59","23,59"
1,2,1,1,15,15,657,670,2,28609,2005-08-31,"-47,55232432","-21,56762042",4326,500,1,15,2,3,Bifurcada Abaixo,"18,3",,0,1,"26,25","26,25"
1,2,1,1,15,15,658,671,2,28609,2005-08-31,"-47,55232432","-21,56762042",4326,500,1,16,1,3,Bifurcada Abaixo,"12,38",,0,1,"23,04","23,04"
1,2,1,1,15,15,658,672,2,28609,2005-08-31,"-47,55232432","-21,56762042",4326,500,1,16,2,3,Bifurcada Abaixo,"10,25",,0,1,"21,19","21,19"
1,2,1,1,15,15,659,673,2,28609,2005-08-31,"-47,55232432","-21,56762042",4326,500,1,17,1,0,Normal,"17,51",,0,1,"25,93","25,93"
1,2,1,1,15,15,660,674,2,28609,2005-08-31,"-47,55232432","-21,56762042",4326,500,1,18,1,0,Normal,"18,05",,0,1,"26,15","26,15"
1,2,1,1,15,15,661,675,2,28609,2005-08-31,"-47,55232432","-21,56762042",4326,500,1,19,1,2,Dominante,"19,74","26,7",1,1,"26,78","26,7"
1,2,1,1,15,15,662,676,2,28609,2005-08-31,"-47,55232432","-21,56762042",4326,500,1,20,1,1,Falha,0,,0,0,,
1,2,1,1,15,15,663,677,2,28609,2005-08-31,"-47,55232432","-21,56762042",4326,500,1,21,1,0,Normal,"13,66",,0,1,"23,93","23,93"
1,2,1,1,15,15,664,678,2,28609,2005-08-31,"-47,55232432","-21,56762042",4326,500,1,22,1,0,Normal,"18,14","26,6",1,1,"26,19","26,6"
1,2,1,1,15,15,665,679,2,28609,2005-08-31,"-47,55232432","-21,56762042",4326,500,1,23,1,0,Normal,"17,98","26,6",1,1,"26,12","26,6"
1,2,1,1,15,15,666,680,2,28609,2005-08-31,"-47,55232432","-21,56762042",4326,500,1,24,1,0,Normal,"17,28","25,4",1,1,"25,83","25,4"
1,2,1,1,15,15,667,681,2,28609,2005-08-31,"-47,55232432","-21,56762042",4326,500,1,25,1,0,Normal,"17,09","26,1",1,1,"25,75","26,1"
1,2,1,1,15,15,668,682,2,28609,2005-08-31,"-47,55232432","-21,56762042",4326,500,1,26,1,2,Dominante,"18,84","26,4",1,1,"26,45","26,4"
1,2,1,1,15,15,669,683,2,28609,2005-08-31,"-47,55232432","-21,56762042",4326,500,1,27,1,3,Bifurcada Abaixo,"14,01","24,2",1,1,"24,15","24,2"
1,2,1,1,15,15,669,684,2,28609,2005-08-31,"-47,55232432","-21,56762042",4326,500,1,27,2,3,Bifurcada Abaixo,"10,31","20,7",1,1,"21,25","20,7"
1,2,1,1,15,15,670,685,2,28609,2005-08-31,"-47,55232432","-21,56762042",4326,500,1,28,1,0,Normal,"18,53",27,1,1,"26,34",27
1,2,1,1,15,15,671,686,2,28609,2005-08-31,"-47,55232432","-21,56762042",4326,500,1,29,1,0,Normal,"17,38","26,5",1,1,"25,87","26,5"
1,2,1,1,15,15,672,687,2,28609,2005-08-31,"-47,55232432","-21,56762042",4326,500,1,30,1,2,Dominante,"22,03","26,2",1,1,"27,49","26,2"
1,2,1,1,15,15,673,688,2,28609,2005-08-31,"-47,55232432","-21,56762042",4326,500,1,31,1,0,Normal,"13,88","24,6",1,1,"24,07","24,6"
1,2,1,1,15,15,674,689,2,28609,2005-08-31,"-47,55232432","-21,56762042",4326,500,1,32,1,0,Normal,"16,23",,0,1,"25,35","25,35"
1,2,1,1,15,15,675,690,2,28609,2005-08-31,"-47,55232432","-21,56762042",4326,500,1,33,1,0,Normal,"17,7",,0,1,"26,01","26,01"
1,2,1,1,15,15,676,691,2,28609,2005-08-31,"-47,55232432","-21,56762042",4326,500,1,34,1,3,Bifurcada Abaixo,"9,07",,0,1,"19,89","19,89"
1,2,1,1,15,15,676,692,2,28609,2005-08-31,"-47,55232432","-21,56762042",4326,500,1,34,2,3,Bifurcada Abaixo,"11,17",,0,1,"22,06","22,06"
1,2,1,1,15,15,677,693,2,28609,2005-08-31,"-47,55232432","-21,56762042",4326,500,1,35,1,3,Bifurcada Abaixo,"15,44",,0,1,"24,96","24,96"
1,2,1,1,15,15,677,694,2,28609,2005-08-31,"-47,55232432","-21,56762042",4326,500,1,35,2,3,Bifurcada Abaixo,"12,73",,0,1,"23,3","23,3"
1,2,1,1,15,15,678,695,2,28609,2005-08-31,"-47,55232432","-21,56762042",4326,500,1,36,1,3,Bifurcada Abaixo,"8,15",,0,1,"18,7","18,7"
1,2,1,1,15,15,678,696,2,28609,2005-08-31,"-47,55232432","-21,56762042",4326,500,1,36,2,3,Bifurcada Abaixo,"16,49",,0,1,"25,48","25,48"
1,2,1,1,15,15,679,697,2,28609,2005-08-31,"-47,55232432","-21,56762042",4326,500,1,37,1,3,Bifurcada Abaixo,"13,4",,0,1,"23,76","23,76"
1,2,1,1,15,15,679,698,2,28609,2005-08-31,"-47,55232432","-21,56762042",4326,500,1,37,2,3,Bifurcada Abaixo,"8,72",,0,1,"19,46","19,46"
1,2,1,1,15,15,680,699,2,28609,2005-08-31,"-47,55232432","-21,56762042",4326,500,1,38,1,0,Normal,"17,89",,0,1,"26,09","26,09"
1,2,1,1,15,15,681,700,2,28609,2005-08-31,"-47,55232432","-21,56762042",4326,500,1,39,1,0,Normal,"15,79",,0,1,"25,14","25,14"
1,2,1,1,15,15,682,701,2,28609,2005-08-31,"-47,55232432","-21,56762042",4326,500,1,40,1,0,Normal,"16,68",,0,1,"25,56","25,56"
1,2,1,1,15,15,683,702,2,28609,2005-08-31,"-47,55232432","-21,56762042",4326,500,1,41,1,0,Normal,"15,69",,0,1,"25,09","25,09"
1,2,1,1,15,15,684,703,2,28609,2005-08-31,"-47,55232432","-21,56762042",4326,500,1,42,1,3,Bifurcada Abaixo,"17,19",,0,1,"25,79","25,79"
1,2,1,1,15,15,684,704,2,28609,2005-08-31,"-47,55232432","-21,56762042",4326,500,1,42,2,3,Bifurcada Abaixo,"9,68",,0,1,"20,6","20,6"
1,2,1,1,15,15,685,705,2,28609,2005-08-31,"-47,55232432","-21,56762042",4326,500,1,43,1,0,Normal,"18,46",,0,1,"26,31","26,31"
1,2,1,1,15,15,686,706,2,28609,2005-08-31,"-47,55232432","-21,56762042",4326,500,1,44,1,0,Normal,"18,05",,0,1,"26,15","26,15"
1,2,1,1,15,15,687,707,2,28609,2005-08-31,"-47,55232432","-21,56762042",4326,500,1,45,1,0,Normal,"18,65",,0,1,"26,38","26,38"
1,2,1,1,15,15,688,708,2,28609,2005-08-31,"-47,55232432","-21,56762042",4326,500,1,46,1,0,Normal,"15,15",,0,1,"24,8","24,8"
1,2,1,1,15,15,689,709,2,28609,2005-08-31,"-47,55232432","-21,56762042",4326,500,1,47,1,2,Dominante,"19,64","26,4",1,1,"26,74","26,4"
1,2,1,1,15,15,690,710,2,28609,2005-08-31,"-47,55232432","-21,56762042",4326,500,1,48,1,0,Normal,"17,28",,0,1,"25,83","25,83"
1,2,1,1,15,15,691,711,2,28609,2005-08-31,"-47,55232432","-21,56762042",4326,500,1,49,1,0,Normal,"18,24",,0,1,"26,23","26,23"
1,2,1,1,15,15,692,712,2,28609,2005-08-31,"-47,55232432","-21,56762042",4326,500,1,50,1,0,Normal,"18,53",,0,1,"26,34","26,34"
1,2,1,1,16,16,693,713,2,28610,2005-08-31,"-47,55235167","-21,56918189",4326,500,1,1,1,0,Normal,"19,8",,0,1,"25,55","25,55"
1,2,1,1,16,16,694,714,2,28610,2005-08-31,"-47,55235167","-21,56918189",4326,500,1,2,1,0,Normal,"20,75",,0,1,"26,11","26,11"
1,2,1,1,16,16,695,715,2,28610,2005-08-31,"-47,55235167","-21,56918189",4326,500,1,3,1,0,Normal,"18,78",,0,1,"24,89","24,89"
1,2,1,1,16,16,696,716,2,28610,2005-08-31,"-47,55235167","-21,56918189",4326,500,1,4,1,0,Normal,"20,15",,0,1,"25,76","25,76"
1,2,1,1,16,16,697,717,2,28610,2005-08-31,"-47,55235167","-21,56918189",4326,500,1,5,1,0,Normal,"16,87",,0,1,"23,51","23,51"
1,2,1,1,16,16,698,718,2,28610,2005-08-31,"-47,55235167","-21,56918189",4326,500,1,6,1,0,Normal,"18,81",,0,1,"24,91","24,91"
1,2,1,1,16,16,699,719,2,28610,2005-08-31,"-47,55235167","-21,56918189",4326,500,1,7,1,0,Normal,"17,44",,0,1,"23,95","23,95"
1,2,1,1,16,16,700,720,2,28610,2005-08-31,"-47,55235167","-21,56918189",4326,500,1,8,1,0,Normal,"18,49",,0,1,"24,7","24,7"
1,2,1,1,16,16,701,721,2,28610,2005-08-31,"-47,55235167","-21,56918189",4326,500,1,9,1,0,Normal,"14,39",,0,1,"21,34","21,34"
1,2,1,1,16,16,702,722,2,28610,2005-08-31,"-47,55235167","-21,56918189",4326,500,1,10,1,0,Normal,"18,02",,0,1,"24,37","24,37"
1,2,1,1,16,16,703,723,2,28610,2005-08-31,"-47,55235167","-21,56918189",4326,500,1,11,1,3,Bifurcada Abaixo,"9,52",,0,1,"15,24","15,24"
1,2,1,1,16,16,703,724,2,28610,2005-08-31,"-47,55235167","-21,56918189",4326,500,1,11,2,3,Bifurcada Abaixo,"11,87",,0,1,"18,56","18,56"
1,2,1,1,16,16,704,725,2,28610,2005-08-31,"-47,55235167","-21,56918189",4326,500,1,12,1,0,Normal,"14,64",,0,1,"21,58","21,58"
1,2,1,1,16,16,705,726,2,28610,2005-08-31,"-47,55235167","-21,56918189",4326,500,1,13,1,0,Normal,"16,58",,0,1,"23,28","23,28"
1,2,1,1,16,16,706,727,2,28610,2005-08-31,"-47,55235167","-21,56918189",4326,500,1,14,1,0,Normal,"18,21",,0,1,"24,5","24,5"
1,2,1,1,16,16,707,728,2,28610,2005-08-31,"-47,55235167","-21,56918189",4326,500,1,15,1,3,Bifurcada Abaixo,"13,05",,0,1,"19,95","19,95"
1,2,1,1,16,16,707,729,2,28610,2005-08-31,"-47,55235167","-21,56918189",4326,500,1,15,2,3,Bifurcada Abaixo,"18,33",,0,1,"24,59","24,59"
1,2,1,1,16,16,708,730,2,28610,2005-08-31,"-47,55235167","-21,56918189",4326,500,1,16,1,3,Bifurcada Abaixo,"17,54",,0,1,"24,02","24,02"
1,2,1,1,16,16,708,731,2,28610,2005-08-31,"-47,55235167","-21,56918189",4326,500,1,16,2,3,Bifurcada Abaixo,"14,16",,0,1,"21,12","21,12"
1,2,1,1,16,16,709,732,2,28610,2005-08-31,"-47,55235167","-21,56918189",4326,500,1,17,1,0,Normal,19,,0,1,"25,04","25,04"
1,2,1,1,16,16,710,733,2,28610,2005-08-31,"-47,55235167","-21,56918189",4326,500,1,18,1,0,Normal,"20,18",,0,1,"25,78","25,78"
1,2,1,1,16,16,711,734,2,28610,2005-08-31,"-47,55235167","-21,56918189",4326,500,1,19,1,0,Normal,"20,05",,0,1,"25,7","25,7"
1,2,1,1,16,16,712,735,2,28610,2005-08-31,"-47,55235167","-21,56918189",4326,500,1,20,1,0,Normal,"19,13",,0,1,"25,12","25,12"
1,2,1,1,16,16,713,736,2,28610,2005-08-31,"-47,55235167","-21,56918189",4326,500,1,21,1,0,Normal,"16,39","23,3",1,1,"23,13","23,3"
1,2,1,1,16,16,714,737,2,28610,2005-08-31,"-47,55235167","-21,56918189",4326,500,1,22,1,2,Dominante,"22,95","26,7",1,1,"27,28","26,7"
1,2,1,1,16,16,715,738,2,28610,2005-08-31,"-47,55235167","-21,56918189",4326,500,1,23,1,0,Normal,"19,35","26,2",1,1,"25,27","26,2"
1,2,1,1,16,16,716,739,2,28610,2005-08-31,"-47,55235167","-21,56918189",4326,500,1,24,1,2,Dominante,"23,71","26,5",1,1,"27,65","26,5"
1,2,1,1,16,16,717,740,2,28610,2005-08-31,"-47,55235167","-21,56918189",4326,500,1,25,1,0,Normal,"10,22","16,5",1,1,"16,32","16,5"
1,2,1,1,16,16,718,741,2,28610,2005-08-31,"-47,55235167","-21,56918189",4326,500,1,26,1,0,Normal,"18,78",25,1,1,"24,89",25
1,2,1,1,16,16,719,742,2,28610,2005-08-31,"-47,55235167","-21,56918189",4326,500,1,27,1,2,Dominante,"21,9","26,6",1,1,"26,75","26,6"
1,2,1,1,16,16,720,743,2,28610,2005-08-31,"-47,55235167","-21,56918189",4326,500,1,28,1,3,Bifurcada Abaixo,"8,44","13,6",1,1,"13,42","13,6"
1,2,1,1,16,16,720,744,2,28610,2005-08-31,"-47,55235167","-21,56918189",4326,500,1,28,2,3,Bifurcada Abaixo,"7,99","12,2",1,1,"12,6","12,2"
1,2,1,1,16,16,721,745,2,28610,2005-08-31,"-47,55235167","-21,56918189",4326,500,1,29,1,2,Dominante,"21,65","26,3",1,1,"26,61","26,3"
1,2,1,1,16,16,722,746,2,28610,2005-08-31,"-47,55235167","-21,56918189",4326,500,1,30,1,0,Normal,"17,28","24,6",1,1,"23,83","24,6"
1,2,1,1,16,16,723,747,2,28610,2005-08-31,"-47,55235167","-21,56918189",4326,500,1,31,1,0,Normal,"19,74","25,3",1,1,"25,51","25,3"
1,2,1,1,16,16,724,748,2,28610,2005-08-31,"-47,55235167","-21,56918189",4326,500,1,32,1,3,Bifurcada Abaixo,"13,94",,0,1,"20,89","20,89"
1,2,1,1,16,16,724,749,2,28610,2005-08-31,"-47,55235167","-21,56918189",4326,500,1,32,2,3,Bifurcada Abaixo,"8,82",,0,1,"14,08","14,08"
1,2,1,1,16,16,724,750,2,28610,2005-08-31,"-47,55235167","-21,56918189",4326,500,1,32,3,3,Bifurcada Abaixo,"7,96",,0,1,"12,54","12,54"
1,2,1,1,16,16,725,751,2,28610,2005-08-31,"-47,55235167","-21,56918189",4326,500,1,33,1,3,Bifurcada Abaixo,"12,89",,0,1,"19,77","19,77"
1,2,1,1,16,16,725,752,2,28610,2005-08-31,"-47,55235167","-21,56918189",4326,500,1,33,2,3,Bifurcada Abaixo,"15,82",,0,1,"22,65","22,65"
1,2,1,1,16,16,726,753,2,28610,2005-08-31,"-47,55235167","-21,56918189",4326,500,1,34,1,2,Dominante,"21,33","26,8",1,1,"26,44","26,8"
1,2,1,1,16,16,727,754,2,28610,2005-08-31,"-47,55235167","-21,56918189",4326,500,1,35,1,3,Bifurcada Abaixo,"16,39",,0,1,"23,13","23,13"
1,2,1,1,16,16,727,755,2,28610,2005-08-31,"-47,55235167","-21,56918189",4326,500,1,35,2,3,Bifurcada Abaixo,"6,11",,0,1,"8,75","8,75"
1,2,1,1,16,16,728,756,2,28610,2005-08-31,"-47,55235167","-21,56918189",4326,500,1,36,1,0,Normal,"17,13",,0,1,"23,71","23,71"
1,2,1,1,16,16,729,757,2,28610,2005-08-31,"-47,55235167","-21,56918189",4326,500,1,37,1,0,Normal,"17,67",,0,1,"24,12","24,12"
1,2,1,1,16,16,730,758,2,28610,2005-08-31,"-47,55235167","-21,56918189",4326,500,1,38,1,0,Normal,"16,93",,0,1,"23,56","23,56"
1,2,1,1,16,16,731,759,2,28610,2005-08-31,"-47,55235167","-21,56918189",4326,500,1,39,1,0,Normal,"18,49",,0,1,"24,7","24,7"
1,2,1,1,16,16,732,760,2,28610,2005-08-31,"-47,55235167","-21,56918189",4326,500,1,40,1,0,Normal,"18,94",,0,1,25,25
1,2,1,1,16,16,733,761,2,28610,2005-08-31,"-47,55235167","-21,56918189",4326,500,1,41,1,3,Bifurcada Abaixo,"19,1",,0,1,"25,1","25,1"
1,2,1,1,16,16,733,762,2,28610,2005-08-31,"-47,55235167","-21,56918189",4326,500,1,41,2,3,Bifurcada Abaixo,"7,51",,0,1,"11,68","11,68"
1,2,1,1,16,16,734,763,2,28610,2005-08-31,"-47,55235167","-21,56918189",4326,500,1,42,1,0,Normal,"16,62",,0,1,"23,31","23,31"
1,2,1,1,16,16,735,764,2,28610,2005-08-31,"-47,55235167","-21,56918189",4326,500,1,43,1,3,Bifurcada Abaixo,"12,22",,0,1,"18,99","18,99"
1,2,1,1,16,16,735,765,2,28610,2005-08-31,"-47,55235167","-21,56918189",4326,500,1,43,2,3,Bifurcada Abaixo,"14,32",,0,1,"21,27","21,27"
1,2,1,1,16,16,736,766,2,28610,2005-08-31,"-47,55235167","-21,56918189",4326,500,1,44,1,0,Normal,"19,1",,0,1,"25,1","25,1"
1,2,1,1,16,16,737,767,2,28610,2005-08-31,"-47,55235167","-21,56918189",4326,500,1,45,1,1,Falha,0,,0,0,,
1,2,1,1,16,16,738,768,2,28610,2005-08-31,"-47,55235167","-21,56918189",4326,500,1,46,1,3,Bifurcada Abaixo,"9,49",,0,1,"15,19","15,19"
1,2,1,1,16,16,738,769,2,28610,2005-08-31,"-47,55235167","-21,56918189",4326,500,1,46,2,3,Bifurcada Abaixo,"18,37",,0,1,"24,61","24,61"
1,2,1,1,16,16,739,770,2,28610,2005-08-31,"-47,55235167","-21,56918189",4326,500,1,47,1,0,Normal,"18,33",,0,1,"24,59","24,59"
1,2,1,1,17,17,740,771,2,28611,2005-08-31,"-47,5529387","-21,57073479",4326,500,1,1,1,0,Normal,"20,82",,0,1,"27,45","27,45"
1,2,1,1,17,17,741,772,2,28611,2005-08-31,"-47,5529387","-21,57073479",4326,500,1,2,1,3,Bifurcada Abaixo,"14,01",,0,1,"21,93","21,93"
1,2,1,1,17,17,741,773,2,28611,2005-08-31,"-47,5529387","-21,57073479",4326,500,1,2,2,3,Bifurcada Abaixo,"16,87",,0,1,"24,63","24,63"
1,2,1,1,17,17,742,774,2,28611,2005-08-31,"-47,5529387","-21,57073479",4326,500,1,3,1,0,Normal,"18,02",,0,1,"25,55","25,55"
1,2,1,1,17,17,743,775,2,28611,2005-08-31,"-47,5529387","-21,57073479",4326,500,1,4,1,2,Dominante,"22,28",29,1,1,"28,29",29
1,2,1,1,17,17,744,776,2,28611,2005-08-31,"-47,5529387","-21,57073479",4326,500,1,5,1,5,Inclinadas,"18,24",,0,1,"25,71","25,71"
1,2,1,1,17,17,745,777,2,28611,2005-08-31,"-47,5529387","-21,57073479",4326,500,1,6,1,3,Bifurcada Abaixo,"10,54",,0,1,"17,49","17,49"
1,2,1,1,17,17,745,778,2,28611,2005-08-31,"-47,5529387","-21,57073479",4326,500,1,6,2,3,Bifurcada Abaixo,"17,38",,0,1,"25,05","25,05"
1,2,1,1,17,17,746,779,2,28611,2005-08-31,"-47,5529387","-21,57073479",4326,500,1,7,1,0,Normal,"19,32",,0,1,"26,48","26,48"
1,2,1,1,17,17,747,780,2,28611,2005-08-31,"-47,5529387","-21,57073479",4326,500,1,8,1,1,Falha,0,,0,0,,
1,2,1,1,17,17,748,781,2,28611,2005-08-31,"-47,5529387","-21,57073479",4326,500,1,9,1,0,Normal,"16,71",,0,1,"24,5","24,5"
1,2,1,1,17,17,749,782,2,28611,2005-08-31,"-47,5529387","-21,57073479",4326,500,1,10,1,0,Normal,"18,33",,0,1,"25,78","25,78"
1,2,1,1,17,17,750,783,2,28611,2005-08-31,"-47,5529387","-21,57073479",4326,500,1,11,1,0,Normal,"19,42",,0,1,"26,55","26,55"
1,2,1,1,17,17,751,784,2,28611,2005-08-31,"-47,5529387","-21,57073479",4326,500,1,12,1,0,Normal,"21,01",,0,1,"27,56","27,56"
1,2,1,1,17,17,752,785,2,28611,2005-08-31,"-47,5529387","-21,57073479",4326,500,1,13,1,0,Normal,"22,22",,0,1,"28,26","28,26"
1,2,1,1,17,17,753,786,2,28611,2005-08-31,"-47,5529387","-21,57073479",4326,500,1,14,1,0,Normal,"21,61",,0,1,"27,92","27,92"
1,2,1,1,17,17,754,787,2,28611,2005-08-31,"-47,5529387","-21,57073479",4326,500,1,15,1,0,Normal,"22,19",,0,1,"28,24","28,24"
1,2,1,1,17,17,755,788,2,28611,2005-08-31,"-47,5529387","-21,57073479",4326,500,1,16,1,3,Bifurcada Abaixo,"16,07",,0,1,"23,94","23,94"
1,2,1,1,17,17,755,789,2,28611,2005-08-31,"-47,5529387","-21,57073479",4326,500,1,16,2,3,Bifurcada Abaixo,"9,23",,0,1,"15,37","15,37"
1,2,1,1,17,17,756,790,2,28611,2005-08-31,"-47,5529387","-21,57073479",4326,500,1,17,1,2,Dominante,"23,43","28,8",1,1,"28,9","28,8"
1,2,1,1,17,17,757,791,2,28611,2005-08-31,"-47,5529387","-21,57073479",4326,500,1,18,1,0,Normal,"21,1",,0,1,"27,62","27,62"
1,2,1,1,17,17,758,792,2,28611,2005-08-31,"-47,5529387","-21,57073479",4326,500,1,19,1,0,Normal,"19,35","26,3",1,1,"26,5","26,3"
1,2,1,1,17,17,759,793,2,28611,2005-08-31,"-47,5529387","-21,57073479",4326,500,1,20,1,1,Falha,0,,0,0,,
1,2,1,1,17,17,760,794,2,28611,2005-08-31,"-47,5529387","-21,57073479",4326,500,1,21,1,0,Normal,"22,12",26,1,1,"28,2",26
1,2,1,1,17,17,761,795,2,28611,2005-08-31,"-47,5529387","-21,57073479",4326,500,1,22,1,0,Normal,"14,36","22,6",1,1,"22,3","22,6"
1,2,1,1,17,17,762,796,2,28611,2005-08-31,"-47,5529387","-21,57073479",4326,500,1,23,1,0,Normal,"17,89","23,7",1,1,"25,45","23,7"
1,2,1,1,17,17,763,797,2,28611,2005-08-31,"-47,5529387","-21,57073479",4326,500,1,24,1,2,Dominante,"22,35","27,8",1,1,"28,33","27,8"
1,2,1,1,17,17,764,798,2,28611,2005-08-31,"-47,5529387","-21,57073479",4326,500,1,25,1,0,Normal,"20,02","27,3",1,1,"26,95","27,3"
1,2,1,1,17,17,765,799,2,28611,2005-08-31,"-47,5529387","-21,57073479",4326,500,1,26,1,0,Normal,"21,2","27,4",1,1,"27,68","27,4"
1,2,1,1,17,17,766,800,2,28611,2005-08-31,"-47,5529387","-21,57073479",4326,500,1,27,1,0,Normal,"17,57","26,5",1,1,"25,2","26,5"
1,2,1,1,17,17,767,801,2,28611,2005-08-31,"-47,5529387","-21,57073479",4326,500,1,28,1,0,Normal,"20,31","26,4",1,1,"27,13","26,4"
1,2,1,1,17,17,768,802,2,28611,2005-08-31,"-47,5529387","-21,57073479",4326,500,1,29,1,0,Normal,"17,03","24,2",1,1,"24,77","24,2"
1,2,1,1,17,17,769,803,2,28611,2005-08-31,"-47,5529387","-21,57073479",4326,500,1,30,1,0,Normal,"15,79","24,5",1,1,"23,69","24,5"
1,2,1,1,17,17,770,804,2,28611,2005-08-31,"-47,5529387","-21,57073479",4326,500,1,31,1,0,Normal,"18,65",,0,1,"26,01","26,01"
1,2,1,1,17,17,771,805,2,28611,2005-08-31,"-47,5529387","-21,57073479",4326,500,1,32,1,0,Normal,"18,46",,0,1,"25,87","25,87"
1,2,1,1,17,17,772,806,2,28611,2005-08-31,"-47,5529387","-21,57073479",4326,500,1,33,1,0,Normal,"14,55",,0,1,"22,49","22,49"
1,2,1,1,17,17,773,807,2,28611,2005-08-31,"-47,5529387","-21,57073479",4326,500,1,34,1,0,Normal,"16,55",,0,1,"24,36","24,36"
1,2,1,1,17,17,774,808,2,28611,2005-08-31,"-47,5529387","-21,57073479",4326,500,1,35,1,0,Normal,"18,78",,0,1,"26,1","26,1"
1,2,1,1,17,17,775,809,2,28611,2005-08-31,"-47,5529387","-21,57073479",4326,500,1,36,1,2,Dominante,"24,64","30,9",1,1,"29,49","30,9"
1,2,1,1,17,17,776,810,2,28611,2005-08-31,"-47,5529387","-21,57073479",4326,500,1,37,1,0,Normal,"16,07",,0,1,"23,94","23,94"
1,2,1,1,17,17,777,811,2,28611,2005-08-31,"-47,5529387","-21,57073479",4326,500,1,38,1,2,Dominante,"24,38","30,8",1,1,"29,36","30,8"
1,2,1,1,17,17,778,812,2,28611,2005-08-31,"-47,5529387","-21,57073479",4326,500,1,39,1,0,Normal,"16,93",,0,1,"24,68","24,68"
1,2,1,1,17,17,779,813,2,28611,2005-08-31,"-47,5529387","-21,57073479",4326,500,1,40,1,0,Normal,"14,87",,0,1,"22,82","22,82"
1,2,1,1,17,17,780,814,2,28611,2005-08-31,"-47,5529387","-21,57073479",4326,500,1,41,1,3,Bifurcada Abaixo,"11,05",,0,1,"18,24","18,24"
1,2,1,1,17,17,780,815,2,28611,2005-08-31,"-47,5529387","-21,57073479",4326,500,1,41,2,3,Bifurcada Abaixo,"15,12",,0,1,"23,06","23,06"
1,2,1,1,21,21,919,963,2,28615,2005-08-31,"-47,55062764","-21,5660845",4326,500,1,1,1,2,Dominante,"18,49","23,5",1,1,"23,72","23,5"
1,2,1,1,21,21,920,964,2,28615,2005-08-31,"-47,55062764","-21,5660845",4326,500,1,2,1,0,Normal,"13,78",,0,1,"22,16","22,16"
1,2,1,1,21,21,921,965,2,28615,2005-08-31,"-47,55062764","-21,5660845",4326,500,1,3,1,0,Normal,"17,19",,0,1,"23,36","23,36"
1,2,1,1,21,21,922,966,2,28615,2005-08-31,"-47,55062764","-21,5660845",4326,500,1,4,1,0,Normal,"13,21",,0,1,"21,91","21,91"
1,2,1,1,21,21,923,967,2,28615,2005-08-31,"-47,55062764","-21,5660845",4326,500,1,5,1,2,Dominante,"17,98","23,8",1,1,"23,58","23,8"
1,2,1,1,21,21,924,968,2,28615,2005-08-31,"-47,55062764","-21,5660845",4326,500,1,6,1,0,Normal,"14,9",,0,1,"22,61","22,61"
1,2,1,1,21,21,925,969,2,28615,2005-08-31,"-47,55062764","-21,5660845",4326,500,1,7,1,0,Normal,"15,82",,0,1,"22,93","22,93"
1,2,1,1,21,21,926,970,2,28615,2005-08-31,"-47,55062764","-21,5660845",4326,500,1,8,1,0,Normal,"16,17",,0,1,"23,05","23,05"
1,2,1,1,21,21,927,971,2,28615,2005-08-31,"-47,55062764","-21,5660845",4326,500,1,9,1,0,Normal,"12,41",,0,1,"21,52","21,52"
1,2,1,1,21,21,928,972,2,28615,2005-08-31,"-47,55062764","-21,5660845",4326,500,1,10,1,3,Bifurcada Abaixo,"14,32",,0,1,"22,38","22,38"
1,2,1,1,21,21,928,973,2,28615,2005-08-31,"-47,55062764","-21,5660845",4326,500,1,10,2,3,Bifurcada Abaixo,"10,12",,0,1,"20,12","20,12"
1,2,1,1,21,21,929,974,2,28615,2005-08-31,"-47,55062764","-21,5660845",4326,500,1,11,1,0,Normal,"17,95",,0,1,"23,57","23,57"
1,2,1,1,21,21,930,975,2,28615,2005-08-31,"-47,55062764","-21,5660845",4326,500,1,12,1,0,Normal,"16,68",,0,1,"23,21","23,21"
1,2,1,1,21,21,931,976,2,28615,2005-08-31,"-47,55062764","-21,5660845",4326,500,1,13,1,0,Normal,"16,33",,0,1,"23,1","23,1"
1,2,1,1,21,21,932,977,2,28615,2005-08-31,"-47,55062764","-21,5660845",4326,500,1,14,1,0,Normal,"13,5",,0,1,"22,04","22,04"
1,2,1,1,21,21,933,978,2,28615,2005-08-31,"-47,55062764","-21,5660845",4326,500,1,15,1,0,Normal,"12,73",,0,1,"21,68","21,68"
1,2,1,1,21,21,934,979,2,28615,2005-08-31,"-47,55062764","-21,5660845",4326,500,1,16,1,0,Normal,"17,22",,0,1,"23,37","23,37"
1,2,1,1,21,21,935,980,2,28615,2005-08-31,"-47,55062764","-21,5660845",4326,500,1,17,1,0,Normal,"12,45",,0,1,"21,54","21,54"
1,2,1,1,21,21,936,981,2,28615,2005-08-31,"-47,55062764","-21,5660845",4326,500,1,18,1,0,Normal,"17,41",,0,1,"23,43","23,43"
1,2,1,1,21,21,937,982,2,28615,2005-08-31,"-47,55062764","-21,5660845",4326,500,1,19,1,0,Normal,"13,78",,0,1,"22,16","22,16"
1,2,1,1,21,21,938,983,2,28615,2005-08-31,"-47,55062764","-21,5660845",4326,500,1,20,1,0,Normal,"16,27",,0,1,"23,08","23,08"
1,2,1,1,21,21,939,984,2,28615,2005-08-31,"-47,55062764","-21,5660845",4326,500,1,21,1,4,Quebrada,"11,71","2,6",0,0,"21,14","2,6"
1,2,1,1,21,21,940,985,2,28615,2005-08-31,"-47,55062764","-21,5660845",4326,500,1,22,1,2,Dominante,"18,46","23,1",1,1,"23,71","23,1"
1,2,1,1,21,21,941,986,2,28615,2005-08-31,"-47,55062764","-21,5660845",4326,500,1,23,1,0,Normal,"15,15","22,9",1,1,"22,7","22,9"
1,2,1,1,21,21,942,987,2,28615,2005-08-31,"-47,55062764","-21,5660845",4326,500,1,24,1,0,Normal,"16,14","23,7",1,1,"23,04","23,7"
1,2,1,1,21,21,943,988,2,28615,2005-08-31,"-47,55062764","-21,5660845",4326,500,1,25,1,0,Normal,"15,6","23,2",1,1,"22,86","23,2"
1,2,1,1,21,21,944,989,2,28615,2005-08-31,"-47,55062764","-21,5660845",4326,500,1,26,1,0,Normal,"13,53","21,7",1,1,"22,05","21,7"
1,2,1,1,21,21,945,990,2,28615,2005-08-31,"-47,55062764","-21,5660845",4326,500,1,27,1,0,Normal,"17,44","22,5",1,1,"23,43","22,5"
1,2,1,1,21,21,946,991,2,28615,2005-08-31,"-47,55062764","-21,5660845",4326,500,1,28,1,0,Normal,"14,87","22,3",1,1,"22,6","22,3"
1,2,1,1,21,21,947,992,2,28615,2005-08-31,"-47,55062764","-21,5660845",4326,500,1,29,1,3,Bifurcada Abaixo,"13,56","22,7",1,1,"22,06","22,7"
1,2,1,1,21,21,947,993,2,28615,2005-08-31,"-47,55062764","-21,5660845",4326,500,1,29,2,3,Bifurcada Abaixo,"13,15","21,4",1,1,"21,88","21,4"
1,2,1,1,21,21,948,994,2,28615,2005-08-31,"-47,55062764","-21,5660845",4326,500,1,30,1,5,Inclinadas,"9,23",,0,1,"19,43","19,43"
1,2,1,1,21,21,949,995,2,28615,2005-08-31,"-47,55062764","-21,5660845",4326,500,1,31,1,0,Normal,"17,54","23,2",1,1,"23,46","23,2"
1,2,1,1,21,21,950,996,2,28615,2005-08-31,"-47,55062764","-21,5660845",4326,500,1,32,1,2,Dominante,"18,27","23,7",1,1,"23,66","23,7"
1,2,1,1,21,21,951,997,2,28615,2005-08-31,"-47,55062764","-21,5660845",4326,500,1,33,1,0,Normal,"17,92","23,9",1,1,"23,57","23,9"
1,2,1,1,21,21,952,998,2,28615,2005-08-31,"-47,55062764","-21,5660845",4326,500,1,34,1,0,Normal,"17,19",,0,1,"23,36","23,36"
1,2,1,1,21,21,953,999,2,28615,2005-08-31,"-47,55062764","-21,5660845",4326,500,1,35,1,0,Normal,"16,93",,0,1,"23,29","23,29"
1,2,1,1,21,21,954,1000,2,28615,2005-08-31,"-47,55062764","-21,5660845",4326,500,1,36,1,0,Normal,"17,13",,0,1,"23,34","23,34"
1,2,1,1,21,21,955,1001,2,28615,2005-08-31,"-47,55062764","-21,5660845",4326,500,1,37,1,0,Normal,"7,32",,0,1,"17,51","17,51"
1,2,1,1,21,21,956,1002,2,28615,2005-08-31,"-47,55062764","-21,5660845",4326,500,1,38,1,2,Dominante,"18,05","24,3",1,1,"23,6","24,3"
1,2,1,1,21,21,957,1003,2,28615,2005-08-31,"-47,55062764","-21,5660845",4326,500,1,39,1,0,Normal,"16,2",,0,1,"23,06","23,06"
1,2,1,1,21,21,958,1004,2,28615,2005-08-31,"-47,55062764","-21,5660845",4326,500,1,40,1,0,Normal,"15,31",,0,1,"22,76","22,76"
1,2,1,1,21,21,959,1005,2,28615,2005-08-31,"-47,55062764","-21,5660845",4326,500,1,41,1,0,Normal,"14,67",,0,1,"22,52","22,52"
1,2,1,1,21,21,960,1006,2,28615,2005-08-31,"-47,55062764","-21,5660845",4326,500,1,42,1,0,Normal,"16,87",,0,1,"23,27","23,27"
1,2,1,1,21,21,961,1007,2,28615,2005-08-31,"-47,55062764","-21,5660845",4326,500,1,43,1,0,Normal,"14,77",,0,1,"22,56","22,56"
1,2,1,1,21,21,962,1008,2,28615,2005-08-31,"-47,55062764","-21,5660845",4326,500,1,44,1,0,Normal,17,,0,1,"23,31","23,31"
1,2,1,1,21,21,963,1009,2,28615,2005-08-31,"-47,55062764","-21,5660845",4326,500,1,45,1,0,Normal,"17,06",,0,1,"23,32","23,32"
1,2,1,1,21,21,964,1010,2,28615,2005-08-31,"-47,55062764","-21,5660845",4326,500,1,46,1,0,Normal,"16,3",,0,1,"23,09","23,09"
1,2,1,1,21,21,965,1011,2,28615,2005-08-31,"-47,55062764","-21,5660845",4326,500,1,47,1,0,Normal,"13,85",,0,1,"22,19","22,19"
1,2,1,1,21,21,966,1012,2,28615,2005-08-31,"-47,55062764","-21,5660845",4326,500,1,48,1,0,Normal,"15,6",,0,1,"22,86","22,86"
1,2,1,1,21,21,967,1013,2,28615,2005-08-31,"-47,55062764","-21,5660845",4326,500,1,49,1,0,Normal,"16,07",,0,1,"23,02","23,02"
1,2,1,1,21,21,968,1014,2,28615,2005-08-31,"-47,55062764","-21,5660845",4326,500,1,50,1,0,Normal,"15,44",,0,1,"22,8","22,8"
1,2,1,1,22,22,969,1015,2,28616,2005-08-31,"-47,548931","-21,56454855",4326,500,1,1,1,0,Normal,"13,75",,0,1,"21,79","21,79"
1,2,1,1,22,22,970,1016,2,28616,2005-08-31,"-47,548931","-21,56454855",4326,500,1,2,1,0,Normal,"14,99",,0,1,"22,72","22,72"
1,2,1,1,22,22,971,1017,2,28616,2005-08-31,"-47,548931","-21,56454855",4326,500,1,3,1,0,Normal,"14,07",,0,1,"22,04","22,04"
1,2,1,1,22,22,972,1018,2,28616,2005-08-31,"-47,548931","-21,56454855",4326,500,1,4,1,0,Normal,"14,8",,0,1,"22,59","22,59"
1,2,1,1,22,22,973,1019,2,28616,2005-08-31,"-47,548931","-21,56454855",4326,500,1,5,1,0,Normal,"14,26",,0,1,"22,19","22,19"
1,2,1,1,22,22,974,1020,2,28616,2005-08-31,"-47,548931","-21,56454855",4326,500,1,6,1,0,Normal,"16,07",,0,1,"23,44","23,44"
1,2,1,1,22,22,975,1021,2,28616,2005-08-31,"-47,548931","-21,56454855",4326,500,1,7,1,0,Normal,"15,06",,0,1,"22,77","22,77"
1,2,1,1,22,22,976,1022,2,28616,2005-08-31,"-47,548931","-21,56454855",4326,500,1,8,1,0,Normal,"15,12",,0,1,"22,81","22,81"
1,2,1,1,22,22,977,1023,2,28616,2005-08-31,"-47,548931","-21,56454855",4326,500,1,9,1,0,Normal,"13,15",,0,1,"21,29","21,29"
1,2,1,1,22,22,978,1024,2,28616,2005-08-31,"-47,548931","-21,56454855",4326,500,1,10,1,2,Dominante,"17,35","23,5",1,1,"24,2","23,5"
1,2,1,1,22,22,979,1025,2,28616,2005-08-31,"-47,548931","-21,56454855",4326,500,1,11,1,0,Normal,"10,63",,0,1,"18,78","18,78"
1,2,1,1,22,22,980,1026,2,28616,2005-08-31,"-47,548931","-21,56454855",4326,500,1,12,1,2,Dominante,"16,58","23,3",1,1,"23,76","23,3"
1,2,1,1,22,22,981,1027,2,28616,2005-08-31,"-47,548931","-21,56454855",4326,500,1,13,1,0,Normal,"14,9",24,1,1,"22,66",24
1,2,1,1,22,22,982,1028,2,28616,2005-08-31,"-47,548931","-21,56454855",4326,500,1,14,1,0,Normal,"15,28","24,3",1,1,"22,92","24,3"
1,2,1,1,22,22,983,1029,2,28616,2005-08-31,"-47,548931","-21,56454855",4326,500,1,15,1,0,Normal,"15,95","24,2",1,1,"23,37","24,2"
1,2,1,1,22,22,984,1030,2,28616,2005-08-31,"-47,548931","-21,56454855",4326,500,1,16,1,0,Normal,"14,07","23,6",1,1,"22,04","23,6"
1,2,1,1,22,22,985,1031,2,28616,2005-08-31,"-47,548931","-21,56454855",4326,500,1,17,1,0,Normal,"13,69",24,1,1,"21,74",24
1,2,1,1,22,22,986,1032,2,28616,2005-08-31,"-47,548931","-21,56454855",4326,500,1,18,1,0,Normal,"13,43","23,5",1,1,"21,53","23,5"
1,2,1,1,22,22,987,1033,2,28616,2005-08-31,"-47,548931","-21,56454855",4326,500,1,19,1,0,Normal,"15,66","24,3",1,1,"23,18","24,3"
1,2,1,1,22,22,988,1034,2,28616,2005-08-31,"-47,548931","-21,56454855",4326,500,1,20,1,0,Normal,"15,12","23,5",1,1,"22,81","23,5"
1,2,1,1,22,22,989,1035,2,28616,2005-08-31,"-47,548931","-21,56454855",4326,500,1,21,1,2,Dominante,"17,25",24,1,1,"24,15",24
1,2,1,1,22,22,990,1036,2,28616,2005-08-31,"-47,548931","-21,56454855",4326,500,1,22,1,2,Dominante,"16,93","24,6",1,1,"23,96","24,6"
1,2,1,1,22,22,991,1037,2,28616,2005-08-31,"-47,548931","-21,56454855",4326,500,1,23,1,0,Normal,"15,98","24,2",1,1,"23,39","24,2"
1,2,1,1,22,22,992,1038,2,28616,2005-08-31,"-47,548931","-21,56454855",4326,500,1,24,1,0,Normal,"16,14",,0,1,"23,49","23,49"
1,2,1,1,22,22,993,1039,2,28616,2005-08-31,"-47,548931","-21,56454855",4326,500,1,25,1,0,Normal,"16,55",,0,1,"23,74","23,74"
1,2,1,1,22,22,994,1040,2,28616,2005-08-31,"-47,548931","-21,56454855",4326,500,1,26,1,0,Normal,"14,9",,0,1,"22,66","22,66"
1,2,1,1,22,22,995,1041,2,28616,2005-08-31,"-47,548931","-21,56454855",4326,500,1,27,1,0,Normal,"13,69",,0,1,"21,74","21,74"
1,2,1,1,22,22,996,1042,2,28616,2005-08-31,"-47,548931","-21,56454855",4326,500,1,28,1,2,Dominante,"17,13","24,1",1,1,"24,08","24,1"
1,2,1,1,22,22,997,1043,2,28616,2005-08-31,"-47,548931","-21,56454855",4326,500,1,29,1,0,Normal,"15,12",,0,1,"22,81","22,81"
1,2,1,1,22,22,998,1044,2,28616,2005-08-31,"-47,548931","-21,56454855",4326,500,1,30,1,0,Normal,"14,23",,0,1,"22,16","22,16"
1,2,1,1,22,22,999,1045,2,28616,2005-08-31,"-47,548931","-21,56454855",4326,500,1,31,1,0,Normal,"13,66",,0,1,"21,72","21,72"
1,2,1,1,22,22,1000,1046,2,28616,2005-08-31,"-47,548931","-21,56454855",4326,500,1,32,1,0,Normal,"13,11",,0,1,"21,26","21,26"
1,2,1,1,22,22,1001,1047,2,28616,2005-08-31,"-47,548931","-21,56454855",4326,500,1,33,1,0,Normal,"12,99",,0,1,"21,15","21,15"
1,2,1,1,22,22,1002,1048,2,28616,2005-08-31,"-47,548931","-21,56454855",4326,500,1,34,1,0,Normal,"12,83",,0,1,"21,01","21,01"
1,2,1,1,22,22,1003,1049,2,28616,2005-08-31,"-47,548931","-21,56454855",4326,500,1,35,1,0,Normal,"11,62",,0,1,"19,85","19,85"
1,2,1,1,22,22,1004,1050,2,28616,2005-08-31,"-47,548931","-21,56454855",4326,500,1,36,1,0,Normal,"14,2",,0,1,"22,14","22,14"
1,2,1,1,22,22,1005,1051,2,28616,2005-08-31,"-47,548931","-21,56454855",4326,500,1,37,1,0,Normal,"14,39",,0,1,"22,28","22,28"
1,2,1,1,22,22,1006,1052,2,28616,2005-08-31,"-47,548931","-21,56454855",4326,500,1,38,1,0,Normal,"14,64",,0,1,"22,47","22,47"
1,2,1,1,22,22,1007,1053,2,28616,2005-08-31,"-47,548931","-21,56454855",4326,500,1,39,1,0,Normal,"15,37",,0,1,"22,98","22,98"
1,2,1,1,22,22,1008,1054,2,28616,2005-08-31,"-47,548931","-21,56454855",4326,500,1,40,1,0,Normal,"15,76",,0,1,"23,24","23,24"
1,2,1,1,22,22,1009,1055,2,28616,2005-08-31,"-47,548931","-21,56454855",4326,500,1,41,1,0,Normal,"14,93",,0,1,"22,68","22,68"
1,2,1,1,24,24,1055,1108,2,28618,2005-08-31,"-47,54890369","-21,56298708",4326,500,1,1,1,0,Normal,"14,48",,0,1,"23,6","23,6"
1,2,1,1,24,24,1056,1109,2,28618,2005-08-31,"-47,54890369","-21,56298708",4326,500,1,2,1,0,Normal,"14,77",,0,1,"23,69","23,69"
1,2,1,1,24,24,1057,1110,2,28618,2005-08-31,"-47,54890369","-21,56298708",4326,500,1,3,1,0,Normal,"13,85",,0,1,"23,4","23,4"
1,2,1,1,24,24,1058,1111,2,28618,2005-08-31,"-47,54890369","-21,56298708",4326,500,1,4,1,0,Normal,"15,66",,0,1,"23,95","23,95"
1,2,1,1,24,24,1059,1112,2,28618,2005-08-31,"-47,54890369","-21,56298708",4326,500,1,5,1,0,Normal,"13,72",,0,1,"23,35","23,35"
1,2,1,1,24,24,1060,1113,2,28618,2005-08-31,"-47,54890369","-21,56298708",4326,500,1,6,1,0,Normal,"11,46",,0,1,"22,43","22,43"
1,2,1,1,24,24,1061,1114,2,28618,2005-08-31,"-47,54890369","-21,56298708",4326,500,1,7,1,0,Normal,"14,48",,0,1,"23,6","23,6"
1,2,1,1,24,24,1062,1115,2,28618,2005-08-31,"-47,54890369","-21,56298708",4326,500,1,8,1,0,Normal,"14,32",,0,1,"23,55","23,55"
1,2,1,1,24,24,1063,1116,2,28618,2005-08-31,"-47,54890369","-21,56298708",4326,500,1,9,1,0,Normal,"13,43",,0,1,"23,25","23,25"
1,2,1,1,24,24,1064,1117,2,28618,2005-08-31,"-47,54890369","-21,56298708",4326,500,1,10,1,0,Normal,"15,15",,0,1,"23,81","23,81"
1,2,1,1,24,24,1065,1118,2,28618,2005-08-31,"-47,54890369","-21,56298708",4326,500,1,11,1,0,Normal,"12,89",,0,1,"23,05","23,05"
1,2,1,1,24,24,1066,1119,2,28618,2005-08-31,"-47,54890369","-21,56298708",4326,500,1,12,1,0,Normal,"15,82",,0,1,"23,99","23,99"
1,2,1,1,24,24,1067,1120,2,28618,2005-08-31,"-47,54890369","-21,56298708",4326,500,1,13,1,0,Normal,"14,96",,0,1,"23,75","23,75"
1,2,1,1,24,24,1068,1121,2,28618,2005-08-31,"-47,54890369","-21,56298708",4326,500,1,14,1,0,Normal,"15,5",,0,1,"23,9","23,9"
1,2,1,1,24,24,1069,1122,2,28618,2005-08-31,"-47,54890369","-21,56298708",4326,500,1,15,1,0,Normal,"16,11",,0,1,"24,07","24,07"
1,2,1,1,24,24,1070,1123,2,28618,2005-08-31,"-47,54890369","-21,56298708",4326,500,1,16,1,0,Normal,"15,34",,0,1,"23,86","23,86"
1,2,1,1,24,24,1071,1124,2,28618,2005-08-31,"-47,54890369","-21,56298708",4326,500,1,17,1,0,Normal,"15,5",,0,1,"23,9","23,9"
1,2,1,1,24,24,1072,1125,2,28618,2005-08-31,"-47,54890369","-21,56298708",4326,500,1,18,1,0,Normal,"15,69",,0,1,"23,96","23,96"
1,2,1,1,24,24,1073,1126,2,28618,2005-08-31,"-47,54890369","-21,56298708",4326,500,1,19,1,0,Normal,"14,71",,0,1,"23,67","23,67"
1,2,1,1,24,24,1074,1127,2,28618,2005-08-31,"-47,54890369","-21,56298708",4326,500,1,20,1,0,Normal,"14,13","24,3",1,1,"23,49","24,3"
1,2,1,1,24,24,1075,1128,2,28618,2005-08-31,"-47,54890369","-21,56298708",4326,500,1,21,1,0,Normal,"14,01","24,5",1,1,"23,45","24,5"
1,2,1,1,24,24,1076,1129,2,28618,2005-08-31,"-47,54890369","-21,56298708",4326,500,1,22,1,0,Normal,"15,44","24,5",1,1,"23,89","24,5"
1,2,1,1,24,24,1077,1130,2,28618,2005-08-31,"-47,54890369","-21,56298708",4326,500,1,23,1,0,Normal,"10,76","20,4",1,1,"22,08","20,4"
1,2,1,1,24,24,1078,1131,2,28618,2005-08-31,"-47,54890369","-21,56298708",4326,500,1,24,1,0,Normal,"15,34",24,1,1,"23,86",24
1,2,1,1,24,24,1079,1132,2,28618,2005-08-31,"-47,54890369","-21,56298708",4326,500,1,25,1,0,Normal,"14,87","24,3",1,1,"23,72","24,3"
1,2,1,1,24,24,1080,1133,2,28618,2005-08-31,"-47,54890369","-21,56298708",4326,500,1,26,1,0,Normal,"15,92","24,3",1,1,"24,02","24,3"
1,2,1,1,24,24,1081,1134,2,28618,2005-08-31,"-47,54890369","-21,56298708",4326,500,1,27,1,0,Normal,"15,72","24,5",1,1,"23,97","24,5"
1,2,1,1,24,24,1082,1135,2,28618,2005-08-31,"-47,54890369","-21,56298708",4326,500,1,28,1,1,Falha,0,,0,0,,
1,2,1,1,24,24,1083,1136,2,28618,2005-08-31,"-47,54890369","-21,56298708",4326,500,1,29,1,1,Falha,0,,0,0,,
1,2,1,1,24,24,1084,1137,2,28618,2005-08-31,"-47,54890369","-21,56298708",4326,500,1,30,1,1,Falha,0,,0,0,,
1,2,1,1,24,24,1085,1138,2,28618,2005-08-31,"-47,54890369","-21,56298708",4326,500,1,31,1,0,Normal,"20,63","24,8",1,1,25,"24,8"
1,2,1,1,24,24,1086,1139,2,28618,2005-08-31,"-47,54890369","-21,56298708",4326,500,1,32,1,2,Dominante,"21,9","24,5",1,1,"25,2","24,5"
1,2,1,1,24,24,1087,1140,2,28618,2005-08-31,"-47,54890369","-21,56298708",4326,500,1,33,1,1,Falha,0,,0,0,,
1,2,1,1,24,24,1088,1141,2,28618,2005-08-31,"-47,54890369","-21,56298708",4326,500,1,34,1,2,Dominante,"22,03","24,8",1,1,"25,22","24,8"
1,2,1,1,24,24,1089,1142,2,28618,2005-08-31,"-47,54890369","-21,56298708",4326,500,1,35,1,2,Dominante,"21,17",25,1,1,"25,09",25
1,2,1,1,24,24,1090,1143,2,28618,2005-08-31,"-47,54890369","-21,56298708",4326,500,1,36,1,0,Normal,"14,1",,0,1,"23,48","23,48"
1,2,1,1,24,24,1091,1144,2,28618,2005-08-31,"-47,54890369","-21,56298708",4326,500,1,37,1,0,Normal,"12,32",,0,1,"22,82","22,82"
1,2,1,1,24,24,1092,1145,2,28618,2005-08-31,"-47,54890369","-21,56298708",4326,500,1,38,1,0,Normal,"11,49",,0,1,"22,44","22,44"
1,2,1,1,24,24,1093,1146,2,28618,2005-08-31,"-47,54890369","-21,56298708",4326,500,1,39,1,0,Normal,"11,84",,0,1,"22,61","22,61"
1,2,1,1,24,24,1094,1147,2,28618,2005-08-31,"-47,54890369","-21,56298708",4326,500,1,40,1,0,Normal,"13,75",,0,1,"23,36","23,36"
1,2,1,1,24,24,1095,1148,2,28618,2005-08-31,"-47,54890369","-21,56298708",4326,500,1,41,1,0,Normal,"17,67",,0,1,"24,44","24,44"
1,2,1,1,24,24,1096,1149,2,28618,2005-08-31,"-47,54890369","-21,56298708",4326,500,1,42,1,0,Normal,"18,05",,0,1,"24,52","24,52"
1,2,1,1,24,24,1097,1150,2,28618,2005-08-31,"-47,54890369","-21,56298708",4326,500,1,43,1,0,Normal,"18,84",,0,1,"24,68","24,68"
1,2,1,1,24,24,1098,1151,2,28618,2005-08-31,"-47,54890369","-21,56298708",4326,500,1,44,1,0,Normal,"15,72",,0,1,"23,97","23,97"
1,2,1,1,24,24,1099,1152,2,28618,2005-08-31,"-47,54890369","-21,56298708",4326,500,1,45,1,2,Dominante,"21,71","24,7",1,1,"25,17","24,7"
1,2,1,1,24,24,1100,1153,2,28618,2005-08-31,"-47,54890369","-21,56298708",4326,500,1,46,1,2,Dominante,"21,14","24,6",1,1,"25,09","24,6"
1,2,1,1,25,25,1101,1154,2,28619,2005-08-31,"-47,55057298","-21,56296155",4326,500,1,1,1,0,Normal,"17,28",,0,1,"22,82","22,82"
1,2,1,1,25,25,1102,1155,2,28619,2005-08-31,"-47,55057298","-21,56296155",4326,500,1,2,1,1,Falha,0,,0,0,,
1,2,1,1,25,25,1103,1156,2,28619,2005-08-31,"-47,55057298","-21,56296155",4326,500,1,3,1,2,Dominante,"22,63",25,1,1,"25,39",25
1,2,1,1,25,25,1104,1157,2,28619,2005-08-31,"-47,55057298","-21,56296155",4326,500,1,4,1,0,Normal,"13,85",,0,1,"20,4","20,4"
1,2,1,1,25,25,1105,1158,2,28619,2005-08-31,"-47,55057298","-21,56296155",4326,500,1,5,1,0,Normal,"19,96",,0,1,"24,25","24,25"
1,2,1,1,25,25,1106,1159,2,28619,2005-08-31,"-47,55057298","-21,56296155",4326,500,1,6,1,0,Normal,"20,85",,0,1,"24,65","24,65"
1,2,1,1,25,25,1107,1160,2,28619,2005-08-31,"-47,55057298","-21,56296155",4326,500,1,7,1,2,Dominante,"21,96","24,7",1,1,"25,12","24,7"
1,2,1,1,25,25,1108,1161,2,28619,2005-08-31,"-47,55057298","-21,56296155",4326,500,1,8,1,6,Morta,"7,1",,0,0,"11,94","11,94"
1,2,1,1,25,25,1109,1162,2,28619,2005-08-31,"-47,55057298","-21,56296155",4326,500,1,9,1,2,Dominante,"21,07",24,1,1,"24,75",24
1,2,1,1,25,25,1110,1163,2,28619,2005-08-31,"-47,55057298","-21,56296155",4326,500,1,10,1,0,Normal,"20,47",,0,1,"24,48","24,48"
1,2,1,1,25,25,1111,1164,2,28619,2005-08-31,"-47,55057298","-21,56296155",4326,500,1,11,1,2,Dominante,"21,07","24,5",1,1,"24,75","24,5"
1,2,1,1,25,25,1112,1165,2,28619,2005-08-31,"-47,55057298","-21,56296155",4326,500,1,12,1,0,Normal,"17,25",,0,1,"22,8","22,8"
1,2,1,1,25,25,1113,1166,2,28619,2005-08-31,"-47,55057298","-21,56296155",4326,500,1,13,1,2,Dominante,"22,85","25,5",1,1,"25,48","25,5"
1,2,1,1,25,25,1114,1167,2,28619,2005-08-31,"-47,55057298","-21,56296155",4326,500,1,14,1,6,Morta,"14,16",,0,0,"20,66","20,66"
1,2,1,1,25,25,1115,1168,2,28619,2005-08-31,"-47,55057298","-21,56296155",4326,500,1,15,1,1,Falha,0,,0,0,,
1,2,1,1,25,25,1116,1169,2,28619,2005-08-31,"-47,55057298","-21,56296155",4326,500,1,16,1,0,Normal,"17,06","23,3",1,1,"22,69","23,3"
1,2,1,1,25,25,1117,1170,2,28619,2005-08-31,"-47,55057298","-21,56296155",4326,500,1,17,1,0,Normal,"18,33","24,4",1,1,"23,42","24,4"
1,2,1,1,25,25,1118,1171,2,28619,2005-08-31,"-47,55057298","-21,56296155",4326,500,1,18,1,0,Normal,"19,16","24,1",1,1,"23,85","24,1"
1,2,1,1,25,25,1119,1172,2,28619,2005-08-31,"-47,55057298","-21,56296155",4326,500,1,19,1,0,Normal,"17,51","22,8",1,1,"22,95","22,8"
1,2,1,1,25,25,1120,1173,2,28619,2005-08-31,"-47,55057298","-21,56296155",4326,500,1,20,1,0,Normal,"16,49",23,1,1,"22,33",23
1,2,1,1,25,25,1121,1174,2,28619,2005-08-31,"-47,55057298","-21,56296155",4326,500,1,21,1,0,Normal,"19,1","23,7",1,1,"23,82","23,7"
1,2,1,1,25,25,1122,1175,2,28619,2005-08-31,"-47,55057298","-21,56296155",4326,500,1,22,1,0,Normal,"19,67","24,4",1,1,"24,11","24,4"
1,2,1,1,25,25,1123,1176,2,28619,2005-08-31,"-47,55057298","-21,56296155",4326,500,1,23,1,0,Normal,"14,26",20,1,1,"20,74",20
1,2,1,1,25,25,1124,1177,2,28619,2005-08-31,"-47,55057298","-21,56296155",4326,500,1,24,1,6,Morta,"12,61",,0,0,"19,3","19,3"
1,2,1,1,25,25,1125,1178,2,28619,2005-08-31,"-47,55057298","-21,56296155",4326,500,1,25,1,0,Normal,"20,12","24,6",1,1,"24,32","24,6"
1,2,1,1,25,25,1126,1179,2,28619,2005-08-31,"-47,55057298","-21,56296155",4326,500,1,26,1,0,Normal,"14,87","20,9",1,1,"21,21","20,9"
1,2,1,1,25,25,1127,1180,2,28619,2005-08-31,"-47,55057298","-21,56296155",4326,500,1,27,1,6,Morta,"13,62",,0,0,"20,21","20,21"
1,2,1,1,25,25,1128,1181,2,28619,2005-08-31,"-47,55057298","-21,56296155",4326,500,1,28,1,0,Normal,"17,09",,0,1,"22,7","22,7"
1,2,1,1,25,25,1129,1182,2,28619,2005-08-31,"-47,55057298","-21,56296155",4326,500,1,29,1,0,Normal,"18,14",,0,1,"23,31","23,31"
1,2,1,1,25,25,1130,1183,2,28619,2005-08-31,"-47,55057298","-21,56296155",4326,500,1,30,1,0,Normal,"19,16",,0,1,"23,85","23,85"
1,2,1,1,25,25,1131,1184,2,28619,2005-08-31,"-47,55057298","-21,56296155",4326,500,1,31,1,0,Normal,"14,1",,0,1,"20,61","20,61"
1,2,1,1,25,25,1132,1185,2,28619,2005-08-31,"-47,55057298","-21,56296155",4326,500,1,32,1,0,Normal,"15,37",,0,1,"21,57","21,57"
1,2,1,1,25,25,1133,1186,2,28619,2005-08-31,"-47,55057298","-21,56296155",4326,500,1,33,1,0,Normal,"15,92",,0,1,"21,95","21,95"
1,2,1,1,25,25,1134,1187,2,28619,2005-08-31,"-47,55057298","-21,56296155",4326,500,1,34,1,3,Bifurcada Abaixo,"9,93",,0,1,"16,33","16,33"
1,2,1,1,25,25,1134,1188,2,28619,2005-08-31,"-47,55057298","-21,56296155",4326,500,1,34,2,3,Bifurcada Abaixo,"5,44",,0,1,"8,54","8,54"
1,2,1,1,25,25,1135,1189,2,28619,2005-08-31,"-47,55057298","-21,56296155",4326,500,1,35,1,0,Normal,"14,55",,0,1,"20,96","20,96"
1,2,1,1,25,25,1136,1190,2,28619,2005-08-31,"-47,55057298","-21,56296155",4326,500,1,36,1,0,Normal,"16,81",,0,1,"22,53","22,53"
1,2,1,1,25,25,1137,1191,2,28619,2005-08-31,"-47,55057298","-21,56296155",4326,500,1,37,1,0,Normal,"13,15",,0,1,"19,8","19,8"
1,2,1,1,25,25,1138,1192,2,28619,2005-08-31,"-47,55057298","-21,56296155",4326,500,1,38,1,0,Normal,"19,96",,0,1,"24,25","24,25"
1,2,1,1,25,25,1139,1193,2,28619,2005-08-31,"-47,55057298","-21,56296155",4326,500,1,39,1,0,Normal,"18,46",,0,1,"23,49","23,49"
1,2,1,1,25,25,1140,1194,2,28619,2005-08-31,"-47,55057298","-21,56296155",4326,500,1,40,1,0,Normal,"20,69",,0,1,"24,58","24,58"
1,2,1,1,25,25,1141,1195,2,28619,2005-08-31,"-47,55057298","-21,56296155",4326,500,1,41,1,6,Morta,"15,22",,0,0,"21,46","21,46"
1,2,1,1,25,25,1142,1196,2,28619,2005-08-31,"-47,55057298","-21,56296155",4326,500,1,42,1,6,Morta,"13,78",,0,0,"20,34","20,34"
1,3,1,2,26,26,1143,1197,3,28620,2005-08-31,"-47,54887638","-21,5614256",4326,500,1,1,1,0,Normal,"21,9",,0,1,"30,41","30,41"
1,3,1,2,26,26,1144,1198,3,28620,2005-08-31,"-47,54887638","-21,5614256",4326,500,1,2,1,0,Normal,"13,53",,0,1,"25,46","25,46"
1,3,1,2,26,26,1145,1199,3,28620,2005-08-31,"-47,54887638","-21,5614256",4326,500,1,3,1,0,Normal,"16,81",,0,1,"27,88","27,88"
1,3,1,2,26,26,1146,1200,3,28620,2005-08-31,"-47,54887638","-21,5614256",4326,500,1,4,1,0,Normal,"17,79",,0,1,"28,46","28,46"
1,3,1,2,26,26,1147,1201,3,28620,2005-08-31,"-47,54887638","-21,5614256",4326,500,1,5,1,2,Dominante,"23,08","31,4",1,1,"30,86","31,4"
1,3,1,2,26,26,1148,1202,3,28620,2005-08-31,"-47,54887638","-21,5614256",4326,500,1,6,1,2,Dominante,"23,14","30,6",1,1,"30,88","30,6"
1,3,1,2,26,26,1149,1203,3,28620,2005-08-31,"-47,54887638","-21,5614256",4326,500,1,7,1,0,Normal,"17,6",,0,1,"28,35","28,35"
1,3,1,2,26,26,1150,1204,3,28620,2005-08-31,"-47,54887638","-21,5614256",4326,500,1,8,1,0,Normal,"19,67",,0,1,"29,43","29,43"
1,3,1,2,26,26,1151,1205,3,28620,2005-08-31,"-47,54887638","-21,5614256",4326,500,1,9,1,0,Normal,"18,37",,0,1,"28,77","28,77"
1,3,1,2,26,26,1152,1206,3,28620,2005-08-31,"-47,54887638","-21,5614256",4326,500,1,10,1,0,Normal,"21,58",,0,1,"30,28","30,28"
1,3,1,2,26,26,1153,1207,3,28620,2005-08-31,"-47,54887638","-21,5614256",4326,500,1,11,1,0,Normal,"22,73",31,1,1,"30,73",31
1,3,1,2,26,26,1154,1208,3,28620,2005-08-31,"-47,54887638","-21,5614256",4326,500,1,12,1,0,Normal,"22,63","30,1",1,1,"30,69","30,1"
1,3,1,2,26,26,1155,1209,3,28620,2005-08-31,"-47,54887638","-21,5614256",4326,500,1,13,1,0,Normal,"11,52",,0,1,"23,48","23,48"
1,3,1,2,26,26,1156,1210,3,28620,2005-08-31,"-47,54887638","-21,5614256",4326,500,1,14,1,0,Normal,"16,52",,0,1,"27,69","27,69"
1,3,1,2,26,26,1157,1211,3,28620,2005-08-31,"-47,54887638","-21,5614256",4326,500,1,15,1,0,Normal,"18,37",,0,1,"28,77","28,77"
1,3,1,2,26,26,1158,1212,3,28620,2005-08-31,"-47,54887638","-21,5614256",4326,500,1,16,1,0,Normal,"16,68",,0,1,"27,79","27,79"
1,3,1,2,26,26,1159,1213,3,28620,2005-08-31,"-47,54887638","-21,5614256",4326,500,1,17,1,0,Normal,"14,9",,0,1,"26,57","26,57"
1,3,1,2,26,26,1160,1214,3,28620,2005-08-31,"-47,54887638","-21,5614256",4326,500,1,18,1,0,Normal,"17,98",,0,1,"28,56","28,56"
1,3,1,2,26,26,1161,1215,3,28620,2005-08-31,"-47,54887638","-21,5614256",4326,500,1,19,1,0,Normal,"21,23",,0,1,"30,13","30,13"
1,3,1,2,26,26,1162,1216,3,28620,2005-08-31,"-47,54887638","-21,5614256",4326,500,1,20,1,0,Normal,"20,18",,0,1,"29,67","29,67"
1,3,1,2,26,26,1163,1217,3,28620,2005-08-31,"-47,54887638","-21,5614256",4326,500,1,21,1,0,Normal,"19,1","29,6",1,1,"29,15","29,6"
1,3,1,2,26,26,1164,1218,3,28620,2005-08-31,"-47,54887638","-21,5614256",4326,500,1,22,1,0,Normal,"19,48","28,8",1,1,"29,34","28,8"
1,3,1,2,26,26,1165,1219,3,28620,2005-08-31,"-47,54887638","-21,5614256",4326,500,1,23,1,0,Normal,"19,32","29,4",1,1,"29,26","29,4"
1,3,1,2,26,26,1166,1220,3,28620,2005-08-31,"-47,54887638","-21,5614256",4326,500,1,24,1,0,Normal,"18,4","28,7",1,1,"28,79","28,7"
1,3,1,2,26,26,1167,1221,3,28620,2005-08-31,"-47,54887638","-21,5614256",4326,500,1,25,1,2,Dominante,"25,27","31,5",1,1,"31,59","31,5"
1,3,1,2,26,26,1168,1222,3,28620,2005-08-31,"-47,54887638","-21,5614256",4326,500,1,26,1,0,Normal,"17,28",28,1,1,"28,16",28
1,3,1,2,26,26,1169,1223,3,28620,2005-08-31,"-47,54887638","-21,5614256",4326,500,1,27,1,2,Dominante,"23,78","30,5",1,1,"31,1","30,5"
1,3,1,2,26,26,1170,1224,3,28620,2005-08-31,"-47,54887638","-21,5614256",4326,500,1,28,1,0,Normal,"16,77",28,1,1,"27,85",28
1,3,1,2,26,26,1171,1225,3,28620,2005-08-31,"-47,54887638","-21,5614256",4326,500,1,29,1,0,Normal,"18,27","28,5",1,1,"28,72","28,5"
1,3,1,2,26,26,1172,1226,3,28620,2005-08-31,"-47,54887638","-21,5614256",4326,500,1,30,1,0,Normal,"20,44",30,1,1,"29,79",30
1,3,1,2,26,26,1173,1227,3,28620,2005-08-31,"-47,54887638","-21,5614256",4326,500,1,31,1,0,Normal,"15,28",,0,1,"26,85","26,85"
1,3,1,2,26,26,1174,1228,3,28620,2005-08-31,"-47,54887638","-21,5614256",4326,500,1,32,1,0,Normal,"17,95",,0,1,"28,55","28,55"
1,3,1,2,26,26,1175,1229,3,28620,2005-08-31,"-47,54887638","-21,5614256",4326,500,1,33,1,0,Normal,"20,53",,0,1,"29,83","29,83"
1,3,1,2,26,26,1176,1230,3,28620,2005-08-31,"-47,54887638","-21,5614256",4326,500,1,34,1,0,Normal,"21,14",,0,1,"30,09","30,09"
1,3,1,2,26,26,1177,1231,3,28620,2005-08-31,"-47,54887638","-21,5614256",4326,500,1,35,1,0,Normal,"20,69",,0,1,"29,9","29,9"
1,3,1,2,26,26,1178,1232,3,28620,2005-08-31,"-47,54887638","-21,5614256",4326,500,1,36,1,0,Normal,"20,05",,0,1,"29,61","29,61"
1,3,1,2,26,26,1179,1233,3,28620,2005-08-31,"-47,54887638","-21,5614256",4326,500,1,37,1,0,Normal,"20,44",,0,1,"29,79","29,79"
1,3,1,2,26,26,1180,1234,3,28620,2005-08-31,"-47,54887638","-21,5614256",4326,500,1,38,1,0,Normal,"17,35",,0,1,"28,2","28,2"
1,3,1,2,26,26,1181,1235,3,28620,2005-08-31,"-47,54887638","-21,5614256",4326,500,1,39,1,0,Normal,"13,85",,0,1,"25,73","25,73"
1,3,1,2,26,26,1182,1236,3,28620,2005-08-31,"-47,54887638","-21,5614256",4326,500,1,40,1,2,Dominante,"22,89",31,1,1,"30,79",31
1,3,1,2,26,26,1183,1237,3,28620,2005-08-31,"-47,54887638","-21,5614256",4326,500,1,41,1,0,Normal,"20,85",,0,1,"29,97","29,97"
1,3,1,2,26,26,1184,1238,3,28620,2005-08-31,"-47,54887638","-21,5614256",4326,500,1,42,1,0,Normal,19,,0,1,"29,1","29,1"
1,3,1,2,26,26,1185,1239,3,28620,2005-08-31,"-47,54887638","-21,5614256",4326,500,1,43,1,0,Normal,"19,32",,0,1,"29,26","29,26"
1,3,1,2,26,26,1186,1240,3,28620,2005-08-31,"-47,54887638","-21,5614256",4326,500,1,44,1,0,Normal,"19,39",,0,1,"29,3","29,3"
1,3,1,2,26,26,1187,1241,3,28620,2005-08-31,"-47,54887638","-21,5614256",4326,500,1,45,1,0,Normal,"22,66","31,3",1,1,"30,7","31,3"
1,3,1,2,27,27,1188,1242,3,28621,2005-08-31,"-47,54717816","-21,56145155",4326,500,1,1,1,0,Normal,"16,14",,0,1,"28,75","28,75"
1,3,1,2,27,27,1189,1243,3,28621,2005-08-31,"-47,54717816","-21,56145155",4326,500,1,2,1,0,Normal,"22,09",,0,1,"31,37","31,37"
1,3,1,2,27,27,1190,1244,3,28621,2005-08-31,"-47,54717816","-21,56145155",4326,500,1,3,1,0,Normal,"21,07",,0,1,"31,01","31,01"
1,3,1,2,27,27,1191,1245,3,28621,2005-08-31,"-47,54717816","-21,56145155",4326,500,1,4,1,0,Normal,"17,76",,0,1,"29,61","29,61"
1,3,1,2,27,27,1192,1246,3,28621,2005-08-31,"-47,54717816","-21,56145155",4326,500,1,5,1,0,Normal,"18,81",,0,1,"30,1","30,1"
1,3,1,2,27,27,1193,1247,3,28621,2005-08-31,"-47,54717816","-21,56145155",4326,500,1,6,1,0,Normal,"19,19",,0,1,"30,27","30,27"
1,3,1,2,27,27,1194,1248,3,28621,2005-08-31,"-47,54717816","-21,56145155",4326,500,1,7,1,0,Normal,"17,57",,0,1,"29,52","29,52"
1,3,1,2,27,27,1195,1249,3,28621,2005-08-31,"-47,54717816","-21,56145155",4326,500,1,8,1,0,Normal,"23,62",,0,1,"31,85","31,85"
1,3,1,2,27,27,1196,1250,3,28621,2005-08-31,"-47,54717816","-21,56145155",4326,500,1,9,1,0,Normal,"22,28",,0,1,"31,43","31,43"
1,3,1,2,27,27,1197,1251,3,28621,2005-08-31,"-47,54717816","-21,56145155",4326,500,1,10,1,0,Normal,"20,59",,0,1,"30,83","30,83"
1,3,1,2,27,27,1198,1252,3,28621,2005-08-31,"-47,54717816","-21,56145155",4326,500,1,11,1,0,Normal,"19,29",,0,1,"30,31","30,31"
1,3,1,2,27,27,1199,1253,3,28621,2005-08-31,"-47,54717816","-21,56145155",4326,500,1,12,1,2,Dominante,"23,97","31,2",1,1,"31,95","31,2"
1,3,1,2,27,27,1200,1254,3,28621,2005-08-31,"-47,54717816","-21,56145155",4326,500,1,13,1,0,Normal,"21,87",,0,1,"31,29","31,29"
1,3,1,2,27,27,1201,1255,3,28621,2005-08-31,"-47,54717816","-21,56145155",4326,500,1,14,1,0,Normal,"18,27",,0,1,"29,86","29,86"
1,3,1,2,27,27,1202,1256,3,28621,2005-08-31,"-47,54717816","-21,56145155",4326,500,1,15,1,0,Normal,"15,6",,0,1,"28,43","28,43"
1,3,1,2,27,27,1203,1257,3,28621,2005-08-31,"-47,54717816","-21,56145155",4326,500,1,16,1,0,Normal,"18,37",,0,1,"29,9","29,9"
1,3,1,2,27,27,1204,1258,3,28621,2005-08-31,"-47,54717816","-21,56145155",4326,500,1,17,1,0,Normal,"17,92",,0,1,"29,69","29,69"
1,3,1,2,27,27,1205,1259,3,28621,2005-08-31,"-47,54717816","-21,56145155",4326,500,1,18,1,0,Normal,"16,52",,0,1,"28,97","28,97"
1,3,1,2,27,27,1206,1260,3,28621,2005-08-31,"-47,54717816","-21,56145155",4326,500,1,19,1,0,Normal,"13,62",,0,1,"27,08","27,08"
1,3,1,2,27,27,1207,1261,3,28621,2005-08-31,"-47,54717816","-21,56145155",4326,500,1,20,1,0,Normal,"13,53",,0,1,"27,01","27,01"
1,3,1,2,27,27,1208,1262,3,28621,2005-08-31,"-47,54717816","-21,56145155",4326,500,1,21,1,1,Falha,0,,0,0,,
1,3,1,2,27,27,1209,1263,3,28621,2005-08-31,"-47,54717816","-21,56145155",4326,500,1,22,1,0,Normal,"21,07","31,4",1,1,"31,01","31,4"
1,3,1,2,27,27,1210,1264,3,28621,2005-08-31,"-47,54717816","-21,56145155",4326,500,1,23,1,2,Dominante,"26,04",32,1,1,"32,51",32
1,3,1,2,27,27,1211,1265,3,28621,2005-08-31,"-47,54717816","-21,56145155",4326,500,1,24,1,2,Dominante,"24,67","32,5",1,1,"32,15","32,5"
1,3,1,2,27,27,1212,1266,3,28621,2005-08-31,"-47,54717816","-21,56145155",4326,500,1,25,1,0,Normal,"21,61","31,8",1,1,"31,2","31,8"
1,3,1,2,27,27,1213,1267,3,28621,2005-08-31,"-47,54717816","-21,56145155",4326,500,1,26,1,0,Normal,"21,01",32,1,1,"30,99",32
1,3,1,2,27,27,1214,1268,3,28621,2005-08-31,"-47,54717816","-21,56145155",4326,500,1,27,1,0,Normal,"16,84","28,9",1,1,"29,14","28,9"
1,3,1,2,27,27,1215,1269,3,28621,2005-08-31,"-47,54717816","-21,56145155",4326,500,1,28,1,0,Normal,"19,42",30,1,1,"30,37",30
1,3,1,2,27,27,1216,1270,3,28621,2005-08-31,"-47,54717816","-21,56145155",4326,500,1,29,1,0,Normal,"19,7",30,1,1,"30,48",30
1,3,1,2,27,27,1217,1271,3,28621,2005-08-31,"-47,54717816","-21,56145155",4326,500,1,30,1,0,Normal,"23,05",32,1,1,"31,68",32
1,3,1,2,27,27,1218,1272,3,28621,2005-08-31,"-47,54717816","-21,56145155",4326,500,1,31,1,0,Normal,"20,5","30,8",1,1,"30,8","30,8"
1,3,1,2,27,27,1219,1273,3,28621,2005-08-31,"-47,54717816","-21,56145155",4326,500,1,32,1,1,Falha,0,,0,0,,
1,3,1,2,27,27,1220,1274,3,28621,2005-08-31,"-47,54717816","-21,56145155",4326,500,1,33,1,0,Normal,"17,51",,0,1,"29,49","29,49"
1,3,1,2,27,27,1221,1275,3,28621,2005-08-31,"-47,54717816","-21,56145155",4326,500,1,34,1,0,Normal,"21,96",,0,1,"31,32","31,32"
1,3,1,2,27,27,1222,1276,3,28621,2005-08-31,"-47,54717816","-21,56145155",4326,500,1,35,1,0,Normal,"21,33",,0,1,"31,1","31,1"
1,3,1,2,27,27,1223,1277,3,28621,2005-08-31,"-47,54717816","-21,56145155",4326,500,1,36,1,0,Normal,"20,5",,0,1,"30,8","30,8"
1,3,1,2,27,27,1224,1278,3,28621,2005-08-31,"-47,54717816","-21,56145155",4326,500,1,37,1,0,Normal,"12,92",,0,1,"26,52","26,52"
1,3,1,2,27,27,1225,1279,3,28621,2005-08-31,"-47,54717816","-21,56145155",4326,500,1,38,1,1,Falha,0,,0,0,,
1,3,1,2,27,27,1226,1280,3,28621,2005-08-31,"-47,54717816","-21,56145155",4326,500,1,39,1,0,Normal,"18,68",,0,1,"30,04","30,04"
1,3,1,2,27,27,1227,1281,3,28621,2005-08-31,"-47,54717816","-21,56145155",4326,500,1,40,1,2,Dominante,"23,78","31,5",1,1,"31,9","31,5"
1,3,1,2,27,27,1228,1282,3,28621,2005-08-31,"-47,54717816","-21,56145155",4326,500,1,41,1,2,Dominante,"23,87",32,1,1,"31,93",32
1,3,1,2,27,27,1229,1283,3,28621,2005-08-31,"-47,54717816","-21,56145155",4326,500,1,42,1,3,Bifurcada Abaixo,"10,66",,0,1,"24,35","24,35"
1,3,1,2,27,27,1229,1284,3,28621,2005-08-31,"-47,54717816","-21,56145155",4326,500,1,42,2,3,Bifurcada Abaixo,"18,21",,0,1,"29,83","29,83"
1,3,1,2,27,27,1230,1285,3,28621,2005-08-31,"-47,54717816","-21,56145155",4326,500,1,43,1,0,Normal,"19,61",,0,1,"30,44","30,44"
1,3,1,2,27,27,1231,1286,3,28621,2005-08-31,"-47,54717816","-21,56145155",4326,500,1,44,1,3,Bifurcada Abaixo,"7,45",,0,1,"19,72","19,72"
1,3,1,2,27,27,1231,1287,3,28621,2005-08-31,"-47,54717816","-21,56145155",4326,500,1,44,2,3,Bifurcada Abaixo,"21,87",,0,1,"31,29","31,29"
1,3,1,2,27,27,1232,1288,3,28621,2005-08-31,"-47,54717816","-21,56145155",4326,500,1,45,1,0,Normal,"14,39",,0,1,"27,64","27,64"
1,3,1,2,27,27,1233,1289,3,28621,2005-08-31,"-47,54717816","-21,56145155",4326,500,1,46,1,0,Normal,"22,19",,0,1,"31,4","31,4"
1,3,1,2,27,27,1234,1290,3,28621,2005-08-31,"-47,54717816","-21,56145155",4326,500,1,47,1,0,Normal,"15,12",,0,1,"28,13","28,13"
1,3,1,2,27,27,1235,1291,3,28621,2005-08-31,"-47,54717816","-21,56145155",4326,500,1,48,1,0,Normal,"15,66",,0,1,"28,47","28,47"
1,3,1,2,27,27,1236,1292,3,28621,2005-08-31,"-47,54717816","-21,56145155",4326,500,1,49,1,0,Normal,"16,71",,0,1,"29,07","29,07"
1,3,1,2,27,27,1237,1293,3,28621,2005-08-31,"-47,54717816","-21,56145155",4326,500,1,50,1,0,Normal,"18,37",,0,1,"29,9","29,9"
1,3,1,2,27,27,1238,1294,3,28621,2005-08-31,"-47,54717816","-21,56145155",4326,500,1,51,1,0,Normal,"17,83",,0,1,"29,65","29,65"
1,3,1,2,27,27,1239,1295,3,28621,2005-08-31,"-47,54717816","-21,56145155",4326,500,1,52,1,0,Normal,"14,93",,0,1,"28,01","28,01"
1,3,1,2,29,29,1286,1346,3,28623,2005-08-31,"-47,54556343","-21,56460001",4326,500,1,1,1,0,Normal,"16,14",,0,1,"26,14","26,14"
1,3,1,2,29,29,1287,1347,3,28623,2005-08-31,"-47,54556343","-21,56460001",4326,500,1,2,1,0,Normal,"16,71",,0,1,"26,49","26,49"
1,3,1,2,29,29,1288,1348,3,28623,2005-08-31,"-47,54556343","-21,56460001",4326,500,1,3,1,0,Normal,"12,35",,0,1,"23,21","23,21"
1,3,1,2,29,29,1289,1349,3,28623,2005-08-31,"-47,54556343","-21,56460001",4326,500,1,4,1,0,Normal,"17,03",,0,1,"26,67","26,67"
1,3,1,2,29,29,1290,1350,3,28623,2005-08-31,"-47,54556343","-21,56460001",4326,500,1,5,1,2,Dominante,"20,37","27,9",1,1,"28,33","27,9"
1,3,1,2,29,29,1291,1351,3,28623,2005-08-31,"-47,54556343","-21,56460001",4326,500,1,6,1,0,Normal,"17,32",,0,1,"26,84","26,84"
1,3,1,2,29,29,1292,1352,3,28623,2005-08-31,"-47,54556343","-21,56460001",4326,500,1,7,1,0,Normal,19,,0,1,"27,71","27,71"
1,3,1,2,29,29,1293,1353,3,28623,2005-08-31,"-47,54556343","-21,56460001",4326,500,1,8,1,2,Dominante,"21,77","30,3",1,1,"28,89","30,3"
1,3,1,2,29,29,1294,1354,3,28623,2005-08-31,"-47,54556343","-21,56460001",4326,500,1,9,1,0,Normal,"19,86",,0,1,"28,11","28,11"
1,3,1,2,29,29,1295,1355,3,28623,2005-08-31,"-47,54556343","-21,56460001",4326,500,1,10,1,0,Normal,"17,28",,0,1,"26,82","26,82"
1,3,1,2,29,29,1296,1356,3,28623,2005-08-31,"-47,54556343","-21,56460001",4326,500,1,11,1,0,Normal,"18,08",,0,1,"27,25","27,25"
1,3,1,2,29,29,1297,1357,3,28623,2005-08-31,"-47,54556343","-21,56460001",4326,500,1,12,1,0,Normal,"19,26",,0,1,"27,83","27,83"
1,3,1,2,29,29,1298,1358,3,28623,2005-08-31,"-47,54556343","-21,56460001",4326,500,1,13,1,2,Dominante,"21,71","28,5",1,1,"28,87","28,5"
1,3,1,2,29,29,1299,1359,3,28623,2005-08-31,"-47,54556343","-21,56460001",4326,500,1,14,1,1,Falha,0,,0,0,,
1,3,1,2,29,29,1300,1360,3,28623,2005-08-31,"-47,54556343","-21,56460001",4326,500,1,15,1,0,Normal,"19,1",,0,1,"27,76","27,76"
1,3,1,2,29,29,1301,1361,3,28623,2005-08-31,"-47,54556343","-21,56460001",4326,500,1,16,1,0,Normal,"18,72",,0,1,"27,57","27,57"
1,3,1,2,29,29,1302,1362,3,28623,2005-08-31,"-47,54556343","-21,56460001",4326,500,1,17,1,0,Normal,"14,07",,0,1,"24,69","24,69"
1,3,1,2,29,29,1303,1363,3,28623,2005-08-31,"-47,54556343","-21,56460001",4326,500,1,18,1,0,Normal,"16,93",,0,1,"26,62","26,62"
1,3,1,2,29,29,1304,1364,3,28623,2005-08-31,"-47,54556343","-21,56460001",4326,500,1,19,1,0,Normal,"16,49","26,5",1,1,"26,35","26,5"
1,3,1,2,29,29,1305,1365,3,28623,2005-08-31,"-47,54556343","-21,56460001",4326,500,1,20,1,0,Normal,"15,53","26,3",1,1,"25,74","26,3"
1,3,1,2,29,29,1306,1366,3,28623,2005-08-31,"-47,54556343","-21,56460001",4326,500,1,21,1,0,Normal,"14,26","24,5",1,1,"24,84","24,5"
1,3,1,2,29,29,1307,1367,3,28623,2005-08-31,"-47,54556343","-21,56460001",4326,500,1,22,1,0,Normal,"15,12","25,7",1,1,"25,46","25,7"
1,3,1,2,29,29,1308,1368,3,28623,2005-08-31,"-47,54556343","-21,56460001",4326,500,1,23,1,0,Normal,"11,43","22,9",1,1,"22,28","22,9"
1,3,1,2,29,29,1309,1369,3,28623,2005-08-31,"-47,54556343","-21,56460001",4326,500,1,24,1,0,Normal,"18,37","26,6",1,1,"27,4","26,6"
1,3,1,2,29,29,1310,1370,3,28623,2005-08-31,"-47,54556343","-21,56460001",4326,500,1,25,1,0,Normal,"18,68","27,8",1,1,"27,55","27,8"
1,3,1,2,29,29,1311,1371,3,28623,2005-08-31,"-47,54556343","-21,56460001",4326,500,1,26,1,0,Normal,"13,62",23,1,1,"24,33",23
1,3,1,2,29,29,1312,1372,3,28623,2005-08-31,"-47,54556343","-21,56460001",4326,500,1,27,1,0,Normal,"17,25","27,8",1,1,"26,8","27,8"
1,3,1,2,29,29,1313,1373,3,28623,2005-08-31,"-47,54556343","-21,56460001",4326,500,1,28,1,0,Normal,"19,42","26,7",1,1,"27,91","26,7"
1,3,1,2,29,29,1314,1374,3,28623,2005-08-31,"-47,54556343","-21,56460001",4326,500,1,29,1,0,Normal,"10,5",,0,1,"21,22","21,22"
1,3,1,2,29,29,1315,1375,3,28623,2005-08-31,"-47,54556343","-21,56460001",4326,500,1,30,1,2,Dominante,"21,77","29,3",1,1,"28,89","29,3"
1,3,1,2,29,29,1316,1376,3,28623,2005-08-31,"-47,54556343","-21,56460001",4326,500,1,31,1,0,Normal,"18,94",,0,1,"27,68","27,68"
1,3,1,2,29,29,1317,1377,3,28623,2005-08-31,"-47,54556343","-21,56460001",4326,500,1,32,1,0,Normal,"19,23",,0,1,"27,82","27,82"
1,3,1,2,29,29,1318,1378,3,28623,2005-08-31,"-47,54556343","-21,56460001",4326,500,1,33,1,0,Normal,"19,03",,0,1,"27,72","27,72"
1,3,1,2,29,29,1319,1379,3,28623,2005-08-31,"-47,54556343","-21,56460001",4326,500,1,34,1,0,Normal,"15,72",,0,1,"25,87","25,87"
1,3,1,2,29,29,1320,1380,3,28623,2005-08-31,"-47,54556343","-21,56460001",4326,500,1,35,1,0,Normal,"17,76",,0,1,"27,08","27,08"
1,3,1,2,29,29,1321,1381,3,28623,2005-08-31,"-47,54556343","-21,56460001",4326,500,1,36,1,1,Falha,0,,0,0,,
1,3,1,2,29,29,1322,1382,3,28623,2005-08-31,"-47,54556343","-21,56460001",4326,500,1,37,1,1,Falha,0,,0,0,,
1,3,1,2,29,29,1323,1383,3,28623,2005-08-31,"-47,54556343","-21,56460001",4326,500,1,38,1,1,Falha,0,,0,0,,
1,3,1,2,29,29,1324,1384,3,28623,2005-08-31,"-47,54556343","-21,56460001",4326,500,1,39,1,1,Falha,0,,0,0,,
1,3,1,2,29,29,1325,1385,3,28623,2005-08-31,"-47,54556343","-21,56460001",4326,500,1,40,1,1,Falha,0,,0,0,,
1,3,1,2,29,29,1326,1386,3,28623,2005-08-31,"-47,54556343","-21,56460001",4326,500,1,41,1,1,Falha,0,,0,0,,
1,3,1,2,29,29,1327,1387,3,28623,2005-08-31,"-47,54556343","-21,56460001",4326,500,1,42,1,1,Falha,0,,0,0,,
1,3,1,2,29,29,1328,1388,3,28623,2005-08-31,"-47,54556343","-21,56460001",4326,500,1,43,1,1,Falha,0,,0,0,,
1,3,1,2,29,29,1329,1389,3,28623,2005-08-31,"-47,54556343","-21,56460001",4326,500,1,44,1,2,Dominante,"23,68","29,4",1,1,"29,57","29,4"
1,3,1,2,31,31,1375,1436,3,28625,2005-08-31,"-47,54559071","-21,56616149",4326,500,1,1,1,2,Dominante,"18,88","27,4",1,1,"27,73","27,4"
1,3,1,2,31,31,1376,1437,3,28625,2005-08-31,"-47,54559071","-21,56616149",4326,500,1,2,1,0,Normal,"12,8",,0,1,"23,75","23,75"
1,3,1,2,31,31,1377,1438,3,28625,2005-08-31,"-47,54559071","-21,56616149",4326,500,1,3,1,0,Normal,"14,74",,0,1,"25,3","25,3"
1,3,1,2,31,31,1378,1439,3,28625,2005-08-31,"-47,54559071","-21,56616149",4326,500,1,4,1,0,Normal,"8,59",,0,1,"18,75","18,75"
1,3,1,2,31,31,1379,1440,3,28625,2005-08-31,"-47,54559071","-21,56616149",4326,500,1,5,1,0,Normal,"18,84",,0,1,"27,71","27,71"
1,3,1,2,31,31,1380,1441,3,28625,2005-08-31,"-47,54559071","-21,56616149",4326,500,1,6,1,0,Normal,"13,94",,0,1,"24,7","24,7"
1,3,1,2,31,31,1381,1442,3,28625,2005-08-31,"-47,54559071","-21,56616149",4326,500,1,7,1,0,Normal,"15,18",,0,1,"25,61","25,61"
1,3,1,2,31,31,1382,1443,3,28625,2005-08-31,"-47,54559071","-21,56616149",4326,500,1,8,1,0,Normal,"15,92",,0,1,"26,1","26,1"
1,3,1,2,31,31,1383,1444,3,28625,2005-08-31,"-47,54559071","-21,56616149",4326,500,1,9,1,0,Normal,"18,3",,0,1,"27,45","27,45"
1,3,1,2,31,31,1384,1445,3,28625,2005-08-31,"-47,54559071","-21,56616149",4326,500,1,10,1,0,Normal,"17,41",,0,1,"26,98","26,98"
1,3,1,2,31,31,1385,1446,3,28625,2005-08-31,"-47,54559071","-21,56616149",4326,500,1,11,1,0,Normal,"16,9",,0,1,"26,69","26,69"
1,3,1,2,31,31,1386,1447,3,28625,2005-08-31,"-47,54559071","-21,56616149",4326,500,1,12,1,0,Normal,"18,08",,0,1,"27,33","27,33"
1,3,1,2,31,31,1387,1448,3,28625,2005-08-31,"-47,54559071","-21,56616149",4326,500,1,13,1,0,Normal,"16,9",,0,1,"26,69","26,69"
1,3,1,2,31,31,1388,1449,3,28625,2005-08-31,"-47,54559071","-21,56616149",4326,500,1,14,1,0,Normal,"16,39",,0,1,"26,39","26,39"
1,3,1,2,31,31,1389,1450,3,28625,2005-08-31,"-47,54559071","-21,56616149",4326,500,1,15,1,0,Normal,"18,43",,0,1,"27,51","27,51"
1,3,1,2,31,31,1390,1451,3,28625,2005-08-31,"-47,54559071","-21,56616149",4326,500,1,16,1,0,Normal,"18,02",,0,1,"27,3","27,3"
1,3,1,2,31,31,1391,1452,3,28625,2005-08-31,"-47,54559071","-21,56616149",4326,500,1,17,1,0,Normal,"13,11",,0,1,"24,02","24,02"
1,3,1,2,31,31,1392,1453,3,28625,2005-08-31,"-47,54559071","-21,56616149",4326,500,1,18,1,0,Normal,"17,03",,0,1,"26,76","26,76"
1,3,1,2,31,31,1393,1454,3,28625,2005-08-31,"-47,54559071","-21,56616149",4326,500,1,19,1,0,Normal,"16,87",,0,1,"26,67","26,67"
1,3,1,2,31,31,1394,1455,3,28625,2005-08-31,"-47,54559071","-21,56616149",4326,500,1,20,1,0,Normal,"18,4",,0,1,"27,5","27,5"
1,3,1,2,31,31,1395,1456,3,28625,2005-08-31,"-47,54559071","-21,56616149",4326,500,1,21,1,0,Normal,"18,21",,0,1,"27,4","27,4"
1,3,1,2,31,31,1396,1457,3,28625,2005-08-31,"-47,54559071","-21,56616149",4326,500,1,22,1,0,Normal,"15,09",,0,1,"25,55","25,55"
1,3,1,2,31,31,1397,1458,3,28625,2005-08-31,"-47,54559071","-21,56616149",4326,500,1,23,1,1,Falha,0,,0,0,,
1,3,1,2,31,31,1398,1459,3,28625,2005-08-31,"-47,54559071","-21,56616149",4326,500,1,24,1,2,Dominante,"19,64","28,3",1,1,"28,08","28,3"
1,3,1,2,31,31,1399,1460,3,28625,2005-08-31,"-47,54559071","-21,56616149",4326,500,1,25,1,1,Falha,0,,0,0,,
1,3,1,2,31,31,1400,1461,3,28625,2005-08-31,"-47,54559071","-21,56616149",4326,500,1,26,1,2,Dominante,"20,05","28,8",1,1,"28,27","28,8"
1,3,1,2,31,31,1401,1462,3,28625,2005-08-31,"-47,54559071","-21,56616149",4326,500,1,27,1,0,Normal,"15,85","27,5",1,1,"26,05","27,5"
1,3,1,2,31,31,1402,1463,3,28625,2005-08-31,"-47,54559071","-21,56616149",4326,500,1,28,1,2,Dominante,"19,29","28,4",1,1,"27,92","28,4"
1,3,1,2,31,31,1403,1464,3,28625,2005-08-31,"-47,54559071","-21,56616149",4326,500,1,29,1,0,Normal,"13,27",24,1,1,"24,15",24
1,3,1,2,31,31,1404,1465,3,28625,2005-08-31,"-47,54559071","-21,56616149",4326,500,1,30,1,0,Normal,"16,49","26,2",1,1,"26,45","26,2"
1,3,1,2,31,31,1405,1466,3,28625,2005-08-31,"-47,54559071","-21,56616149",4326,500,1,31,1,2,Dominante,"19,32","28,2",1,1,"27,94","28,2"
1,3,1,2,31,31,1406,1467,3,28625,2005-08-31,"-47,54559071","-21,56616149",4326,500,1,32,1,0,Normal,"16,71","26,1",1,1,"26,58","26,1"
1,3,1,2,31,31,1407,1468,3,28625,2005-08-31,"-47,54559071","-21,56616149",4326,500,1,33,1,0,Normal,"17,57","26,5",1,1,"27,06","26,5"
1,3,1,2,31,31,1408,1469,3,28625,2005-08-31,"-47,54559071","-21,56616149",4326,500,1,34,1,1,Falha,0,,0,0,,
1,3,1,2,31,31,1409,1470,3,28625,2005-08-31,"-47,54559071","-21,56616149",4326,500,1,35,1,0,Normal,"16,14","26,2",1,1,"26,24","26,2"
1,3,1,2,31,31,1410,1471,3,28625,2005-08-31,"-47,54559071","-21,56616149",4326,500,1,36,1,0,Normal,"16,46",,0,1,"26,43","26,43"
1,3,1,2,31,31,1411,1472,3,28625,2005-08-31,"-47,54559071","-21,56616149",4326,500,1,37,1,0,Normal,"18,68","26,5",1,1,"27,63","26,5"
1,3,1,2,31,31,1412,1473,3,28625,2005-08-31,"-47,54559071","-21,56616149",4326,500,1,38,1,0,Normal,"12,41",,0,1,"23,39","23,39"
1,3,1,2,31,31,1413,1474,3,28625,2005-08-31,"-47,54559071","-21,56616149",4326,500,1,39,1,0,Normal,"17,89",,0,1,"27,23","27,23"
1,3,1,2,31,31,1414,1475,3,28625,2005-08-31,"-47,54559071","-21,56616149",4326,500,1,40,1,0,Normal,"3,57",,0,1,"6,83","6,83"
1,3,1,2,31,31,1415,1476,3,28625,2005-08-31,"-47,54559071","-21,56616149",4326,500,1,41,1,0,Normal,"12,57",,0,1,"23,54","23,54"
1,3,1,2,31,31,1416,1477,3,28625,2005-08-31,"-47,54559071","-21,56616149",4326,500,1,42,1,0,Normal,"4,77",,0,1,"10,55","10,55"
1,3,1,2,31,31,1417,1478,3,28625,2005-08-31,"-47,54559071","-21,56616149",4326,500,1,43,1,0,Normal,"9,71",,0,1,"20,37","20,37"
1,3,1,2,32,32,1418,1479,3,28626,2005-08-31,"-47,54395997","-21,56618638",4326,500,1,1,1,2,Dominante,"20,69","30,3",1,1,"30,14","30,3"
1,3,1,2,32,32,1419,1480,3,28626,2005-08-31,"-47,54395997","-21,56618638",4326,500,1,2,1,0,Normal,"20,12",,0,1,"29,86","29,86"
1,3,1,2,32,32,1420,1481,3,28626,2005-08-31,"-47,54395997","-21,56618638",4326,500,1,3,1,0,Normal,"17,86",,0,1,"28,64","28,64"
1,3,1,2,32,32,1421,1482,3,28626,2005-08-31,"-47,54395997","-21,56618638",4326,500,1,4,1,0,Normal,"17,03",,0,1,"28,13","28,13"
1,3,1,2,32,32,1422,1483,3,28626,2005-08-31,"-47,54395997","-21,56618638",4326,500,1,5,1,0,Normal,"20,37",,0,1,"29,99","29,99"
1,3,1,2,32,32,1423,1484,3,28626,2005-08-31,"-47,54395997","-21,56618638",4326,500,1,6,1,0,Normal,"15,53",,0,1,"27,09","27,09"
1,3,1,2,32,32,1424,1485,3,28626,2005-08-31,"-47,54395997","-21,56618638",4326,500,1,7,1,0,Normal,"16,01",,0,1,"27,44","27,44"
1,3,1,2,32,32,1425,1486,3,28626,2005-08-31,"-47,54395997","-21,56618638",4326,500,1,8,1,0,Normal,"12,48",,0,1,"24,4","24,4"
1,3,1,2,32,32,1426,1487,3,28626,2005-08-31,"-47,54395997","-21,56618638",4326,500,1,9,1,0,Normal,"16,23",,0,1,"27,59","27,59"
1,3,1,2,32,32,1427,1488,3,28626,2005-08-31,"-47,54395997","-21,56618638",4326,500,1,10,1,0,Normal,"11,97",,0,1,"23,86","23,86"
1,3,1,2,32,32,1428,1489,3,28626,2005-08-31,"-47,54395997","-21,56618638",4326,500,1,11,1,0,Normal,"12,96",,0,1,"24,89","24,89"
1,3,1,2,32,32,1429,1490,3,28626,2005-08-31,"-47,54395997","-21,56618638",4326,500,1,12,1,0,Normal,"16,71",,0,1,"27,92","27,92"
1,3,1,2,32,32,1430,1491,3,28626,2005-08-31,"-47,54395997","-21,56618638",4326,500,1,13,1,0,Normal,"19,42",30,1,1,"29,51",30
1,3,1,2,32,32,1431,1492,3,28626,2005-08-31,"-47,54395997","-21,56618638",4326,500,1,14,1,0,Normal,"14,26","26,8",1,1,"26,08","26,8"
1,3,1,2,32,32,1432,1493,3,28626,2005-08-31,"-47,54395997","-21,56618638",4326,500,1,15,1,0,Normal,"16,62",29,1,1,"27,86",29
1,3,1,2,32,32,1433,1494,3,28626,2005-08-31,"-47,54395997","-21,56618638",4326,500,1,16,1,0,Normal,"5,95","13,8",1,1,"13,62","13,8"
1,3,1,2,32,32,1434,1495,3,28626,2005-08-31,"-47,54395997","-21,56618638",4326,500,1,17,1,0,Normal,"13,69","24,8",1,1,"25,58","24,8"
1,3,1,2,32,32,1435,1496,3,28626,2005-08-31,"-47,54395997","-21,56618638",4326,500,1,18,1,0,Normal,"9,93","20,4",1,1,"21,29","20,4"
1,3,1,2,32,32,1436,1497,3,28626,2005-08-31,"-47,54395997","-21,56618638",4326,500,1,19,1,0,Normal,"16,07","27,5",1,1,"27,48","27,5"
1,3,1,2,32,32,1437,1498,3,28626,2005-08-31,"-47,54395997","-21,56618638",4326,500,1,20,1,0,Normal,"17,6","29,2",1,1,"28,49","29,2"
1,3,1,2,32,32,1438,1499,3,28626,2005-08-31,"-47,54395997","-21,56618638",4326,500,1,21,1,0,Normal,"18,91","28,8",1,1,"29,24","28,8"
1,3,1,2,32,32,1439,1500,3,28626,2005-08-31,"-47,54395997","-21,56618638",4326,500,1,22,1,2,Dominante,"21,49","30,2",1,1,"30,5","30,2"
1,3,1,2,32,32,1440,1501,3,28626,2005-08-31,"-47,54395997","-21,56618638",4326,500,1,23,1,1,Falha,0,,0,0,,
1,3,1,2,32,32,1441,1502,3,28626,2005-08-31,"-47,54395997","-21,56618638",4326,500,1,24,1,2,Dominante,"20,59","29,5",1,1,"30,09","29,5"
1,3,1,2,32,32,1442,1503,3,28626,2005-08-31,"-47,54395997","-21,56618638",4326,500,1,25,1,0,Normal,"17,41",,0,1,"28,37","28,37"
1,3,1,2,32,32,1443,1504,3,28626,2005-08-31,"-47,54395997","-21,56618638",4326,500,1,26,1,0,Normal,"19,64",,0,1,"29,62","29,62"
1,3,1,2,32,32,1444,1505,3,28626,2005-08-31,"-47,54395997","-21,56618638",4326,500,1,27,1,0,Normal,"14,2",,0,1,"26,03","26,03"
1,3,1,2,32,32,1445,1506,3,28626,2005-08-31,"-47,54395997","-21,56618638",4326,500,1,28,1,0,Normal,"18,3",,0,1,"28,9","28,9"
1,3,1,2,32,32,1446,1507,3,28626,2005-08-31,"-47,54395997","-21,56618638",4326,500,1,29,1,2,Dominante,"21,71","30,5",1,1,"30,59","30,5"
1,3,1,2,32,32,1447,1508,3,28626,2005-08-31,"-47,54395997","-21,56618638",4326,500,1,30,1,0,Normal,"18,18",,0,1,"28,83","28,83"
1,3,1,2,32,32,1448,1509,3,28626,2005-08-31,"-47,54395997","-21,56618638",4326,500,1,31,1,0,Normal,"16,49",,0,1,"27,77","27,77"
1,3,1,2,32,32,1449,1510,3,28626,2005-08-31,"-47,54395997","-21,56618638",4326,500,1,32,1,3,Bifurcada Abaixo,"17,25",,0,1,"28,27","28,27"
1,3,1,2,32,32,1449,1511,3,28626,2005-08-31,"-47,54395997","-21,56618638",4326,500,1,32,2,3,Bifurcada Abaixo,"19,42",,0,1,"29,51","29,51"
1,3,1,2,32,32,1450,1512,3,28626,2005-08-31,"-47,54395997","-21,56618638",4326,500,1,33,1,0,Normal,"19,03",,0,1,"29,31","29,31"
1,3,1,2,32,32,1451,1513,3,28626,2005-08-31,"-47,54395997","-21,56618638",4326,500,1,34,1,0,Normal,"18,84",,0,1,"29,2","29,2"
1,3,1,2,32,32,1452,1514,3,28626,2005-08-31,"-47,54395997","-21,56618638",4326,500,1,35,1,2,Dominante,"22,25","30,5",1,1,"30,82","30,5"
1,3,1,2,32,32,1453,1515,3,28626,2005-08-31,"-47,54395997","-21,56618638",4326,500,1,36,1,0,Normal,"19,8",,0,1,"29,71","29,71"
1,3,1,2,32,32,1454,1516,3,28626,2005-08-31,"-47,54395997","-21,56618638",4326,500,1,37,1,1,Falha,0,,0,0,,
1,3,1,2,32,32,1455,1517,3,28626,2005-08-31,"-47,54395997","-21,56618638",4326,500,1,38,1,1,Falha,0,,0,0,,
1,3,1,2,32,32,1456,1518,3,28626,2005-08-31,"-47,54395997","-21,56618638",4326,500,1,39,1,1,Falha,0,,0,0,,
1,3,1,2,32,32,1457,1519,3,28626,2005-08-31,"-47,54395997","-21,56618638",4326,500,1,40,1,0,Normal,"18,3",,0,1,"28,9","28,9"
1,3,1,2,32,32,1458,1520,3,28626,2005-08-31,"-47,54395997","-21,56618638",4326,500,1,41,1,1,Falha,0,,0,0,,
1,4,1,1,33,33,1459,1521,4,28627,2005-08-31,"-47,54548297","-21,55833559",4326,500,1,1,1,0,Normal,"16,81",,0,1,"26,93","26,93"
1,4,1,1,33,33,1460,1522,4,28627,2005-08-31,"-47,54548297","-21,55833559",4326,500,1,2,1,0,Normal,"14,64",,0,1,"25,92","25,92"
1,4,1,1,33,33,1461,1523,4,28627,2005-08-31,"-47,54548297","-21,55833559",4326,500,1,3,1,0,Normal,"19,42",,0,1,"27,87","27,87"
1,4,1,1,33,33,1462,1524,4,28627,2005-08-31,"-47,54548297","-21,55833559",4326,500,1,4,1,5,Inclinadas,"12,83",,0,1,"24,87","24,87"
1,4,1,1,33,33,1463,1525,4,28627,2005-08-31,"-47,54548297","-21,55833559",4326,500,1,5,1,5,Inclinadas,"6,62",,0,1,"18,16","18,16"
1,4,1,1,33,33,1464,1526,4,28627,2005-08-31,"-47,54548297","-21,55833559",4326,500,1,6,1,0,Normal,"13,53",,0,1,"25,31","25,31"
1,4,1,1,33,33,1465,1527,4,28627,2005-08-31,"-47,54548297","-21,55833559",4326,500,1,7,1,1,Falha,0,,0,0,,
1,4,1,1,33,33,1466,1528,4,28627,2005-08-31,"-47,54548297","-21,55833559",4326,500,1,8,1,5,Inclinadas,"11,52",,0,1,"23,94","23,94"
1,4,1,1,33,33,1467,1529,4,28627,2005-08-31,"-47,54548297","-21,55833559",4326,500,1,9,1,0,Normal,"16,49",,0,1,"26,79","26,79"
1,4,1,1,33,33,1468,1530,4,28627,2005-08-31,"-47,54548297","-21,55833559",4326,500,1,10,1,0,Normal,"10,73",,0,1,"23,29","23,29"
1,4,1,1,33,33,1469,1531,4,28627,2005-08-31,"-47,54548297","-21,55833559",4326,500,1,11,1,0,Normal,"11,27",,0,1,"23,74","23,74"
1,4,1,1,33,33,1470,1532,4,28627,2005-08-31,"-47,54548297","-21,55833559",4326,500,1,12,1,0,Normal,"20,59","28,6",1,1,"28,22","28,6"
1,4,1,1,33,33,1471,1533,4,28627,2005-08-31,"-47,54548297","-21,55833559",4326,500,1,13,1,2,Dominante,"21,26","29,2",1,1,"28,41","29,2"
1,4,1,1,33,33,1472,1534,4,28627,2005-08-31,"-47,54548297","-21,55833559",4326,500,1,14,1,0,Normal,"12,25",,0,1,"24,48","24,48"
1,4,1,1,33,33,1473,1535,4,28627,2005-08-31,"-47,54548297","-21,55833559",4326,500,1,15,1,2,Dominante,"20,94","27,2",1,1,"28,32","27,2"
1,4,1,1,33,33,1474,1536,4,28627,2005-08-31,"-47,54548297","-21,55833559",4326,500,1,16,1,0,Normal,"18,21",,0,1,"27,46","27,46"
1,4,1,1,33,33,1475,1537,4,28627,2005-08-31,"-47,54548297","-21,55833559",4326,500,1,17,1,0,Normal,"20,44","27,4",1,1,"28,18","27,4"
1,4,1,1,33,33,1476,1538,4,28627,2005-08-31,"-47,54548297","-21,55833559",4326,500,1,18,1,0,Normal,"19,86",,0,1,"28,01","28,01"
1,4,1,1,33,33,1477,1539,4,28627,2005-08-31,"-47,54548297","-21,55833559",4326,500,1,19,1,1,Falha,0,,0,0,,
1,4,1,1,33,33,1478,1540,4,28627,2005-08-31,"-47,54548297","-21,55833559",4326,500,1,20,1,0,Normal,17,"26,4",1,1,27,"26,4"
1,4,1,1,33,33,1479,1541,4,28627,2005-08-31,"-47,54548297","-21,55833559",4326,500,1,21,1,0,Normal,"19,61","27,2",1,1,"27,93","27,2"
1,4,1,1,33,33,1480,1542,4,28627,2005-08-31,"-47,54548297","-21,55833559",4326,500,1,22,1,0,Normal,"13,72","25,5",1,1,"25,42","25,5"
1,4,1,1,33,33,1481,1543,4,28627,2005-08-31,"-47,54548297","-21,55833559",4326,500,1,23,1,0,Normal,"19,1","26,9",1,1,"27,77","26,9"
1,4,1,1,33,33,1482,1544,4,28627,2005-08-31,"-47,54548297","-21,55833559",4326,500,1,24,1,0,Normal,"17,13","26,6",1,1,"27,06","26,6"
1,4,1,1,33,33,1483,1545,4,28627,2005-08-31,"-47,54548297","-21,55833559",4326,500,1,25,1,0,Normal,"15,85","26,3",1,1,"26,51","26,3"
1,4,1,1,33,33,1484,1546,4,28627,2005-08-31,"-47,54548297","-21,55833559",4326,500,1,26,1,0,Normal,"16,14",27,1,1,"26,64",27
1,4,1,1,33,33,1485,1547,4,28627,2005-08-31,"-47,54548297","-21,55833559",4326,500,1,27,1,2,Dominante,"20,05","29,1",1,1,"28,06","29,1"
1,4,1,1,33,33,1486,1548,4,28627,2005-08-31,"-47,54548297","-21,55833559",4326,500,1,28,1,0,Normal,"20,18","28,5",1,1,"28,1","28,5"
1,4,1,1,33,33,1487,1549,4,28627,2005-08-31,"-47,54548297","-21,55833559",4326,500,1,29,1,0,Normal,"15,18","26,7",1,1,"26,2","26,7"
1,4,1,1,33,33,1488,1550,4,28627,2005-08-31,"-47,54548297","-21,55833559",4326,500,1,30,1,0,Normal,"18,49","27,9",1,1,"27,56","27,9"
1,4,1,1,33,33,1489,1551,4,28627,2005-08-31,"-47,54548297","-21,55833559",4326,500,1,31,1,0,Normal,"19,26",,0,1,"27,82","27,82"
1,4,1,1,33,33,1490,1552,4,28627,2005-08-31,"-47,54548297","-21,55833559",4326,500,1,32,1,0,Normal,"19,42",,0,1,"27,87","27,87"
1,4,1,1,33,33,1491,1553,4,28627,2005-08-31,"-47,54548297","-21,55833559",4326,500,1,33,1,0,Normal,"17,63",,0,1,"27,25","27,25"
1,4,1,1,33,33,1492,1554,4,28627,2005-08-31,"-47,54548297","-21,55833559",4326,500,1,34,1,0,Normal,"17,63",,0,1,"27,25","27,25"
1,4,1,1,33,33,1493,1555,4,28627,2005-08-31,"-47,54548297","-21,55833559",4326,500,1,35,1,5,Inclinadas,"11,33",,0,1,"23,79","23,79"
1,4,1,1,33,33,1494,1556,4,28627,2005-08-31,"-47,54548297","-21,55833559",4326,500,1,36,1,0,Normal,"15,66",,0,1,"26,42","26,42"
1,4,1,1,33,33,1495,1557,4,28627,2005-08-31,"-47,54548297","-21,55833559",4326,500,1,37,1,0,Normal,"17,89",,0,1,"27,35","27,35"
1,4,1,1,33,33,1496,1558,4,28627,2005-08-31,"-47,54548297","-21,55833559",4326,500,1,38,1,0,Normal,"17,19",,0,1,"27,08","27,08"
1,4,1,1,33,33,1497,1559,4,28627,2005-08-31,"-47,54548297","-21,55833559",4326,500,1,39,1,0,Normal,"15,41",,0,1,"26,31","26,31"
1,4,1,1,33,33,1498,1560,4,28627,2005-08-31,"-47,54548297","-21,55833559",4326,500,1,40,1,0,Normal,"13,5",,0,1,"25,29","25,29"
1,4,1,1,33,33,1499,1561,4,28627,2005-08-31,"-47,54548297","-21,55833559",4326,500,1,41,1,0,Normal,"11,71",,0,1,"24,09","24,09"
1,4,1,1,33,33,1500,1562,4,28627,2005-08-31,"-47,54548297","-21,55833559",4326,500,1,42,1,2,Dominante,"20,66","28,6",1,1,"28,24","28,6"
1,4,1,1,33,33,1501,1563,4,28627,2005-08-31,"-47,54548297","-21,55833559",4326,500,1,43,1,0,Normal,"15,53",,0,1,"26,36","26,36"
1,4,1,1,33,33,1502,1564,4,28627,2005-08-31,"-47,54548297","-21,55833559",4326,500,1,44,1,0,Normal,"19,35",,0,1,"27,85","27,85"
1,4,1,1,33,33,1503,1565,4,28627,2005-08-31,"-47,54548297","-21,55833559",4326,500,1,45,1,2,Dominante,"21,23","28,9",1,1,"28,4","28,9"
1,4,1,1,33,33,1504,1566,4,28627,2005-08-31,"-47,54548297","-21,55833559",4326,500,1,46,1,0,Normal,"20,05",,0,1,"28,06","28,06"
1,4,1,1,34,34,1505,1567,4,28628,2005-08-31,"-47,54382338","-21,55836092",4326,500,1,1,1,0,Normal,"19,67",,0,1,"27,14","27,14"
1,4,1,1,34,34,1506,1568,4,28628,2005-08-31,"-47,54382338","-21,55836092",4326,500,1,2,1,2,Dominante,"24,89","28,6",1,1,"28,73","28,6"
1,4,1,1,34,34,1507,1569,4,28628,2005-08-31,"-47,54382338","-21,55836092",4326,500,1,3,1,1,Falha,0,,0,0,,
1,4,1,1,34,34,1508,1570,4,28628,2005-08-31,"-47,54382338","-21,55836092",4326,500,1,4,1,0,Normal,"18,59",,0,1,"26,71","26,71"
1,4,1,1,34,34,1509,1571,4,28628,2005-08-31,"-47,54382338","-21,55836092",4326,500,1,5,1,2,Dominante,"23,49","28,5",1,1,"28,36","28,5"
1,4,1,1,34,34,1510,1572,4,28628,2005-08-31,"-47,54382338","-21,55836092",4326,500,1,6,1,4,Quebrada,"20,21","16,4",0,0,"27,34","16,4"
1,4,1,1,34,34,1511,1573,4,28628,2005-08-31,"-47,54382338","-21,55836092",4326,500,1,7,1,1,Falha,0,,0,0,,
1,4,1,1,34,34,1512,1574,4,28628,2005-08-31,"-47,54382338","-21,55836092",4326,500,1,8,1,1,Falha,0,,0,0,,
1,4,1,1,34,34,1513,1575,4,28628,2005-08-31,"-47,54382338","-21,55836092",4326,500,1,9,1,1,Falha,0,,0,0,,
1,4,1,1,34,34,1514,1576,4,28628,2005-08-31,"-47,54382338","-21,55836092",4326,500,1,10,1,0,Normal,"19,67",,0,1,"27,14","27,14"
1,4,1,1,34,34,1515,1577,4,28628,2005-08-31,"-47,54382338","-21,55836092",4326,500,1,11,1,1,Falha,0,,0,0,,
1,4,1,1,34,34,1516,1578,4,28628,2005-08-31,"-47,54382338","-21,55836092",4326,500,1,12,1,0,Normal,"16,27",,0,1,"25,64","25,64"
1,4,1,1,34,34,1517,1579,4,28628,2005-08-31,"-47,54382338","-21,55836092",4326,500,1,13,1,1,Falha,0,,0,0,,
1,4,1,1,34,34,1518,1580,4,28628,2005-08-31,"-47,54382338","-21,55836092",4326,500,1,14,1,1,Falha,0,,0,0,,
1,4,1,1,34,34,1519,1581,4,28628,2005-08-31,"-47,54382338","-21,55836092",4326,500,1,15,1,0,Normal,"20,63",,0,1,"27,48","27,48"
1,4,1,1,34,34,1520,1582,4,28628,2005-08-31,"-47,54382338","-21,55836092",4326,500,1,16,1,0,Normal,"18,33",,0,1,"26,6","26,6"
1,4,1,1,34,34,1521,1583,4,28628,2005-08-31,"-47,54382338","-21,55836092",4326,500,1,17,1,0,Normal,"21,26",,0,1,"27,69","27,69"
1,4,1,1,34,34,1522,1584,4,28628,2005-08-31,"-47,54382338","-21,55836092",4326,500,1,18,1,3,Bifurcada Abaixo,"18,3",,0,1,"26,59","26,59"
1,4,1,1,34,34,1522,1585,4,28628,2005-08-31,"-47,54382338","-21,55836092",4326,500,1,18,2,3,Bifurcada Abaixo,"9,77",,0,1,"20,61","20,61"
1,4,1,1,34,34,1523,1586,4,28628,2005-08-31,"-47,54382338","-21,55836092",4326,500,1,19,1,0,Normal,"20,18",,0,1,"27,32","27,32"
1,4,1,1,34,34,1524,1587,4,28628,2005-08-31,"-47,54382338","-21,55836092",4326,500,1,20,1,0,Normal,"17,32",,0,1,"26,16","26,16"
1,4,1,1,34,34,1525,1588,4,28628,2005-08-31,"-47,54382338","-21,55836092",4326,500,1,21,1,0,Normal,"19,86",,0,1,"27,21","27,21"
1,4,1,1,34,34,1526,1589,4,28628,2005-08-31,"-47,54382338","-21,55836092",4326,500,1,22,1,0,Normal,"21,2",,0,1,"27,67","27,67"
1,4,1,1,34,34,1527,1590,4,28628,2005-08-31,"-47,54382338","-21,55836092",4326,500,1,23,1,0,Normal,"19,67","26,7",1,1,"27,14","26,7"
1,4,1,1,34,34,1528,1591,4,28628,2005-08-31,"-47,54382338","-21,55836092",4326,500,1,24,1,4,Quebrada,"7,32","2,4",0,0,"17,17","2,4"
1,4,1,1,34,34,1529,1592,4,28628,2005-08-31,"-47,54382338","-21,55836092",4326,500,1,25,1,6,Morta,"12,41",,0,0,"23,15","23,15"
1,4,1,1,34,34,1530,1593,4,28628,2005-08-31,"-47,54382338","-21,55836092",4326,500,1,26,1,5,Inclinadas,"15,53",,0,1,"25,24","25,24"
1,4,1,1,34,34,1531,1594,4,28628,2005-08-31,"-47,54382338","-21,55836092",4326,500,1,27,1,0,Normal,"19,07",27,1,1,"26,91",27
1,4,1,1,34,34,1532,1595,4,28628,2005-08-31,"-47,54382338","-21,55836092",4326,500,1,28,1,1,Falha,0,,0,0,,
1,4,1,1,34,34,1533,1596,4,28628,2005-08-31,"-47,54382338","-21,55836092",4326,500,1,29,1,1,Falha,0,,0,0,,
1,4,1,1,34,34,1534,1597,4,28628,2005-08-31,"-47,54382338","-21,55836092",4326,500,1,30,1,5,Inclinadas,"17,89",,0,1,"26,41","26,41"
1,4,1,1,34,34,1535,1598,4,28628,2005-08-31,"-47,54382338","-21,55836092",4326,500,1,31,1,2,Dominante,"22,25",28,1,1,28,28
1,4,1,1,34,34,1536,1599,4,28628,2005-08-31,"-47,54382338","-21,55836092",4326,500,1,32,1,0,Normal,"21,07",28,1,1,"27,63",28
1,4,1,1,34,34,1537,1600,4,28628,2005-08-31,"-47,54382338","-21,55836092",4326,500,1,33,1,0,Normal,"20,85","27,5",1,1,"27,56","27,5"
1,4,1,1,34,34,1538,1601,4,28628,2005-08-31,"-47,54382338","-21,55836092",4326,500,1,34,1,0,Normal,"20,28","27,6",1,1,"27,36","27,6"
1,4,1,1,34,34,1539,1602,4,28628,2005-08-31,"-47,54382338","-21,55836092",4326,500,1,35,1,0,Normal,"18,84","27,6",1,1,"26,82","27,6"
1,4,1,1,34,34,1540,1603,4,28628,2005-08-31,"-47,54382338","-21,55836092",4326,500,1,36,1,0,Normal,"19,48","26,8",1,1,"27,07","26,8"
1,4,1,1,34,34,1541,1604,4,28628,2005-08-31,"-47,54382338","-21,55836092",4326,500,1,37,1,2,Dominante,"22,66","28,7",1,1,"28,13","28,7"
1,4,1,1,34,34,1542,1605,4,28628,2005-08-31,"-47,54382338","-21,55836092",4326,500,1,38,1,0,Normal,"19,32","26,3",1,1,27,"26,3"
1,4,1,1,34,34,1543,1606,4,28628,2005-08-31,"-47,54382338","-21,55836092",4326,500,1,39,1,6,Morta,"12,45",,0,0,"23,19","23,19"
1,4,1,1,34,34,1544,1607,4,28628,2005-08-31,"-47,54382338","-21,55836092",4326,500,1,40,1,1,Falha,0,,0,0,,
1,4,1,1,34,34,1545,1608,4,28628,2005-08-31,"-47,54382338","-21,55836092",4326,500,1,41,1,0,Normal,"21,33",,0,1,"27,72","27,72"
1,4,1,1,34,34,1546,1609,4,28628,2005-08-31,"-47,54382338","-21,55836092",4326,500,1,42,1,6,Morta,"12,92",,0,0,"23,55","23,55"
1,4,1,1,34,34,1547,1610,4,28628,2005-08-31,"-47,54382338","-21,55836092",4326,500,1,43,1,2,Dominante,"22,6","27,5",1,1,"28,11","27,5"
1,4,1,1,34,34,1548,1611,4,28628,2005-08-31,"-47,54382338","-21,55836092",4326,500,1,44,1,6,Morta,"13,43",,0,0,"23,92","23,92"
1,4,1,1,34,34,1549,1612,4,28628,2005-08-31,"-47,54382338","-21,55836092",4326,500,1,45,1,1,Falha,0,,0,0,,
1,4,1,1,34,34,1550,1613,4,28628,2005-08-31,"-47,54382338","-21,55836092",4326,500,1,46,1,0,Normal,"18,08",,0,1,"26,5","26,5"
1,4,1,1,34,34,1551,1614,4,28628,2005-08-31,"-47,54382338","-21,55836092",4326,500,1,47,1,1,Falha,0,,0,0,,
1,4,1,1,34,34,1552,1615,4,28628,2005-08-31,"-47,54382338","-21,55836092",4326,500,1,48,1,5,Inclinadas,"15,92",,0,1,"25,46","25,46"
1,4,1,1,34,34,1553,1616,4,28628,2005-08-31,"-47,54382338","-21,55836092",4326,500,1,49,1,5,Inclinadas,"14,36",,0,1,"24,55","24,55"
1,4,1,1,35,35,1554,1617,4,28629,2005-08-31,"-47,54551056","-21,55991512",4326,500,1,1,1,0,Normal,"8,82",,0,1,"16,2","16,2"
1,4,1,1,35,35,1555,1618,4,28629,2005-08-31,"-47,54551056","-21,55991512",4326,500,1,2,1,0,Normal,"7,58",,0,1,"14,06","14,06"
1,4,1,1,35,35,1556,1619,4,28629,2005-08-31,"-47,54551056","-21,55991512",4326,500,1,3,1,0,Normal,"17,25",,0,1,"24,75","24,75"
1,4,1,1,35,35,1557,1620,4,28629,2005-08-31,"-47,54551056","-21,55991512",4326,500,1,4,1,0,Normal,"16,17",,0,1,"24,03","24,03"
1,4,1,1,35,35,1558,1621,4,28629,2005-08-31,"-47,54551056","-21,55991512",4326,500,1,5,1,5,Inclinadas,"16,62",,0,1,"24,34","24,34"
1,4,1,1,35,35,1559,1622,4,28629,2005-08-31,"-47,54551056","-21,55991512",4326,500,1,6,1,0,Normal,"20,05",,0,1,"26,33","26,33"
1,4,1,1,35,35,1560,1623,4,28629,2005-08-31,"-47,54551056","-21,55991512",4326,500,1,7,1,6,Morta,"11,36",,0,0,"19,67","19,67"
1,4,1,1,35,35,1561,1624,4,28629,2005-08-31,"-47,54551056","-21,55991512",4326,500,1,8,1,0,Normal,"16,17",,0,1,"24,03","24,03"
1,4,1,1,35,35,1562,1625,4,28629,2005-08-31,"-47,54551056","-21,55991512",4326,500,1,9,1,5,Inclinadas,"14,74",,0,1,"22,95","22,95"
1,4,1,1,35,35,1563,1626,4,28629,2005-08-31,"-47,54551056","-21,55991512",4326,500,1,10,1,0,Normal,"19,67",,0,1,"26,14","26,14"
1,4,1,1,35,35,1564,1627,4,28629,2005-08-31,"-47,54551056","-21,55991512",4326,500,1,11,1,0,Normal,"18,68",,0,1,"25,61","25,61"
1,4,1,1,35,35,1565,1628,4,28629,2005-08-31,"-47,54551056","-21,55991512",4326,500,1,12,1,2,Dominante,"23,24","27,7",1,1,"27,75","27,7"
1,4,1,1,35,35,1566,1629,4,28629,2005-08-31,"-47,54551056","-21,55991512",4326,500,1,13,1,1,Falha,0,,0,0,,
1,4,1,1,35,35,1567,1630,4,28629,2005-08-31,"-47,54551056","-21,55991512",4326,500,1,14,1,0,Normal,"16,71",,0,1,"24,4","24,4"
1,4,1,1,35,35,1568,1631,4,28629,2005-08-31,"-47,54551056","-21,55991512",4326,500,1,15,1,1,Falha,0,,0,0,,
1,4,1,1,35,35,1569,1632,4,28629,2005-08-31,"-47,54551056","-21,55991512",4326,500,1,16,1,0,Normal,"17,86",,0,1,"25,13","25,13"
1,4,1,1,35,35,1570,1633,4,28629,2005-08-31,"-47,54551056","-21,55991512",4326,500,1,17,1,5,Inclinadas,"14,32",,0,1,"22,6","22,6"
1,4,1,1,35,35,1571,1634,4,28629,2005-08-31,"-47,54551056","-21,55991512",4326,500,1,18,1,0,Normal,"15,02",,0,1,"23,17","23,17"
1,4,1,1,35,35,1572,1635,4,28629,2005-08-31,"-47,54551056","-21,55991512",4326,500,1,19,1,1,Falha,0,,0,0,,
1,4,1,1,35,35,1573,1636,4,28629,2005-08-31,"-47,54551056","-21,55991512",4326,500,1,20,1,0,Normal,"16,62",,0,1,"24,34","24,34"
1,4,1,1,35,35,1574,1637,4,28629,2005-08-31,"-47,54551056","-21,55991512",4326,500,1,21,1,0,Normal,"19,19",,0,1,"25,89","25,89"
1,4,1,1,35,35,1575,1638,4,28629,2005-08-31,"-47,54551056","-21,55991512",4326,500,1,22,1,1,Falha,0,,0,0,,
1,4,1,1,35,35,1576,1639,4,28629,2005-08-31,"-47,54551056","-21,55991512",4326,500,1,23,1,5,Inclinadas,"15,57",,0,1,"23,6","23,6"
1,4,1,1,35,35,1577,1640,4,28629,2005-08-31,"-47,54551056","-21,55991512",4326,500,1,24,1,0,Normal,"18,88","26,3",1,1,"25,72","26,3"
1,4,1,1,35,35,1578,1641,4,28629,2005-08-31,"-47,54551056","-21,55991512",4326,500,1,25,1,0,Normal,"17,67","25,5",1,1,"25,01","25,5"
1,4,1,1,35,35,1579,1642,4,28629,2005-08-31,"-47,54551056","-21,55991512",4326,500,1,26,1,0,Normal,"18,27","25,7",1,1,"25,37","25,7"
1,4,1,1,35,35,1580,1643,4,28629,2005-08-31,"-47,54551056","-21,55991512",4326,500,1,27,1,0,Normal,"16,3","24,5",1,1,"24,12","24,5"
1,4,1,1,35,35,1581,1644,4,28629,2005-08-31,"-47,54551056","-21,55991512",4326,500,1,28,1,0,Normal,"20,69","26,2",1,1,"26,65","26,2"
1,4,1,1,35,35,1582,1645,4,28629,2005-08-31,"-47,54551056","-21,55991512",4326,500,1,29,1,0,Normal,"20,31",26,1,1,"26,46",26
1,4,1,1,35,35,1583,1646,4,28629,2005-08-31,"-47,54551056","-21,55991512",4326,500,1,30,1,5,Inclinadas,"14,77",,0,1,"22,98","22,98"
1,4,1,1,35,35,1584,1647,4,28629,2005-08-31,"-47,54551056","-21,55991512",4326,500,1,31,1,2,Dominante,"22,85","27,3",1,1,"27,59","27,3"
1,4,1,1,35,35,1585,1648,4,28629,2005-08-31,"-47,54551056","-21,55991512",4326,500,1,32,1,0,Normal,"18,75","24,7",1,1,"25,65","24,7"
1,4,1,1,35,35,1586,1649,4,28629,2005-08-31,"-47,54551056","-21,55991512",4326,500,1,33,1,5,Inclinadas,"13,21",,0,1,"21,61","21,61"
1,4,1,1,35,35,1587,1650,4,28629,2005-08-31,"-47,54551056","-21,55991512",4326,500,1,34,1,2,Dominante,"25,62","28,9",1,1,"28,61","28,9"
1,4,1,1,35,35,1588,1651,4,28629,2005-08-31,"-47,54551056","-21,55991512",4326,500,1,35,1,0,Normal,"20,75",26,1,1,"26,67",26
1,4,1,1,35,35,1589,1652,4,28629,2005-08-31,"-47,54551056","-21,55991512",4326,500,1,36,1,1,Falha,0,,0,0,,
1,4,1,1,35,35,1590,1653,4,28629,2005-08-31,"-47,54551056","-21,55991512",4326,500,1,37,1,0,Normal,"17,44",,0,1,"24,87","24,87"
1,4,1,1,35,35,1591,1654,4,28629,2005-08-31,"-47,54551056","-21,55991512",4326,500,1,38,1,0,Normal,"21,74",,0,1,"27,13","27,13"
1,4,1,1,35,35,1592,1655,4,28629,2005-08-31,"-47,54551056","-21,55991512",4326,500,1,39,1,0,Normal,"19,07",,0,1,"25,82","25,82"
1,4,1,1,35,35,1593,1656,4,28629,2005-08-31,"-47,54551056","-21,55991512",4326,500,1,40,1,0,Normal,"20,34",,0,1,"26,48","26,48"
1,4,1,1,35,35,1594,1657,4,28629,2005-08-31,"-47,54551056","-21,55991512",4326,500,1,41,1,1,Falha,0,,0,0,,
1,4,1,1,35,35,1595,1658,4,28629,2005-08-31,"-47,54551056","-21,55991512",4326,500,1,42,1,0,Normal,"20,82",,0,1,"26,71","26,71"
1,4,1,1,35,35,1596,1659,4,28629,2005-08-31,"-47,54551056","-21,55991512",4326,500,1,43,1,0,Normal,"21,58",,0,1,"27,06","27,06"
1,4,1,1,35,35,1597,1660,4,28629,2005-08-31,"-47,54551056","-21,55991512",4326,500,1,44,1,1,Falha,0,,0,0,,
1,4,1,1,35,35,1598,1661,4,28629,2005-08-31,"-47,54551056","-21,55991512",4326,500,1,45,1,0,Normal,"19,07",,0,1,"25,82","25,82"
1,4,1,1,35,35,1599,1662,4,28629,2005-08-31,"-47,54551056","-21,55991512",4326,500,1,46,1,2,Dominante,"24,19","27,7",1,1,"28,11","27,7"
1,4,1,1,35,35,1600,1663,4,28629,2005-08-31,"-47,54551056","-21,55991512",4326,500,1,47,1,0,Normal,"21,1",,0,1,"26,84","26,84"
1,4,1,1,35,35,1601,1664,4,28629,2005-08-31,"-47,54551056","-21,55991512",4326,500,1,48,1,0,Normal,"20,5",,0,1,"26,55","26,55"
1,4,1,1,35,35,1602,1665,4,28629,2005-08-31,"-47,54551056","-21,55991512",4326,500,1,49,1,6,Morta,12,,0,0,"20,39","20,39"
1,4,1,1,35,35,1602,1666,4,28629,2005-08-31,"-47,54551056","-21,55991512",4326,500,1,49,2,6,Morta,"11,27",,0,0,"19,56","19,56"
1,4,1,1,35,35,1603,1667,4,28629,2005-08-31,"-47,54551056","-21,55991512",4326,500,1,50,1,2,Dominante,"26,17",30,1,1,"28,79",30
1,4,1,1,35,35,1604,1668,4,28629,2005-08-31,"-47,54551056","-21,55991512",4326,500,1,51,1,6,Morta,"12,25",,0,0,"20,65","20,65"
1,4,1,1,36,36,1605,1669,4,28630,2005-08-31,"-47,54717982","-21,55988963",4326,500,1,1,1,0,Normal,"24,57",,0,1,"31,55","31,55"
1,4,1,1,36,36,1606,1670,4,28630,2005-08-31,"-47,54717982","-21,55988963",4326,500,1,2,1,0,Normal,"22,44",,0,1,"30,59","30,59"
1,4,1,1,36,36,1607,1671,4,28630,2005-08-31,"-47,54717982","-21,55988963",4326,500,1,3,1,0,Normal,"24,61",,0,1,"31,57","31,57"
1,4,1,1,36,36,1608,1672,4,28630,2005-08-31,"-47,54717982","-21,55988963",4326,500,1,4,1,0,Normal,"25,62",,0,1,"31,97","31,97"
1,4,1,1,36,36,1609,1673,4,28630,2005-08-31,"-47,54717982","-21,55988963",4326,500,1,5,1,1,Falha,0,,0,0,,
1,4,1,1,36,36,1610,1674,4,28630,2005-08-31,"-47,54717982","-21,55988963",4326,500,1,6,1,2,Dominante,"30,37","32,8",1,1,"33,58","32,8"
1,4,1,1,36,36,1611,1675,4,28630,2005-08-31,"-47,54717982","-21,55988963",4326,500,1,7,1,0,Normal,"24,7",,0,1,"31,61","31,61"
1,4,1,1,36,36,1612,1676,4,28630,2005-08-31,"-47,54717982","-21,55988963",4326,500,1,8,1,0,Normal,"20,28",,0,1,"29,45","29,45"
1,4,1,1,36,36,1613,1677,4,28630,2005-08-31,"-47,54717982","-21,55988963",4326,500,1,9,1,0,Normal,"22,38",,0,1,"30,56","30,56"
1,4,1,1,36,36,1614,1678,4,28630,2005-08-31,"-47,54717982","-21,55988963",4326,500,1,10,1,0,Normal,"23,33",,0,1,"31,01","31,01"
1,4,1,1,36,36,1615,1679,4,28630,2005-08-31,"-47,54717982","-21,55988963",4326,500,1,11,1,0,Normal,"20,44",,0,1,"29,54","29,54"
1,4,1,1,36,36,1616,1680,4,28630,2005-08-31,"-47,54717982","-21,55988963",4326,500,1,12,1,0,Normal,"17,67",,0,1,"27,78","27,78"
1,4,1,1,36,36,1617,1681,4,28630,2005-08-31,"-47,54717982","-21,55988963",4326,500,1,13,1,0,Normal,"22,22",,0,1,"30,48","30,48"
1,4,1,1,36,36,1618,1682,4,28630,2005-08-31,"-47,54717982","-21,55988963",4326,500,1,14,1,0,Normal,"24,48",,0,1,"31,51","31,51"
1,4,1,1,36,36,1619,1683,4,28630,2005-08-31,"-47,54717982","-21,55988963",4326,500,1,15,1,0,Normal,"19,96",,0,1,"29,27","29,27"
1,4,1,1,36,36,1620,1684,4,28630,2005-08-31,"-47,54717982","-21,55988963",4326,500,1,16,1,0,Normal,"24,38",,0,1,"31,47","31,47"
1,4,1,1,36,36,1621,1685,4,28630,2005-08-31,"-47,54717982","-21,55988963",4326,500,1,17,1,2,Dominante,"28,46","32,5",1,1,"32,99","32,5"
1,4,1,1,36,36,1622,1686,4,28630,2005-08-31,"-47,54717982","-21,55988963",4326,500,1,18,1,1,Falha,0,,0,0,,
1,4,1,1,36,36,1623,1687,4,28630,2005-08-31,"-47,54717982","-21,55988963",4326,500,1,19,1,0,Normal,"21,33",,0,1,"30,03","30,03"
1,4,1,1,36,36,1624,1688,4,28630,2005-08-31,"-47,54717982","-21,55988963",4326,500,1,20,1,0,Normal,"24,64",,0,1,"31,58","31,58"
1,4,1,1,36,36,1625,1689,4,28630,2005-08-31,"-47,54717982","-21,55988963",4326,500,1,21,1,0,Normal,"17,35",,0,1,"27,55","27,55"
1,4,1,1,36,36,1626,1690,4,28630,2005-08-31,"-47,54717982","-21,55988963",4326,500,1,22,1,0,Normal,"21,68",,0,1,"30,21","30,21"
1,4,1,1,36,36,1627,1691,4,28630,2005-08-31,"-47,54717982","-21,55988963",4326,500,1,23,1,0,Normal,"17,89","29,5",1,1,"27,94","29,5"
1,4,1,1,36,36,1628,1692,4,28630,2005-08-31,"-47,54717982","-21,55988963",4326,500,1,24,1,0,Normal,"15,44",27,1,1,"26,02",27
1,4,1,1,36,36,1629,1693,4,28630,2005-08-31,"-47,54717982","-21,55988963",4326,500,1,25,1,0,Normal,"25,69",32,1,1,32,32
1,4,1,1,36,36,1630,1694,4,28630,2005-08-31,"-47,54717982","-21,55988963",4326,500,1,26,1,0,Normal,"23,71","32,5",1,1,"31,18","32,5"
1,4,1,1,36,36,1631,1695,4,28630,2005-08-31,"-47,54717982","-21,55988963",4326,500,1,27,1,0,Normal,"24,67","32,5",1,1,"31,59","32,5"
1,4,1,1,36,36,1632,1696,4,28630,2005-08-31,"-47,54717982","-21,55988963",4326,500,1,28,1,1,Falha,0,,0,0,,
1,4,1,1,36,36,1633,1697,4,28630,2005-08-31,"-47,54717982","-21,55988963",4326,500,1,29,1,0,Normal,"10,98","20,5",1,1,"21,08","20,5"
1,4,1,1,36,36,1634,1698,4,28630,2005-08-31,"-47,54717982","-21,55988963",4326,500,1,30,1,0,Normal,"22,76","31,6",1,1,"30,74","31,6"
1,4,1,1,36,36,1635,1699,4,28630,2005-08-31,"-47,54717982","-21,55988963",4326,500,1,31,1,0,Normal,"20,02","29,1",1,1,"29,3","29,1"
1,4,1,1,36,36,1636,1700,4,28630,2005-08-31,"-47,54717982","-21,55988963",4326,500,1,32,1,0,Normal,"15,79","25,1",1,1,"26,33","25,1"
1,4,1,1,36,36,1637,1701,4,28630,2005-08-31,"-47,54717982","-21,55988963",4326,500,1,33,1,4,Quebrada,"14,99","13,1",0,0,"25,62","13,1"
1,4,1,1,36,36,1638,1702,4,28630,2005-08-31,"-47,54717982","-21,55988963",4326,500,1,34,1,1,Falha,0,,0,0,,
1,4,1,1,36,36,1639,1703,4,28630,2005-08-31,"-47,54717982","-21,55988963",4326,500,1,35,1,2,Dominante,"27,22",32,1,1,"32,57",32
1,4,1,1,36,36,1640,1704,4,28630,2005-08-31,"-47,54717982","-21,55988963",4326,500,1,36,1,0,Normal,"24,76",,0,1,"31,63","31,63"
1,4,1,1,36,36,1641,1705,4,28630,2005-08-31,"-47,54717982","-21,55988963",4326,500,1,37,1,0,Normal,"16,04",,0,1,"26,53","26,53"
1,4,1,1,36,36,1642,1706,4,28630,2005-08-31,"-47,54717982","-21,55988963",4326,500,1,38,1,0,Normal,"21,74",,0,1,"30,24","30,24"
1,4,1,1,36,36,1643,1707,4,28630,2005-08-31,"-47,54717982","-21,55988963",4326,500,1,39,1,2,Dominante,"26,26","31,4",1,1,"32,22","31,4"
1,4,1,1,36,36,1644,1708,4,28630,2005-08-31,"-47,54717982","-21,55988963",4326,500,1,40,1,0,Normal,"22,38",,0,1,"30,56","30,56"
1,4,1,1,36,36,1645,1709,4,28630,2005-08-31,"-47,54717982","-21,55988963",4326,500,1,41,1,0,Normal,"26,26",,0,1,"32,22","32,22"
1,4,1,1,36,36,1646,1710,4,28630,2005-08-31,"-47,54717982","-21,55988963",4326,500,1,42,1,2,Dominante,"30,3","32,5",1,1,"33,56","32,5"
1,4,1,1,36,36,1647,1711,4,28630,2005-08-31,"-47,54717982","-21,55988963",4326,500,1,43,1,0,Normal,"23,01",,0,1,"30,86","30,86"
1,4,1,1,36,36,1648,1712,4,28630,2005-08-31,"-47,54717982","-21,55988963",4326,500,1,44,1,0,Normal,"22,28",,0,1,"30,51","30,51"
1,4,1,1,36,36,1649,1713,4,28630,2005-08-31,"-47,54717982","-21,55988963",4326,500,1,45,1,0,Normal,"20,37",,0,1,"29,5","29,5"
1,4,1,1,36,36,1650,1714,4,28630,2005-08-31,"-47,54717982","-21,55988963",4326,500,1,46,1,0,Normal,"24,67",,0,1,"31,59","31,59"
1,4,1,1,39,39,1742,1808,4,28633,2005-08-31,"-47,54226339","-21,56465036",4326,500,1,1,1,0,Normal,"23,05",,0,1,"28,46","28,46"
1,4,1,1,39,39,1743,1809,4,28633,2005-08-31,"-47,54226339","-21,56465036",4326,500,1,2,1,0,Normal,"18,56",,0,1,"26,52","26,52"
1,4,1,1,39,39,1744,1810,4,28633,2005-08-31,"-47,54226339","-21,56465036",4326,500,1,3,1,0,Normal,"10,92",,0,1,"20,59","20,59"
1,4,1,1,39,39,1745,1811,4,28633,2005-08-31,"-47,54226339","-21,56465036",4326,500,1,4,1,0,Normal,"21,74",,0,1,"27,96","27,96"
1,4,1,1,39,39,1746,1812,4,28633,2005-08-31,"-47,54226339","-21,56465036",4326,500,1,5,1,2,Dominante,"24,92","28,8",1,1,"29,09","28,8"
1,4,1,1,39,39,1747,1813,4,28633,2005-08-31,"-47,54226339","-21,56465036",4326,500,1,6,1,1,Falha,0,,0,0,,
1,4,1,1,39,39,1748,1814,4,28633,2005-08-31,"-47,54226339","-21,56465036",4326,500,1,7,1,0,Normal,"23,46",,0,1,"28,61","28,61"
1,4,1,1,39,39,1749,1815,4,28633,2005-08-31,"-47,54226339","-21,56465036",4326,500,1,8,1,2,Dominante,"25,75",28,1,1,"29,34",28
1,4,1,1,39,39,1750,1816,4,28633,2005-08-31,"-47,54226339","-21,56465036",4326,500,1,9,1,0,Normal,"16,52",,0,1,"25,36","25,36"
1,4,1,1,39,39,1751,1817,4,28633,2005-08-31,"-47,54226339","-21,56465036",4326,500,1,10,1,2,Dominante,"26,36",29,1,1,"29,52",29
1,4,1,1,39,39,1752,1818,4,28633,2005-08-31,"-47,54226339","-21,56465036",4326,500,1,11,1,2,Dominante,"24,64","28,5",1,1,29,"28,5"
1,4,1,1,39,39,1753,1819,4,28633,2005-08-31,"-47,54226339","-21,56465036",4326,500,1,12,1,0,Normal,"23,68",,0,1,"28,68","28,68"
1,4,1,1,39,39,1754,1820,4,28633,2005-08-31,"-47,54226339","-21,56465036",4326,500,1,13,1,0,Normal,"23,65",,0,1,"28,67","28,67"
1,4,1,1,39,39,1755,1821,4,28633,2005-08-31,"-47,54226339","-21,56465036",4326,500,1,14,1,0,Normal,"19,67","27,6",1,1,"27,07","27,6"
1,4,1,1,39,39,1756,1822,4,28633,2005-08-31,"-47,54226339","-21,56465036",4326,500,1,15,1,0,Normal,"4,84","9,3",1,1,"9,5","9,3"
1,4,1,1,39,39,1757,1823,4,28633,2005-08-31,"-47,54226339","-21,56465036",4326,500,1,16,1,1,Falha,0,,0,0,,
1,4,1,1,39,39,1758,1824,4,28633,2005-08-31,"-47,54226339","-21,56465036",4326,500,1,17,1,0,Normal,"14,29","23,9",1,1,"23,8","23,9"
1,4,1,1,39,39,1759,1825,4,28633,2005-08-31,"-47,54226339","-21,56465036",4326,500,1,18,1,0,Normal,"19,19","26,3",1,1,"26,84","26,3"
1,4,1,1,39,39,1760,1826,4,28633,2005-08-31,"-47,54226339","-21,56465036",4326,500,1,19,1,1,Falha,0,,0,0,,
1,4,1,1,39,39,1761,1827,4,28633,2005-08-31,"-47,54226339","-21,56465036",4326,500,1,20,1,0,Normal,"15,53","25,8",1,1,"24,71","25,8"
1,4,1,1,39,39,1762,1828,4,28633,2005-08-31,"-47,54226339","-21,56465036",4326,500,1,21,1,0,Normal,"21,33","27,9",1,1,"27,8","27,9"
1,4,1,1,39,39,1763,1829,4,28633,2005-08-31,"-47,54226339","-21,56465036",4326,500,1,22,1,0,Normal,"21,65","28,5",1,1,"27,93","28,5"
1,4,1,1,39,39,1764,1830,4,28633,2005-08-31,"-47,54226339","-21,56465036",4326,500,1,23,1,0,Normal,"22,54","28,4",1,1,"28,27","28,4"
1,4,1,1,39,39,1765,1831,4,28633,2005-08-31,"-47,54226339","-21,56465036",4326,500,1,24,1,4,Quebrada,"12,41","2,3",0,0,"22,16","2,3"
1,4,1,1,39,39,1766,1832,4,28633,2005-08-31,"-47,54226339","-21,56465036",4326,500,1,25,1,1,Falha,0,,0,0,,
1,4,1,1,39,39,1767,1833,4,28633,2005-08-31,"-47,54226339","-21,56465036",4326,500,1,26,1,0,Normal,"11,97","22,8",1,1,"21,73","22,8"
1,4,1,1,39,39,1768,1834,4,28633,2005-08-31,"-47,54226339","-21,56465036",4326,500,1,27,1,2,Dominante,"23,75","28,3",1,1,"28,71","28,3"
1,4,1,1,39,39,1769,1835,4,28633,2005-08-31,"-47,54226339","-21,56465036",4326,500,1,28,1,0,Normal,"23,2","28,5",1,1,"28,51","28,5"
1,4,1,1,39,39,1770,1836,4,28633,2005-08-31,"-47,54226339","-21,56465036",4326,500,1,29,1,0,Normal,"13,56",,0,1,"23,21","23,21"
1,4,1,1,39,39,1771,1837,4,28633,2005-08-31,"-47,54226339","-21,56465036",4326,500,1,30,1,0,Normal,"21,74",,0,1,"27,96","27,96"
1,4,1,1,39,39,1772,1838,4,28633,2005-08-31,"-47,54226339","-21,56465036",4326,500,1,31,1,1,Falha,0,,0,0,,
1,4,1,1,39,39,1773,1839,4,28633,2005-08-31,"-47,54226339","-21,56465036",4326,500,1,32,1,0,Normal,"22,09",,0,1,"28,1","28,1"
1,4,1,1,39,39,1774,1840,4,28633,2005-08-31,"-47,54226339","-21,56465036",4326,500,1,33,1,0,Normal,"22,28",,0,1,"28,17","28,17"
1,4,1,1,39,39,1775,1841,4,28633,2005-08-31,"-47,54226339","-21,56465036",4326,500,1,34,1,0,Normal,"18,08",,0,1,"26,27","26,27"
1,4,1,1,39,39,1776,1842,4,28633,2005-08-31,"-47,54226339","-21,56465036",4326,500,1,35,1,0,Normal,"21,65",,0,1,"27,93","27,93"
1,4,1,1,39,39,1777,1843,4,28633,2005-08-31,"-47,54226339","-21,56465036",4326,500,1,36,1,1,Falha,0,,0,0,,
1,4,1,1,39,39,1778,1844,4,28633,2005-08-31,"-47,54226339","-21,56465036",4326,500,1,37,1,0,Normal,"17,95",,0,1,"26,2","26,2"
1,4,1,1,39,39,1779,1845,4,28633,2005-08-31,"-47,54226339","-21,56465036",4326,500,1,38,1,0,Normal,"18,88",,0,1,"26,68","26,68"
1,4,1,1,39,39,1780,1846,4,28633,2005-08-31,"-47,54226339","-21,56465036",4326,500,1,39,1,0,Normal,"21,33",,0,1,"27,8","27,8"
1,4,1,1,39,39,1781,1847,4,28633,2005-08-31,"-47,54226339","-21,56465036",4326,500,1,40,1,0,Normal,"13,56",,0,1,"23,21","23,21"
1,4,1,1,39,39,1782,1848,4,28633,2005-08-31,"-47,54226339","-21,56465036",4326,500,1,41,1,0,Normal,"17,83",,0,1,"26,13","26,13"
1,4,1,1,39,39,1783,1849,4,28633,2005-08-31,"-47,54226339","-21,56465036",4326,500,1,42,1,0,Normal,"18,72",,0,1,"26,6","26,6"
1,4,1,1,40,40,1784,1850,4,28634,2005-08-31,"-47,5406213","-21,5662373",4326,500,1,1,1,1,Falha,0,,0,0,,
1,4,1,1,40,40,1785,1851,4,28634,2005-08-31,"-47,5406213","-21,5662373",4326,500,1,2,1,0,Normal,"19,35",,0,1,"24,26","24,26"
1,4,1,1,40,40,1786,1852,4,28634,2005-08-31,"-47,5406213","-21,5662373",4326,500,1,3,1,0,Normal,"15,31",,0,1,"22,11","22,11"
1,4,1,1,40,40,1787,1853,4,28634,2005-08-31,"-47,5406213","-21,5662373",4326,500,1,4,1,0,Normal,"19,77",,0,1,"24,44","24,44"
1,4,1,1,40,40,1788,1854,4,28634,2005-08-31,"-47,5406213","-21,5662373",4326,500,1,5,1,2,Dominante,"22,92","26,6",1,1,"25,63","26,6"
1,4,1,1,40,40,1789,1855,4,28634,2005-08-31,"-47,5406213","-21,5662373",4326,500,1,6,1,0,Normal,"15,63",,0,1,"22,31","22,31"
1,4,1,1,40,40,1790,1856,4,28634,2005-08-31,"-47,5406213","-21,5662373",4326,500,1,7,1,0,Normal,"17,51",,0,1,"23,38","23,38"
1,4,1,1,40,40,1791,1857,4,28634,2005-08-31,"-47,5406213","-21,5662373",4326,500,1,8,1,0,Normal,"18,18",,0,1,"23,72","23,72"
1,4,1,1,40,40,1792,1858,4,28634,2005-08-31,"-47,5406213","-21,5662373",4326,500,1,9,1,0,Normal,"21,04",,0,1,"24,96","24,96"
1,4,1,1,40,40,1793,1859,4,28634,2005-08-31,"-47,5406213","-21,5662373",4326,500,1,10,1,0,Normal,"18,91",,0,1,"24,06","24,06"
1,4,1,1,40,40,1794,1860,4,28634,2005-08-31,"-47,5406213","-21,5662373",4326,500,1,11,1,1,Falha,0,,0,0,,
1,4,1,1,40,40,1795,1861,4,28634,2005-08-31,"-47,5406213","-21,5662373",4326,500,1,12,1,2,Dominante,"23,68","25,4",1,1,"25,87","25,4"
1,4,1,1,40,40,1796,1862,4,28634,2005-08-31,"-47,5406213","-21,5662373",4326,500,1,13,1,1,Falha,0,,0,0,,
1,4,1,1,40,40,1797,1863,4,28634,2005-08-31,"-47,5406213","-21,5662373",4326,500,1,14,1,0,Normal,"7,96",,0,1,"14,66","14,66"
1,4,1,1,40,40,1798,1864,4,28634,2005-08-31,"-47,5406213","-21,5662373",4326,500,1,15,1,1,Falha,0,,0,0,,
1,4,1,1,40,40,1799,1865,4,28634,2005-08-31,"-47,5406213","-21,5662373",4326,500,1,16,1,0,Normal,"16,97",,0,1,"23,09","23,09"
1,4,1,1,40,40,1800,1866,4,28634,2005-08-31,"-47,5406213","-21,5662373",4326,500,1,17,1,0,Normal,"13,18",,0,1,"20,57","20,57"
1,4,1,1,40,40,1801,1867,4,28634,2005-08-31,"-47,5406213","-21,5662373",4326,500,1,18,1,2,Dominante,"23,49","25,4",1,1,"25,81","25,4"
1,4,1,1,40,40,1802,1868,4,28634,2005-08-31,"-47,5406213","-21,5662373",4326,500,1,19,1,0,Normal,"10,73",,0,1,"18,28","18,28"
1,4,1,1,40,40,1803,1869,4,28634,2005-08-31,"-47,5406213","-21,5662373",4326,500,1,20,1,0,Normal,"20,37",,0,1,"24,69","24,69"
1,4,1,1,40,40,1804,1870,4,28634,2005-08-31,"-47,5406213","-21,5662373",4326,500,1,21,1,0,Normal,"20,4","25,5",1,1,"24,7","25,5"
1,4,1,1,40,40,1805,1871,4,28634,2005-08-31,"-47,5406213","-21,5662373",4326,500,1,22,1,0,Normal,"6,4","11,8",1,1,"11,9","11,8"
1,4,1,1,40,40,1806,1872,4,28634,2005-08-31,"-47,5406213","-21,5662373",4326,500,1,23,1,1,Falha,0,,0,0,,
1,4,1,1,40,40,1807,1873,4,28634,2005-08-31,"-47,5406213","-21,5662373",4326,500,1,24,1,0,Normal,"20,94","24,4",1,1,"24,92","24,4"
1,4,1,1,40,40,1808,1874,4,28634,2005-08-31,"-47,5406213","-21,5662373",4326,500,1,25,1,0,Normal,"20,28","23,6",1,1,"24,65","23,6"
1,4,1,1,40,40,1809,1875,4,28634,2005-08-31,"-47,5406213","-21,5662373",4326,500,1,26,1,0,Normal,"15,37",23,1,1,"22,14",23
1,4,1,1,40,40,1810,1876,4,28634,2005-08-31,"-47,5406213","-21,5662373",4326,500,1,27,1,2,Dominante,"22,92",25,1,1,"25,63",25
1,4,1,1,40,40,1811,1877,4,28634,2005-08-31,"-47,5406213","-21,5662373",4326,500,1,28,1,1,Falha,0,,0,0,,
1,4,1,1,40,40,1812,1878,4,28634,2005-08-31,"-47,5406213","-21,5662373",4326,500,1,29,1,0,Normal,"20,34","25,4",1,1,"24,68","25,4"
1,4,1,1,40,40,1813,1879,4,28634,2005-08-31,"-47,5406213","-21,5662373",4326,500,1,30,1,0,Normal,"21,1","26,5",1,1,"24,98","26,5"
1,4,1,1,40,40,1814,1880,4,28634,2005-08-31,"-47,5406213","-21,5662373",4326,500,1,31,1,0,Normal,"19,29",24,1,1,"24,23",24
1,4,1,1,40,40,1815,1881,4,28634,2005-08-31,"-47,5406213","-21,5662373",4326,500,1,32,1,0,Normal,"20,69","24,5",1,1,"24,82","24,5"
1,4,1,1,40,40,1816,1882,4,28634,2005-08-31,"-47,5406213","-21,5662373",4326,500,1,33,1,0,Normal,"21,87",24,1,1,"25,26",24
1,4,1,1,40,40,1817,1883,4,28634,2005-08-31,"-47,5406213","-21,5662373",4326,500,1,34,1,0,Normal,"14,23",,0,1,"21,37","21,37"
1,4,1,1,40,40,1818,1884,4,28634,2005-08-31,"-47,5406213","-21,5662373",4326,500,1,35,1,2,Dominante,"23,87",26,1,1,"25,93",26
1,4,1,1,40,40,1819,1885,4,28634,2005-08-31,"-47,5406213","-21,5662373",4326,500,1,36,1,0,Normal,"16,87",,0,1,"23,04","23,04"
1,4,1,1,40,40,1820,1886,4,28634,2005-08-31,"-47,5406213","-21,5662373",4326,500,1,37,1,0,Normal,"22,5",,0,1,"25,49","25,49"
1,4,1,1,40,40,1821,1887,4,28634,2005-08-31,"-47,5406213","-21,5662373",4326,500,1,38,1,0,Normal,"18,68",,0,1,"23,95","23,95"
1,4,1,1,40,40,1822,1888,4,28634,2005-08-31,"-47,5406213","-21,5662373",4326,500,1,39,1,5,Inclinadas,"11,52",,0,1,"19,1","19,1"
1,4,1,1,40,40,1823,1889,4,28634,2005-08-31,"-47,5406213","-21,5662373",4326,500,1,40,1,0,Normal,"14,48",,0,1,"21,55","21,55"
1,4,1,1,40,40,1824,1890,4,28634,2005-08-31,"-47,5406213","-21,5662373",4326,500,1,41,1,0,Normal,"17,38",,0,1,"23,31","23,31"
1,5,1,3,42,42,1862,1928,5,28792,2005-08-31,"-47,54220892","-21,56152739",4326,500,1,1,1,0,Normal,"19,26",,0,1,"26,7","26,7"
1,5,1,3,42,42,1863,1929,5,28792,2005-08-31,"-47,54220892","-21,56152739",4326,500,1,2,1,0,Normal,"17,19",,0,1,"25,58","25,58"
1,5,1,3,42,42,1864,1930,5,28792,2005-08-31,"-47,54220892","-21,56152739",4326,500,1,3,1,2,Dominante,"22,5","29,1",1,1,"28,11","29,1"
1,5,1,3,42,42,1865,1931,5,28792,2005-08-31,"-47,54220892","-21,56152739",4326,500,1,4,1,0,Normal,"15,79",,0,1,"24,69","24,69"
1,5,1,3,42,42,1866,1932,5,28792,2005-08-31,"-47,54220892","-21,56152739",4326,500,1,5,1,0,Normal,"16,33",,0,1,"25,05","25,05"
1,5,1,3,42,42,1867,1933,5,28792,2005-08-31,"-47,54220892","-21,56152739",4326,500,1,6,1,0,Normal,"8,66",,0,1,"17,25","17,25"
1,5,1,3,42,42,1868,1934,5,28792,2005-08-31,"-47,54220892","-21,56152739",4326,500,1,7,1,0,Normal,"20,69",,0,1,"27,37","27,37"
1,5,1,3,42,42,1869,1935,5,28792,2005-08-31,"-47,54220892","-21,56152739",4326,500,1,8,1,1,Falha,0,,0,0,,
1,5,1,3,42,42,1870,1936,5,28792,2005-08-31,"-47,54220892","-21,56152739",4326,500,1,9,1,2,Dominante,"25,62","29,1",1,1,"29,18","29,1"
1,5,1,3,42,42,1871,1937,5,28792,2005-08-31,"-47,54220892","-21,56152739",4326,500,1,10,1,2,Dominante,"23,33","28,6",1,1,"28,42","28,6"
1,5,1,3,42,42,1872,1938,5,28792,2005-08-31,"-47,54220892","-21,56152739",4326,500,1,11,1,2,Dominante,"22,12","27,5",1,1,"27,97","27,5"
1,5,1,3,42,42,1873,1939,5,28792,2005-08-31,"-47,54220892","-21,56152739",4326,500,1,12,1,0,Normal,"21,71",,0,1,"27,8","27,8"
1,5,1,3,42,42,1874,1940,5,28792,2005-08-31,"-47,54220892","-21,56152739",4326,500,1,13,1,0,Normal,"22,03",,0,1,"27,93","27,93"
1,5,1,3,42,42,1875,1941,5,28792,2005-08-31,"-47,54220892","-21,56152739",4326,500,1,14,1,0,Normal,"19,58",,0,1,"26,86","26,86"
1,5,1,3,42,42,1876,1942,5,28792,2005-08-31,"-47,54220892","-21,56152739",4326,500,1,15,1,0,Normal,"16,9",25,1,1,"25,41",25
1,5,1,3,42,42,1877,1943,5,28792,2005-08-31,"-47,54220892","-21,56152739",4326,500,1,16,1,0,Normal,"12,03","21,7",1,1,"21,55","21,7"
1,5,1,3,42,42,1878,1944,5,28792,2005-08-31,"-47,54220892","-21,56152739",4326,500,1,17,1,0,Normal,"18,27",25,1,1,"26,19",25
1,5,1,3,42,42,1879,1945,5,28792,2005-08-31,"-47,54220892","-21,56152739",4326,500,1,18,1,0,Normal,"16,87","25,5",1,1,"25,39","25,5"
1,5,1,3,42,42,1880,1946,5,28792,2005-08-31,"-47,54220892","-21,56152739",4326,500,1,19,1,0,Normal,"15,57","24,8",1,1,"24,54","24,8"
1,5,1,3,42,42,1881,1947,5,28792,2005-08-31,"-47,54220892","-21,56152739",4326,500,1,20,1,0,Normal,"16,55","25,2",1,1,"25,19","25,2"
1,5,1,3,42,42,1882,1948,5,28792,2005-08-31,"-47,54220892","-21,56152739",4326,500,1,21,1,1,Falha,0,,0,0,,
1,5,1,3,42,42,1883,1949,5,28792,2005-08-31,"-47,54220892","-21,56152739",4326,500,1,22,1,0,Normal,"20,69",27,1,1,"27,37",27
1,5,1,3,42,42,1884,1950,5,28792,2005-08-31,"-47,54220892","-21,56152739",4326,500,1,23,1,0,Normal,"18,37",26,1,1,"26,25",26
1,5,1,3,42,42,1885,1951,5,28792,2005-08-31,"-47,54220892","-21,56152739",4326,500,1,24,1,0,Normal,"19,64","26,5",1,1,"26,89","26,5"
1,5,1,3,42,42,1886,1952,5,28792,2005-08-31,"-47,54220892","-21,56152739",4326,500,1,25,1,1,Falha,0,,0,0,,
1,5,1,3,42,42,1887,1953,5,28792,2005-08-31,"-47,54220892","-21,56152739",4326,500,1,26,1,0,Normal,"16,2","25,5",1,1,"24,96","25,5"
1,5,1,3,42,42,1888,1954,5,28792,2005-08-31,"-47,54220892","-21,56152739",4326,500,1,27,1,0,Normal,"17,63",,0,1,"25,84","25,84"
1,5,1,3,42,42,1889,1955,5,28792,2005-08-31,"-47,54220892","-21,56152739",4326,500,1,28,1,0,Normal,"18,72",,0,1,"26,43","26,43"
1,5,1,3,42,42,1890,1956,5,28792,2005-08-31,"-47,54220892","-21,56152739",4326,500,1,29,1,2,Dominante,"22,44",29,1,1,"28,09",29
1,5,1,3,42,42,1891,1957,5,28792,2005-08-31,"-47,54220892","-21,56152739",4326,500,1,30,1,0,Normal,"7,51",,0,1,"15,27","15,27"
1,5,1,3,42,42,1892,1958,5,28792,2005-08-31,"-47,54220892","-21,56152739",4326,500,1,31,1,0,Normal,"22,12",,0,1,"27,97","27,97"
1,5,1,3,42,42,1893,1959,5,28792,2005-08-31,"-47,54220892","-21,56152739",4326,500,1,32,1,1,Falha,0,,0,0,,
1,5,1,3,42,42,1894,1960,5,28792,2005-08-31,"-47,54220892","-21,56152739",4326,500,1,33,1,0,Normal,"19,26",,0,1,"26,7","26,7"
1,5,1,3,42,42,1895,1961,5,28792,2005-08-31,"-47,54220892","-21,56152739",4326,500,1,34,1,0,Normal,"18,72",,0,1,"26,43","26,43"
1,5,1,3,42,42,1896,1962,5,28792,2005-08-31,"-47,54220892","-21,56152739",4326,500,1,35,1,0,Normal,"19,26",,0,1,"26,7","26,7"
1,5,1,3,42,42,1897,1963,5,28792,2005-08-31,"-47,54220892","-21,56152739",4326,500,1,36,1,0,Normal,"16,93",,0,1,"25,42","25,42"
1,5,1,3,42,42,1898,1964,5,28792,2005-08-31,"-47,54220892","-21,56152739",4326,500,1,37,1,0,Normal,"19,23",,0,1,"26,69","26,69"
1,5,1,3,42,42,1899,1965,5,28792,2005-08-31,"-47,54220892","-21,56152739",4326,500,1,38,1,0,Normal,"21,77",,0,1,"27,83","27,83"
1,5,1,3,42,42,1900,1966,5,28792,2005-08-31,"-47,54220892","-21,56152739",4326,500,1,39,1,0,Normal,"16,14",,0,1,"24,92","24,92"
1,5,1,3,42,42,1901,1967,5,28792,2005-08-31,"-47,54220892","-21,56152739",4326,500,1,40,1,0,Normal,"21,74",,0,1,"27,82","27,82"
1,5,1,3,42,42,1902,1968,5,28792,2005-08-31,"-47,54220892","-21,56152739",4326,500,1,41,1,6,Morta,"15,22",,0,0,"24,29","24,29"
1,5,1,3,42,42,1903,1969,5,28792,2005-08-31,"-47,54220892","-21,56152739",4326,500,1,42,1,0,Normal,"19,96",,0,1,"27,04","27,04"
1,5,1,3,43,43,1904,1970,5,28793,2005-08-31,"-47,54053963","-21,56155284",4326,500,1,1,1,0,Normal,"23,3",,0,1,"29,03","29,03"
1,5,1,3,43,43,1905,1971,5,28793,2005-08-31,"-47,54053963","-21,56155284",4326,500,1,2,1,0,Normal,"23,14",,0,1,"28,99","28,99"
1,5,1,3,43,43,1906,1972,5,28793,2005-08-31,"-47,54053963","-21,56155284",4326,500,1,3,1,0,Normal,"18,21",,0,1,"27,29","27,29"
1,5,1,3,43,43,1907,1973,5,28793,2005-08-31,"-47,54053963","-21,56155284",4326,500,1,4,1,0,Normal,"23,78",,0,1,"29,16","29,16"
1,5,1,3,43,43,1908,1974,5,28793,2005-08-31,"-47,54053963","-21,56155284",4326,500,1,5,1,2,Dominante,"25,78","31,2",1,1,"29,66","31,2"
1,5,1,3,43,43,1909,1975,5,28793,2005-08-31,"-47,54053963","-21,56155284",4326,500,1,6,1,0,Normal,"23,08","29,1",1,1,"28,97","29,1"
1,5,1,3,43,43,1910,1976,5,28793,2005-08-31,"-47,54053963","-21,56155284",4326,500,1,7,1,0,Normal,"21,26",,0,1,"28,42","28,42"
1,5,1,3,43,43,1911,1977,5,28793,2005-08-31,"-47,54053963","-21,56155284",4326,500,1,8,1,0,Normal,"18,68",,0,1,"27,48","27,48"
1,5,1,3,43,43,1912,1978,5,28793,2005-08-31,"-47,54053963","-21,56155284",4326,500,1,9,1,1,Falha,0,,0,0,,
1,5,1,3,43,43,1913,1979,5,28793,2005-08-31,"-47,54053963","-21,56155284",4326,500,1,10,1,0,Normal,"19,03",,0,1,"27,62","27,62"
1,5,1,3,43,43,1914,1980,5,28793,2005-08-31,"-47,54053963","-21,56155284",4326,500,1,11,1,0,Normal,"14,96",,0,1,"25,65","25,65"
1,5,1,3,43,43,1915,1981,5,28793,2005-08-31,"-47,54053963","-21,56155284",4326,500,1,12,1,2,Dominante,"26,67","29,5",1,1,"29,86","29,5"
1,5,1,3,43,43,1916,1982,5,28793,2005-08-31,"-47,54053963","-21,56155284",4326,500,1,13,1,6,Morta,"14,07","3,4",0,0,"25,1","3,4"
1,5,1,3,43,43,1917,1983,5,28793,2005-08-31,"-47,54053963","-21,56155284",4326,500,1,14,1,0,Normal,"21,23",,0,1,"28,41","28,41"
1,5,1,3,43,43,1918,1984,5,28793,2005-08-31,"-47,54053963","-21,56155284",4326,500,1,15,1,0,Normal,"23,81",28,1,1,"29,17",28
1,5,1,3,43,43,1919,1985,5,28793,2005-08-31,"-47,54053963","-21,56155284",4326,500,1,16,1,0,Normal,"20,28",,0,1,"28,09","28,09"
1,5,1,3,43,43,1920,1986,5,28793,2005-08-31,"-47,54053963","-21,56155284",4326,500,1,17,1,0,Normal,"24,22",,0,1,"29,28","29,28"
1,5,1,3,43,43,1921,1987,5,28793,2005-08-31,"-47,54053963","-21,56155284",4326,500,1,18,1,0,Normal,"16,07",,0,1,"26,27","26,27"
1,5,1,3,43,43,1922,1988,5,28793,2005-08-31,"-47,54053963","-21,56155284",4326,500,1,19,1,0,Normal,"20,5",,0,1,"28,17","28,17"
1,5,1,3,43,43,1923,1989,5,28793,2005-08-31,"-47,54053963","-21,56155284",4326,500,1,20,1,0,Normal,"19,13","27,5",1,1,"27,66","27,5"
1,5,1,3,43,43,1924,1990,5,28793,2005-08-31,"-47,54053963","-21,56155284",4326,500,1,21,1,0,Normal,"21,65","28,2",1,1,"28,54","28,2"
1,5,1,3,43,43,1925,1991,5,28793,2005-08-31,"-47,54053963","-21,56155284",4326,500,1,22,1,6,Morta,"15,37",,0,0,"25,89","25,89"
1,5,1,3,43,43,1926,1992,5,28793,2005-08-31,"-47,54053963","-21,56155284",4326,500,1,23,1,3,Bifurcada Abaixo,"20,59",28,1,1,"28,2",28
1,5,1,3,43,43,1926,1993,5,28793,2005-08-31,"-47,54053963","-21,56155284",4326,500,1,23,2,3,Bifurcada Abaixo,"15,28",26,1,1,"25,84",26
1,5,1,3,43,43,1927,1994,5,28793,2005-08-31,"-47,54053963","-21,56155284",4326,500,1,24,1,2,Dominante,"25,94","29,4",1,1,"29,69","29,4"
1,5,1,3,43,43,1928,1995,5,28793,2005-08-31,"-47,54053963","-21,56155284",4326,500,1,25,1,0,Normal,"17,83","27,4",1,1,"27,12","27,4"
1,5,1,3,43,43,1929,1996,5,28793,2005-08-31,"-47,54053963","-21,56155284",4326,500,1,26,1,6,Morta,"14,39","3,7",0,0,"25,31","3,7"
1,5,1,3,43,43,1930,1997,5,28793,2005-08-31,"-47,54053963","-21,56155284",4326,500,1,27,1,0,Normal,"19,29","28,1",1,1,"27,72","28,1"
1,5,1,3,43,43,1931,1998,5,28793,2005-08-31,"-47,54053963","-21,56155284",4326,500,1,28,1,0,Normal,"18,02",27,1,1,"27,2",27
1,5,1,3,43,43,1932,1999,5,28793,2005-08-31,"-47,54053963","-21,56155284",4326,500,1,29,1,0,Normal,"21,87","28,1",1,1,"28,61","28,1"
1,5,1,3,43,43,1933,2000,5,28793,2005-08-31,"-47,54053963","-21,56155284",4326,500,1,30,1,0,Normal,"20,05",28,1,1,"28,01",28
1,5,1,3,43,43,1934,2001,5,28793,2005-08-31,"-47,54053963","-21,56155284",4326,500,1,31,1,0,Normal,"23,17","29,2",1,1,29,"29,2"
1,5,1,3,43,43,1935,2002,5,28793,2005-08-31,"-47,54053963","-21,56155284",4326,500,1,32,1,0,Normal,"19,8",,0,1,"27,92","27,92"
1,5,1,3,43,43,1936,2003,5,28793,2005-08-31,"-47,54053963","-21,56155284",4326,500,1,33,1,2,Dominante,"25,62",30,1,1,"29,62",30
1,5,1,3,43,43,1937,2004,5,28793,2005-08-31,"-47,54053963","-21,56155284",4326,500,1,34,1,0,Normal,"17,44",,0,1,"26,95","26,95"
1,5,1,3,43,43,1938,2005,5,28793,2005-08-31,"-47,54053963","-21,56155284",4326,500,1,35,1,0,Normal,"14,64",,0,1,"25,46","25,46"
1,5,1,3,43,43,1939,2006,5,28793,2005-08-31,"-47,54053963","-21,56155284",4326,500,1,36,1,0,Normal,"22,57",,0,1,"28,82","28,82"
1,5,1,3,43,43,1940,2007,5,28793,2005-08-31,"-47,54053963","-21,56155284",4326,500,1,37,1,0,Normal,"17,41",,0,1,"26,93","26,93"
1,5,1,3,43,43,1941,2008,5,28793,2005-08-31,"-47,54053963","-21,56155284",4326,500,1,38,1,0,Normal,"19,96",,0,1,"27,97","27,97"
1,5,1,3,43,43,1942,2009,5,28793,2005-08-31,"-47,54053963","-21,56155284",4326,500,1,39,1,0,Normal,"20,02",,0,1,28,28
1,5,1,3,43,43,1943,2010,5,28793,2005-08-31,"-47,54053963","-21,56155284",4326,500,1,40,1,6,Morta,"9,61",,0,0,"21,17","21,17"
1,5,1,3,43,43,1944,2011,5,28793,2005-08-31,"-47,54053963","-21,56155284",4326,500,1,41,1,0,Normal,"20,31",,0,1,"28,1","28,1"
1,5,1,3,43,43,1945,2012,5,28793,2005-08-31,"-47,54053963","-21,56155284",4326,500,1,42,1,0,Normal,"17,63",,0,1,"27,03","27,03"
1,5,1,3,43,43,1946,2013,5,28793,2005-08-31,"-47,54053963","-21,56155284",4326,500,1,43,1,2,Dominante,"24,83","29,6",1,1,"29,43","29,6"
1,5,1,3,43,43,1947,2014,5,28793,2005-08-31,"-47,54053963","-21,56155284",4326,500,1,44,1,0,Normal,"22,15",,0,1,"28,7","28,7"
1,5,1,3,43,43,1948,2015,5,28793,2005-08-31,"-47,54053963","-21,56155284",4326,500,1,45,1,0,Normal,"22,12",,0,1,"28,69","28,69"
1,5,1,3,43,43,1949,2016,5,28793,2005-08-31,"-47,54053963","-21,56155284",4326,500,1,46,1,0,Normal,"19,8",,0,1,"27,92","27,92"
1,5,1,3,44,44,1950,2017,5,28794,2005-08-31,"-47,54056685","-21,56311432",4326,500,1,1,1,0,Normal,"17,25",,0,1,"24,95","24,95"
1,5,1,3,44,44,1951,2018,5,28794,2005-08-31,"-47,54056685","-21,56311432",4326,500,1,2,1,0,Normal,"20,31",,0,1,"26,4","26,4"
1,5,1,3,44,44,1952,2019,5,28794,2005-08-31,"-47,54056685","-21,56311432",4326,500,1,3,1,0,Normal,"18,53",,0,1,"25,6","25,6"
1,5,1,3,44,44,1953,2020,5,28794,2005-08-31,"-47,54056685","-21,56311432",4326,500,1,4,1,0,Normal,"10,66",,0,1,"19,8","19,8"
1,5,1,3,44,44,1954,2021,5,28794,2005-08-31,"-47,54056685","-21,56311432",4326,500,1,5,1,0,Normal,"10,5",,0,1,"19,62","19,62"
1,5,1,3,44,44,1955,2022,5,28794,2005-08-31,"-47,54056685","-21,56311432",4326,500,1,6,1,0,Normal,"18,53",,0,1,"25,6","25,6"
1,5,1,3,44,44,1956,2023,5,28794,2005-08-31,"-47,54056685","-21,56311432",4326,500,1,7,1,0,Normal,"19,26",,0,1,"25,94","25,94"
1,5,1,3,44,44,1957,2024,5,28794,2005-08-31,"-47,54056685","-21,56311432",4326,500,1,8,1,1,Falha,0,,0,0,,
1,5,1,3,44,44,1958,2025,5,28794,2005-08-31,"-47,54056685","-21,56311432",4326,500,1,9,1,0,Normal,"21,26",,0,1,"26,78","26,78"
1,5,1,3,44,44,1959,2026,5,28794,2005-08-31,"-47,54056685","-21,56311432",4326,500,1,10,1,0,Normal,"18,84",,0,1,"25,75","25,75"
1,5,1,3,44,44,1960,2027,5,28794,2005-08-31,"-47,54056685","-21,56311432",4326,500,1,11,1,0,Normal,"19,1",,0,1,"25,87","25,87"
1,5,1,3,44,44,1961,2028,5,28794,2005-08-31,"-47,54056685","-21,56311432",4326,500,1,12,1,0,Normal,"15,72",,0,1,"24,06","24,06"
1,5,1,3,44,44,1962,2029,5,28794,2005-08-31,"-47,54056685","-21,56311432",4326,500,1,13,1,0,Normal,"19,48",,0,1,"26,04","26,04"
1,5,1,3,44,44,1963,2030,5,28794,2005-08-31,"-47,54056685","-21,56311432",4326,500,1,14,1,0,Normal,"14,39",,0,1,"23,16","23,16"
1,5,1,3,44,44,1964,2031,5,28794,2005-08-31,"-47,54056685","-21,56311432",4326,500,1,15,1,2,Dominante,"21,71","26,4",1,1,"26,94","26,4"
1,5,1,3,44,44,1965,2032,5,28794,2005-08-31,"-47,54056685","-21,56311432",4326,500,1,16,1,0,Normal,"13,5",,0,1,"22,49","22,49"
1,5,1,3,44,44,1966,2033,5,28794,2005-08-31,"-47,54056685","-21,56311432",4326,500,1,17,1,0,Normal,"21,65","26,4",1,1,"26,92","26,4"
1,5,1,3,44,44,1967,2034,5,28794,2005-08-31,"-47,54056685","-21,56311432",4326,500,1,18,1,2,Dominante,"22,76",28,1,1,"27,32",28
1,5,1,3,44,44,1968,2035,5,28794,2005-08-31,"-47,54056685","-21,56311432",4326,500,1,19,1,0,Normal,"21,65","26,1",1,1,"26,92","26,1"
1,5,1,3,44,44,1969,2036,5,28794,2005-08-31,"-47,54056685","-21,56311432",4326,500,1,20,1,1,Falha,0,,0,0,,
1,5,1,3,44,44,1970,2037,5,28794,2005-08-31,"-47,54056685","-21,56311432",4326,500,1,21,1,0,Normal,"15,66","24,8",1,1,"24,02","24,8"
1,5,1,3,44,44,1971,2038,5,28794,2005-08-31,"-47,54056685","-21,56311432",4326,500,1,22,1,0,Normal,"20,88","26,6",1,1,"26,63","26,6"
1,5,1,3,44,44,1972,2039,5,28794,2005-08-31,"-47,54056685","-21,56311432",4326,500,1,23,1,0,Normal,"20,91","27,3",1,1,"26,64","27,3"
1,5,1,3,44,44,1973,2040,5,28794,2005-08-31,"-47,54056685","-21,56311432",4326,500,1,24,1,2,Dominante,"22,44",28,1,1,"27,21",28
1,5,1,3,44,44,1974,2041,5,28794,2005-08-31,"-47,54056685","-21,56311432",4326,500,1,25,1,1,Falha,0,,0,0,,
1,5,1,3,44,44,1975,2042,5,28794,2005-08-31,"-47,54056685","-21,56311432",4326,500,1,26,1,0,Normal,"15,47","23,2",1,1,"23,9","23,2"
1,5,1,3,44,44,1976,2043,5,28794,2005-08-31,"-47,54056685","-21,56311432",4326,500,1,27,1,0,Normal,"12,06","20,4",1,1,"21,24","20,4"
1,5,1,3,44,44,1977,2044,5,28794,2005-08-31,"-47,54056685","-21,56311432",4326,500,1,28,1,0,Normal,"18,3","25,8",1,1,"25,49","25,8"
1,5,1,3,44,44,1978,2045,5,28794,2005-08-31,"-47,54056685","-21,56311432",4326,500,1,29,1,0,Normal,"14,9","24,9",1,1,"23,52","24,9"
1,5,1,3,44,44,1979,2046,5,28794,2005-08-31,"-47,54056685","-21,56311432",4326,500,1,30,1,0,Normal,"18,84",,0,1,"25,75","25,75"
1,5,1,3,44,44,1980,2047,5,28794,2005-08-31,"-47,54056685","-21,56311432",4326,500,1,31,1,0,Normal,"18,21",,0,1,"25,45","25,45"
1,5,1,3,44,44,1981,2048,5,28794,2005-08-31,"-47,54056685","-21,56311432",4326,500,1,32,1,0,Normal,"15,82",,0,1,"24,12","24,12"
1,5,1,3,44,44,1982,2049,5,28794,2005-08-31,"-47,54056685","-21,56311432",4326,500,1,33,1,0,Normal,"16,97",,0,1,"24,8","24,8"
1,5,1,3,44,44,1983,2050,5,28794,2005-08-31,"-47,54056685","-21,56311432",4326,500,1,34,1,0,Normal,"13,05",,0,1,"22,12","22,12"
1,5,1,3,44,44,1984,2051,5,28794,2005-08-31,"-47,54056685","-21,56311432",4326,500,1,35,1,0,Normal,"17,32",,0,1,"24,99","24,99"
1,5,1,3,44,44,1985,2052,5,28794,2005-08-31,"-47,54056685","-21,56311432",4326,500,1,36,1,0,Normal,"16,33",,0,1,"24,43","24,43"
1,5,1,3,44,44,1986,2053,5,28794,2005-08-31,"-47,54056685","-21,56311432",4326,500,1,37,1,0,Normal,"14,13",,0,1,"22,97","22,97"
1,5,1,3,44,44,1987,2054,5,28794,2005-08-31,"-47,54056685","-21,56311432",4326,500,1,38,1,0,Normal,"19,67",,0,1,"26,13","26,13"
1,5,1,3,44,44,1988,2055,5,28794,2005-08-31,"-47,54056685","-21,56311432",4326,500,1,39,1,1,Falha,0,,0,0,,
1,5,1,3,44,44,1989,2056,5,28794,2005-08-31,"-47,54056685","-21,56311432",4326,500,1,40,1,2,Dominante,"22,12","26,7",1,1,"27,09","26,7"
1,5,1,3,44,44,1990,2057,5,28794,2005-08-31,"-47,54056685","-21,56311432",4326,500,1,41,1,0,Normal,"19,29",,0,1,"25,96","25,96"
1,5,1,3,44,44,1991,2058,5,28794,2005-08-31,"-47,54056685","-21,56311432",4326,500,1,42,1,0,Normal,"21,65",,0,1,"26,92","26,92"
1,5,1,3,44,44,1992,2059,5,28794,2005-08-31,"-47,54056685","-21,56311432",4326,500,1,43,1,2,Dominante,"24,92","27,2",1,1,28,"27,2"
1,5,1,3,44,44,1993,2060,5,28794,2005-08-31,"-47,54056685","-21,56311432",4326,500,1,44,1,1,Falha,0,,0,0,,
1,5,1,3,45,45,1994,2061,5,28795,2005-08-31,"-47,54223615","-21,56308888",4326,500,1,1,1,2,Dominante,"24,83","29,5",1,1,"29,78","29,5"
1,5,1,3,45,45,1995,2062,5,28795,2005-08-31,"-47,54223615","-21,56308888",4326,500,1,2,1,5,Inclinadas,"13,56",,0,1,"24,11","24,11"
1,5,1,3,45,45,1996,2063,5,28795,2005-08-31,"-47,54223615","-21,56308888",4326,500,1,3,1,0,Normal,"20,24",,0,1,"28,11","28,11"
1,5,1,3,45,45,1997,2064,5,28795,2005-08-31,"-47,54223615","-21,56308888",4326,500,1,4,1,0,Normal,"21,1",,0,1,"28,47","28,47"
1,5,1,3,45,45,1998,2065,5,28795,2005-08-31,"-47,54223615","-21,56308888",4326,500,1,5,1,0,Normal,"23,24",,0,1,"29,26","29,26"
1,5,1,3,45,45,1999,2066,5,28795,2005-08-31,"-47,54223615","-21,56308888",4326,500,1,6,1,1,Falha,0,,0,0,,
1,5,1,3,45,45,2000,2067,5,28795,2005-08-31,"-47,54223615","-21,56308888",4326,500,1,7,1,0,Normal,"15,6",,0,1,"25,62","25,62"
1,5,1,3,45,45,2001,2068,5,28795,2005-08-31,"-47,54223615","-21,56308888",4326,500,1,8,1,2,Dominante,"24,61","29,8",1,1,"29,71","29,8"
1,5,1,3,45,45,2002,2069,5,28795,2005-08-31,"-47,54223615","-21,56308888",4326,500,1,9,1,0,Normal,"19,83",,0,1,"27,93","27,93"
1,5,1,3,45,45,2003,2070,5,28795,2005-08-31,"-47,54223615","-21,56308888",4326,500,1,10,1,0,Normal,"22,92",30,1,1,"29,15",30
1,5,1,3,45,45,2004,2071,5,28795,2005-08-31,"-47,54223615","-21,56308888",4326,500,1,11,1,0,Normal,"23,65","29,6",1,1,"29,4","29,6"
1,5,1,3,45,45,2005,2072,5,28795,2005-08-31,"-47,54223615","-21,56308888",4326,500,1,12,1,0,Normal,"19,35",,0,1,"27,71","27,71"
1,5,1,3,45,45,2006,2073,5,28795,2005-08-31,"-47,54223615","-21,56308888",4326,500,1,13,1,0,Normal,"20,24",,0,1,"28,11","28,11"
1,5,1,3,45,45,2007,2074,5,28795,2005-08-31,"-47,54223615","-21,56308888",4326,500,1,14,1,0,Normal,"19,99",,0,1,28,28
1,5,1,3,45,45,2008,2075,5,28795,2005-08-31,"-47,54223615","-21,56308888",4326,500,1,15,1,0,Normal,"23,24",,0,1,"29,26","29,26"
1,5,1,3,45,45,2009,2076,5,28795,2005-08-31,"-47,54223615","-21,56308888",4326,500,1,16,1,0,Normal,"22,89",29,1,1,"29,14",29
1,5,1,3,45,45,2010,2077,5,28795,2005-08-31,"-47,54223615","-21,56308888",4326,500,1,17,1,0,Normal,"15,37","24,5",1,1,"25,47","24,5"
1,5,1,3,45,45,2011,2078,5,28795,2005-08-31,"-47,54223615","-21,56308888",4326,500,1,18,1,5,Inclinadas,"8,31",,0,1,"17,97","17,97"
1,5,1,3,45,45,2011,2079,5,28795,2005-08-31,"-47,54223615","-21,56308888",4326,500,1,18,2,3,Bifurcada Abaixo,"11,24",21,1,1,"21,9",21
1,5,1,3,45,45,2012,2080,5,28795,2005-08-31,"-47,54223615","-21,56308888",4326,500,1,19,1,1,Falha,0,,0,0,,
1,5,1,3,45,45,2013,2081,5,28795,2005-08-31,"-47,54223615","-21,56308888",4326,500,1,20,1,0,Normal,"22,03","27,9",1,1,"28,83","27,9"
1,5,1,3,45,45,2014,2082,5,28795,2005-08-31,"-47,54223615","-21,56308888",4326,500,1,21,1,0,Normal,"18,78","27,5",1,1,"27,44","27,5"
1,5,1,3,45,45,2015,2083,5,28795,2005-08-31,"-47,54223615","-21,56308888",4326,500,1,22,1,1,Falha,0,,0,0,,
1,5,1,3,45,45,2016,2084,5,28795,2005-08-31,"-47,54223615","-21,56308888",4326,500,1,23,1,0,Normal,"16,65","26,4",1,1,"26,28","26,4"
1,5,1,3,45,45,2017,2085,5,28795,2005-08-31,"-47,54223615","-21,56308888",4326,500,1,24,1,0,Normal,"18,91",27,1,1,"27,5",27
1,5,1,3,45,45,2018,2086,5,28795,2005-08-31,"-47,54223615","-21,56308888",4326,500,1,25,1,0,Normal,"13,02","25,5",1,1,"23,65","25,5"
1,5,1,3,45,45,2019,2087,5,28795,2005-08-31,"-47,54223615","-21,56308888",4326,500,1,26,1,0,Normal,"18,72","27,6",1,1,"27,41","27,6"
1,5,1,3,45,45,2020,2088,5,28795,2005-08-31,"-47,54223615","-21,56308888",4326,500,1,27,1,0,Normal,"13,21",24,1,1,"23,81",24
1,5,1,3,45,45,2021,2089,5,28795,2005-08-31,"-47,54223615","-21,56308888",4326,500,1,28,1,0,Normal,"20,56",,0,1,"28,25","28,25"
1,5,1,3,45,45,2022,2090,5,28795,2005-08-31,"-47,54223615","-21,56308888",4326,500,1,29,1,0,Normal,"17,6",,0,1,"26,83","26,83"
1,5,1,3,45,45,2023,2091,5,28795,2005-08-31,"-47,54223615","-21,56308888",4326,500,1,30,1,5,Inclinadas,"11,78",,0,1,"22,47","22,47"
1,5,1,3,45,45,2024,2092,5,28795,2005-08-31,"-47,54223615","-21,56308888",4326,500,1,31,1,0,Normal,"18,56",,0,1,"27,33","27,33"
1,5,1,3,45,45,2025,2093,5,28795,2005-08-31,"-47,54223615","-21,56308888",4326,500,1,32,1,2,Dominante,24,"29,5",1,1,"29,51","29,5"
1,5,1,3,45,45,2026,2094,5,28795,2005-08-31,"-47,54223615","-21,56308888",4326,500,1,33,1,0,Normal,"17,92",,0,1,27,27
1,5,1,3,45,45,2027,2095,5,28795,2005-08-31,"-47,54223615","-21,56308888",4326,500,1,34,1,0,Normal,"22,28",,0,1,"28,92","28,92"
1,5,1,3,45,45,2028,2096,5,28795,2005-08-31,"-47,54223615","-21,56308888",4326,500,1,35,1,1,Falha,0,,0,0,,
1,5,1,3,45,45,2029,2097,5,28795,2005-08-31,"-47,54223615","-21,56308888",4326,500,1,36,1,0,Normal,"22,41",,0,1,"28,97","28,97"
1,5,1,3,45,45,2030,2098,5,28795,2005-08-31,"-47,54223615","-21,56308888",4326,500,1,37,1,0,Normal,"15,22",,0,1,"25,36","25,36"
1,5,1,3,45,45,2031,2099,5,28795,2005-08-31,"-47,54223615","-21,56308888",4326,500,1,38,1,0,Normal,"17,28",,0,1,"26,65","26,65"
1,5,1,3,45,45,2032,2100,5,28795,2005-08-31,"-47,54223615","-21,56308888",4326,500,1,39,1,0,Normal,"23,55",,0,1,"29,37","29,37"
1,5,1,3,45,45,2033,2101,5,28795,2005-08-31,"-47,54223615","-21,56308888",4326,500,1,40,1,0,Normal,"21,74",,0,1,"28,72","28,72"
1,5,1,3,45,45,2034,2102,5,28795,2005-08-31,"-47,54223615","-21,56308888",4326,500,1,41,1,0,Normal,"21,26",,0,1,"28,53","28,53"
1,5,1,3,45,45,2035,2103,5,28795,2005-08-31,"-47,54223615","-21,56308888",4326,500,1,42,1,0,Normal,"15,28",,0,1,"25,41","25,41"
1,5,1,3,45,45,2036,2104,5,28795,2005-08-31,"-47,54223615","-21,56308888",4326,500,1,43,1,0,Normal,"17,19",,0,1,"26,6","26,6"
1,5,1,3,45,45,2037,2105,5,28795,2005-08-31,"-47,54223615","-21,56308888",4326,500,1,44,1,0,Normal,"22,28",,0,1,"28,92","28,92"
1,5,1,3,45,45,2038,2106,5,28795,2005-08-31,"-47,54223615","-21,56308888",4326,500,1,45,1,1,Falha,0,,0,0,,
1,5,1,3,45,45,2039,2107,5,28795,2005-08-31,"-47,54223615","-21,56308888",4326,500,1,46,1,0,Normal,"21,74",,0,1,"28,72","28,72"
1,5,1,3,45,45,2040,2108,5,28795,2005-08-31,"-47,54223615","-21,56308888",4326,500,1,47,1,2,Dominante,"25,24",30,1,1,"29,9",30
1,5,1,3,45,45,2041,2109,5,28795,2005-08-31,"-47,54223615","-21,56308888",4326,500,1,48,1,2,Dominante,"25,46",30,1,1,"29,96",30
1,5,1,3,46,46,2042,2110,5,28796,2005-08-31,"-47,54385095","-21,55994045",4326,500,1,1,1,2,Dominante,"23,33",27,1,1,"27,04",27
1,5,1,3,46,46,2043,2111,5,28796,2005-08-31,"-47,54385095","-21,55994045",4326,500,1,2,1,3,Bifurcada Abaixo,"12,13",,0,1,"22,91","22,91"
1,5,1,3,46,46,2043,2112,5,28796,2005-08-31,"-47,54385095","-21,55994045",4326,500,1,2,2,3,Bifurcada Abaixo,"14,26",,0,1,"24,12","24,12"
1,5,1,3,46,46,2044,2113,5,28796,2005-08-31,"-47,54385095","-21,55994045",4326,500,1,3,1,1,Falha,0,,0,0,,
1,5,1,3,46,46,2045,2114,5,28796,2005-08-31,"-47,54385095","-21,55994045",4326,500,1,4,1,0,Normal,"17,95",,0,1,"25,63","25,63"
1,5,1,3,46,46,2046,2115,5,28796,2005-08-31,"-47,54385095","-21,55994045",4326,500,1,5,1,1,Falha,0,,0,0,,
1,5,1,3,46,46,2047,2116,5,28796,2005-08-31,"-47,54385095","-21,55994045",4326,500,1,6,1,0,Normal,"19,96",,0,1,"26,23","26,23"
1,5,1,3,46,46,2048,2117,5,28796,2005-08-31,"-47,54385095","-21,55994045",4326,500,1,7,1,1,Falha,0,,0,0,,
1,5,1,3,46,46,2049,2118,5,28796,2005-08-31,"-47,54385095","-21,55994045",4326,500,1,8,1,0,Normal,"20,18",,0,1,"26,29","26,29"
1,5,1,3,46,46,2050,2119,5,28796,2005-08-31,"-47,54385095","-21,55994045",4326,500,1,9,1,0,Normal,"17,83",,0,1,"25,58","25,58"
1,5,1,3,46,46,2051,2120,5,28796,2005-08-31,"-47,54385095","-21,55994045",4326,500,1,10,1,1,Falha,0,,0,0,,
1,5,1,3,46,46,2052,2121,5,28796,2005-08-31,"-47,54385095","-21,55994045",4326,500,1,11,1,0,Normal,"14,55",,0,1,"24,26","24,26"
1,5,1,3,46,46,2053,2122,5,28796,2005-08-31,"-47,54385095","-21,55994045",4326,500,1,12,1,0,Normal,"20,31",,0,1,"26,33","26,33"
1,5,1,3,46,46,2054,2123,5,28796,2005-08-31,"-47,54385095","-21,55994045",4326,500,1,13,1,2,Dominante,"21,04","26,8",1,1,"26,52","26,8"
1,5,1,3,46,46,2055,2124,5,28796,2005-08-31,"-47,54385095","-21,55994045",4326,500,1,14,1,1,Falha,0,,0,0,,
1,5,1,3,46,46,2056,2125,5,28796,2005-08-31,"-47,54385095","-21,55994045",4326,500,1,15,1,1,Falha,0,,0,0,,
1,5,1,3,46,46,2057,2126,5,28796,2005-08-31,"-47,54385095","-21,55994045",4326,500,1,16,1,1,Falha,0,,0,0,,
1,5,1,3,46,46,2058,2127,5,28796,2005-08-31,"-47,54385095","-21,55994045",4326,500,1,17,1,2,Dominante,"23,05",27,1,1,"26,98",27
1,5,1,3,46,46,2059,2128,5,28796,2005-08-31,"-47,54385095","-21,55994045",4326,500,1,18,1,0,Normal,"19,26",,0,1,"26,04","26,04"
1,5,1,3,46,46,2060,2129,5,28796,2005-08-31,"-47,54385095","-21,55994045",4326,500,1,19,1,0,Normal,"20,91",,0,1,"26,49","26,49"
1,5,1,3,46,46,2061,2130,5,28796,2005-08-31,"-47,54385095","-21,55994045",4326,500,1,20,1,0,Normal,"16,77",,0,1,"25,21","25,21"
1,5,1,3,46,46,2062,2131,5,28796,2005-08-31,"-47,54385095","-21,55994045",4326,500,1,21,1,5,Inclinadas,"9,74",,0,1,"21,05","21,05"
1,5,1,3,46,46,2063,2132,5,28796,2005-08-31,"-47,54385095","-21,55994045",4326,500,1,22,1,1,Falha,0,,0,0,,
1,5,1,3,46,46,2064,2133,5,28796,2005-08-31,"-47,54385095","-21,55994045",4326,500,1,23,1,0,Normal,"13,53",,0,1,"23,74","23,74"
1,5,1,3,46,46,2065,2134,5,28796,2005-08-31,"-47,54385095","-21,55994045",4326,500,1,24,1,3,Bifurcada Abaixo,"18,37",,0,1,"25,76","25,76"
1,5,1,3,46,46,2065,2135,5,28796,2005-08-31,"-47,54385095","-21,55994045",4326,500,1,24,2,3,Bifurcada Abaixo,"12,57",,0,1,"23,19","23,19"
1,5,1,3,46,46,2066,2136,5,28796,2005-08-31,"-47,54385095","-21,55994045",4326,500,1,25,1,0,Normal,"16,14",,0,1,"24,96","24,96"
1,5,1,3,46,46,2067,2137,5,28796,2005-08-31,"-47,54385095","-21,55994045",4326,500,1,26,1,0,Normal,"18,59",,0,1,"25,83","25,83"
1,5,1,3,46,46,2068,2138,5,28796,2005-08-31,"-47,54385095","-21,55994045",4326,500,1,27,1,0,Normal,"16,71",,0,1,"25,18","25,18"
1,5,1,3,46,46,2069,2139,5,28796,2005-08-31,"-47,54385095","-21,55994045",4326,500,1,28,1,0,Normal,"14,71",23,1,1,"24,34",23
1,5,1,3,46,46,2070,2140,5,28796,2005-08-31,"-47,54385095","-21,55994045",4326,500,1,29,1,4,Quebrada,"8,47",2,0,0,"19,73",2
1,5,1,3,46,46,2071,2141,5,28796,2005-08-31,"-47,54385095","-21,55994045",4326,500,1,30,1,1,Falha,0,,0,0,,
1,5,1,3,46,46,2072,2142,5,28796,2005-08-31,"-47,54385095","-21,55994045",4326,500,1,31,1,0,Normal,"15,09","24,5",1,1,"24,52","24,5"
1,5,1,3,46,46,2073,2143,5,28796,2005-08-31,"-47,54385095","-21,55994045",4326,500,1,32,1,0,Normal,"14,83","24,5",1,1,"24,4","24,5"
1,5,1,3,46,46,2074,2144,5,28796,2005-08-31,"-47,54385095","-21,55994045",4326,500,1,33,1,0,Normal,"17,09","26,1",1,1,"25,33","26,1"
1,5,1,3,46,46,2075,2145,5,28796,2005-08-31,"-47,54385095","-21,55994045",4326,500,1,34,1,0,Normal,"15,5","24,3",1,1,"24,7","24,3"
1,5,1,3,46,46,2076,2146,5,28796,2005-08-31,"-47,54385095","-21,55994045",4326,500,1,35,1,0,Normal,"17,19","24,7",1,1,"25,36","24,7"
1,5,1,3,46,46,2077,2147,5,28796,2005-08-31,"-47,54385095","-21,55994045",4326,500,1,36,1,0,Normal,"17,92","26,1",1,1,"25,62","26,1"
1,5,1,3,46,46,2078,2148,5,28796,2005-08-31,"-47,54385095","-21,55994045",4326,500,1,37,1,0,Normal,"19,86","26,5",1,1,"26,21","26,5"
1,5,1,3,46,46,2079,2149,5,28796,2005-08-31,"-47,54385095","-21,55994045",4326,500,1,38,1,0,Normal,"19,86","26,2",1,1,"26,21","26,2"
1,5,1,3,46,46,2080,2150,5,28796,2005-08-31,"-47,54385095","-21,55994045",4326,500,1,39,1,0,Normal,"14,42","25,3",1,1,"24,2","25,3"
1,5,1,3,46,46,2081,2151,5,28796,2005-08-31,"-47,54385095","-21,55994045",4326,500,1,40,1,0,Normal,"20,72",,0,1,"26,44","26,44"
1,5,1,3,46,46,2082,2152,5,28796,2005-08-31,"-47,54385095","-21,55994045",4326,500,1,41,1,0,Normal,"18,14",,0,1,"25,69","25,69"
1,5,1,3,46,46,2083,2153,5,28796,2005-08-31,"-47,54385095","-21,55994045",4326,500,1,42,1,0,Normal,"20,15",,0,1,"26,29","26,29"
1,5,1,3,46,46,2084,2154,5,28796,2005-08-31,"-47,54385095","-21,55994045",4326,500,1,43,1,0,Normal,"17,76",,0,1,"25,56","25,56"
1,5,1,3,46,46,2085,2155,5,28796,2005-08-31,"-47,54385095","-21,55994045",4326,500,1,44,1,0,Normal,"13,27",,0,1,"23,6","23,6"
1,5,1,3,46,46,2086,2156,5,28796,2005-08-31,"-47,54385095","-21,55994045",4326,500,1,45,1,0,Normal,"19,51",,0,1,"26,11","26,11"
1,5,1,3,46,46,2087,2157,5,28796,2005-08-31,"-47,54385095","-21,55994045",4326,500,1,46,1,0,Normal,"13,94",,0,1,"23,96","23,96"
1,5,1,3,46,46,2088,2158,5,28796,2005-08-31,"-47,54385095","-21,55994045",4326,500,1,47,1,0,Normal,"17,51",,0,1,"25,48","25,48"
1,5,1,3,46,46,2089,2159,5,28796,2005-08-31,"-47,54385095","-21,55994045",4326,500,1,48,1,0,Normal,"18,27",,0,1,"25,73","25,73"
1,5,1,3,46,46,2090,2160,5,28796,2005-08-31,"-47,54385095","-21,55994045",4326,500,1,49,1,0,Normal,"20,09",,0,1,"26,27","26,27"
1,5,1,3,46,46,2091,2161,5,28796,2005-08-31,"-47,54385095","-21,55994045",4326,500,1,50,1,0,Normal,"19,29",,0,1,"26,04","26,04"
1,5,1,3,46,46,2092,2162,5,28796,2005-08-31,"-47,54385095","-21,55994045",4326,500,1,51,1,5,Inclinadas,"9,68",,0,1,"20,99","20,99"
1,5,1,3,46,46,2093,2163,5,28796,2005-08-31,"-47,54385095","-21,55994045",4326,500,1,52,1,2,Dominante,"21,39","26,6",1,1,"26,61","26,6"
1,5,1,3,46,46,2094,2164,5,28796,2005-08-31,"-47,54385095","-21,55994045",4326,500,1,53,1,1,Falha,0,,0,0,,
1,5,1,3,46,46,2095,2165,5,28796,2005-08-31,"-47,54385095","-21,55994045",4326,500,1,54,1,2,Dominante,"23,62","26,5",1,1,"27,1","26,5"
1,5,1,3,46,46,2096,2166,5,28796,2005-08-31,"-47,54385095","-21,55994045",4326,500,1,55,1,0,Normal,"14,39",,0,1,"24,19","24,19"
1,5,1,3,46,46,2097,2167,5,28796,2005-08-31,"-47,54385095","-21,55994045",4326,500,1,56,1,3,Bifurcada Abaixo,"15,53",,0,1,"24,71","24,71"
1,5,1,3,46,46,2097,2168,5,28796,2005-08-31,"-47,54385095","-21,55994045",4326,500,1,56,2,3,Bifurcada Abaixo,"15,47",,0,1,"24,68","24,68"
1,5,1,3,49,49,2190,2264,5,28799,2005-08-31,"-47,54059407","-21,56467581",4326,500,1,1,1,0,Normal,"18,08",,0,1,"25,77","25,77"
1,5,1,3,49,49,2191,2265,5,28799,2005-08-31,"-47,54059407","-21,56467581",4326,500,1,2,1,0,Normal,"16,33",,0,1,"24,73","24,73"
1,5,1,3,49,49,2192,2266,5,28799,2005-08-31,"-47,54059407","-21,56467581",4326,500,1,3,1,0,Normal,"16,36",,0,1,"24,75","24,75"
1,5,1,3,49,49,2193,2267,5,28799,2005-08-31,"-47,54059407","-21,56467581",4326,500,1,4,1,0,Normal,"16,01",,0,1,"24,52","24,52"
1,5,1,3,49,49,2194,2268,5,28799,2005-08-31,"-47,54059407","-21,56467581",4326,500,1,5,1,0,Normal,"18,3",,0,1,"25,89","25,89"
1,5,1,3,49,49,2195,2269,5,28799,2005-08-31,"-47,54059407","-21,56467581",4326,500,1,6,1,1,Falha,0,,0,0,,
1,5,1,3,49,49,2196,2270,5,28799,2005-08-31,"-47,54059407","-21,56467581",4326,500,1,7,1,0,Normal,"18,59",,0,1,"26,04","26,04"
1,5,1,3,49,49,2197,2271,5,28799,2005-08-31,"-47,54059407","-21,56467581",4326,500,1,8,1,2,Dominante,"20,47","26,8",1,1,"26,96","26,8"
1,5,1,3,49,49,2198,2272,5,28799,2005-08-31,"-47,54059407","-21,56467581",4326,500,1,9,1,0,Normal,"15,15",,0,1,"23,92","23,92"
1,5,1,3,49,49,2199,2273,5,28799,2005-08-31,"-47,54059407","-21,56467581",4326,500,1,10,1,0,Normal,"16,17",,0,1,"24,63","24,63"
1,5,1,3,49,49,2200,2274,5,28799,2005-08-31,"-47,54059407","-21,56467581",4326,500,1,11,1,0,Normal,"17,25",,0,1,"25,3","25,3"
1,5,1,3,49,49,2201,2275,5,28799,2005-08-31,"-47,54059407","-21,56467581",4326,500,1,12,1,0,Normal,"17,6",,0,1,"25,5","25,5"
1,5,1,3,49,49,2202,2276,5,28799,2005-08-31,"-47,54059407","-21,56467581",4326,500,1,13,1,0,Normal,"19,51",,0,1,"26,51","26,51"
1,5,1,3,49,49,2203,2277,5,28799,2005-08-31,"-47,54059407","-21,56467581",4326,500,1,14,1,0,Normal,"13,56",,0,1,"22,67","22,67"
1,5,1,3,49,49,2204,2278,5,28799,2005-08-31,"-47,54059407","-21,56467581",4326,500,1,15,1,0,Normal,"14,01",,0,1,"23,05","23,05"
1,5,1,3,49,49,2205,2279,5,28799,2005-08-31,"-47,54059407","-21,56467581",4326,500,1,16,1,5,Inclinadas,"8,91",,0,1,"17,35","17,35"
1,5,1,3,49,49,2206,2280,5,28799,2005-08-31,"-47,54059407","-21,56467581",4326,500,1,17,1,0,Normal,"19,67",,0,1,"26,59","26,59"
1,5,1,3,49,49,2207,2281,5,28799,2005-08-31,"-47,54059407","-21,56467581",4326,500,1,18,1,1,Falha,0,,0,0,,
1,5,1,3,49,49,2208,2282,5,28799,2005-08-31,"-47,54059407","-21,56467581",4326,500,1,19,1,0,Normal,"20,24",,0,1,"26,85","26,85"
1,5,1,3,49,49,2209,2283,5,28799,2005-08-31,"-47,54059407","-21,56467581",4326,500,1,20,1,0,Normal,"16,2",,0,1,"24,65","24,65"
1,5,1,3,49,49,2210,2284,5,28799,2005-08-31,"-47,54059407","-21,56467581",4326,500,1,21,1,0,Normal,"18,94",,0,1,"26,23","26,23"
1,5,1,3,49,49,2211,2285,5,28799,2005-08-31,"-47,54059407","-21,56467581",4326,500,1,22,1,0,Normal,"15,66",,0,1,"24,28","24,28"
1,5,1,3,49,49,2212,2286,5,28799,2005-08-31,"-47,54059407","-21,56467581",4326,500,1,23,1,2,Dominante,"20,31",26,1,1,"26,88",26
1,5,1,3,49,49,2213,2287,5,28799,2005-08-31,"-47,54059407","-21,56467581",4326,500,1,24,1,0,Normal,"17,51","25,9",1,1,"25,45","25,9"
1,5,1,3,49,49,2214,2288,5,28799,2005-08-31,"-47,54059407","-21,56467581",4326,500,1,25,1,0,Normal,"15,92","25,5",1,1,"24,46","25,5"
1,5,1,3,49,49,2215,2289,5,28799,2005-08-31,"-47,54059407","-21,56467581",4326,500,1,26,1,0,Normal,"16,62","24,8",1,1,"24,91","24,8"
1,5,1,3,49,49,2216,2290,5,28799,2005-08-31,"-47,54059407","-21,56467581",4326,500,1,27,1,0,Normal,"17,57","25,5",1,1,"25,49","25,5"
1,5,1,3,49,49,2217,2291,5,28799,2005-08-31,"-47,54059407","-21,56467581",4326,500,1,28,1,2,Dominante,"20,53","26,3",1,1,"26,98","26,3"
1,5,1,3,49,49,2218,2292,5,28799,2005-08-31,"-47,54059407","-21,56467581",4326,500,1,29,1,0,Normal,"18,4","26,4",1,1,"25,94","26,4"
1,5,1,3,49,49,2219,2293,5,28799,2005-08-31,"-47,54059407","-21,56467581",4326,500,1,30,1,0,Normal,"18,46","25,9",1,1,"25,98","25,9"
1,5,1,3,49,49,2220,2294,5,28799,2005-08-31,"-47,54059407","-21,56467581",4326,500,1,31,1,0,Normal,"17,32","25,1",1,1,"25,34","25,1"
1,5,1,3,49,49,2221,2295,5,28799,2005-08-31,"-47,54059407","-21,56467581",4326,500,1,32,1,0,Normal,"17,19","24,5",1,1,"25,26","24,5"
1,5,1,3,49,49,2222,2296,5,28799,2005-08-31,"-47,54059407","-21,56467581",4326,500,1,33,1,0,Normal,"20,05","26,5",1,1,"26,76","26,5"
1,5,1,3,49,49,2223,2297,5,28799,2005-08-31,"-47,54059407","-21,56467581",4326,500,1,34,1,2,Dominante,"20,47","26,3",1,1,"26,96","26,3"
1,5,1,3,49,49,2224,2298,5,28799,2005-08-31,"-47,54059407","-21,56467581",4326,500,1,35,1,0,Normal,"19,13",,0,1,"26,32","26,32"
1,5,1,3,49,49,2225,2299,5,28799,2005-08-31,"-47,54059407","-21,56467581",4326,500,1,36,1,0,Normal,"16,33",,0,1,"24,73","24,73"
1,5,1,3,49,49,2226,2300,5,28799,2005-08-31,"-47,54059407","-21,56467581",4326,500,1,37,1,0,Normal,"12,51",,0,1,"21,71","21,71"
1,5,1,3,49,49,2227,2301,5,28799,2005-08-31,"-47,54059407","-21,56467581",4326,500,1,38,1,0,Normal,"18,72",,0,1,"26,11","26,11"
1,5,1,3,49,49,2228,2302,5,28799,2005-08-31,"-47,54059407","-21,56467581",4326,500,1,39,1,1,Falha,0,,0,0,,
1,5,1,3,49,49,2229,2303,5,28799,2005-08-31,"-47,54059407","-21,56467581",4326,500,1,40,1,0,Normal,"18,24",,0,1,"25,86","25,86"
1,5,1,3,49,49,2230,2304,5,28799,2005-08-31,"-47,54059407","-21,56467581",4326,500,1,41,1,2,Dominante,"23,43",30,1,1,"28,14",30
1,5,1,3,49,49,2231,2305,5,28799,2005-08-31,"-47,54059407","-21,56467581",4326,500,1,42,1,0,Normal,"17,28",,0,1,"25,32","25,32"
1,5,1,3,49,49,2232,2306,5,28799,2005-08-31,"-47,54059407","-21,56467581",4326,500,1,43,1,0,Normal,"16,68",,0,1,"24,95","24,95"
1,5,1,3,49,49,2233,2307,5,28799,2005-08-31,"-47,54059407","-21,56467581",4326,500,1,44,1,0,Normal,"19,19",,0,1,"26,35","26,35"
1,5,1,3,49,49,2234,2308,5,28799,2005-08-31,"-47,54059407","-21,56467581",4326,500,1,45,1,0,Normal,"18,91",,0,1,"26,21","26,21"
1,5,1,3,49,49,2235,2309,5,28799,2005-08-31,"-47,54059407","-21,56467581",4326,500,1,46,1,0,Normal,"16,39",,0,1,"24,77","24,77"
1,5,1,3,49,49,2236,2310,5,28799,2005-08-31,"-47,54059407","-21,56467581",4326,500,1,47,1,1,Falha,0,,0,0,,
1,5,1,3,49,49,2237,2311,5,28799,2005-08-31,"-47,54059407","-21,56467581",4326,500,1,48,1,1,Falha,0,,0,0,,
1,5,1,3,49,49,2238,2312,5,28799,2005-08-31,"-47,54059407","-21,56467581",4326,500,1,49,1,0,Normal,"19,54",,0,1,"26,52","26,52"
1,5,1,3,49,49,2239,2313,5,28799,2005-08-31,"-47,54059407","-21,56467581",4326,500,1,50,1,0,Normal,"17,92",,0,1,"25,68","25,68"
1,5,1,3,50,50,2240,2314,5,28800,2005-08-31,"-47,53892475","-21,56470124",4326,500,1,1,1,0,Normal,"23,3","29,1",1,1,"29,97","29,1"
1,5,1,3,50,50,2241,2315,5,28800,2005-08-31,"-47,53892475","-21,56470124",4326,500,1,2,1,0,Normal,"19,54",,0,1,"28,56","28,56"
1,5,1,3,50,50,2242,2316,5,28800,2005-08-31,"-47,53892475","-21,56470124",4326,500,1,3,1,0,Normal,"21,96",,0,1,"29,52","29,52"
1,5,1,3,50,50,2243,2317,5,28800,2005-08-31,"-47,53892475","-21,56470124",4326,500,1,4,1,0,Normal,"15,92",,0,1,"26,67","26,67"
1,5,1,3,50,50,2244,2318,5,28800,2005-08-31,"-47,53892475","-21,56470124",4326,500,1,5,1,0,Normal,"16,93",,0,1,"27,27","27,27"
1,5,1,3,50,50,2245,2319,5,28800,2005-08-31,"-47,53892475","-21,56470124",4326,500,1,6,1,0,Normal,"15,85",,0,1,"26,63","26,63"
1,5,1,3,50,50,2246,2320,5,28800,2005-08-31,"-47,53892475","-21,56470124",4326,500,1,7,1,5,Inclinadas,"14,39",,0,1,"25,65","25,65"
1,5,1,3,50,50,2247,2321,5,28800,2005-08-31,"-47,53892475","-21,56470124",4326,500,1,8,1,0,Normal,"19,67",,0,1,"28,61","28,61"
1,5,1,3,50,50,2248,2322,5,28800,2005-08-31,"-47,53892475","-21,56470124",4326,500,1,9,1,0,Normal,"15,22",,0,1,"26,22","26,22"
1,5,1,3,50,50,2249,2323,5,28800,2005-08-31,"-47,53892475","-21,56470124",4326,500,1,10,1,5,Inclinadas,"3,82",,0,1,"8,3","8,3"
1,5,1,3,50,50,2250,2324,5,28800,2005-08-31,"-47,53892475","-21,56470124",4326,500,1,11,1,0,Normal,"23,52",,0,1,"30,05","30,05"
1,5,1,3,50,50,2251,2325,5,28800,2005-08-31,"-47,53892475","-21,56470124",4326,500,1,12,1,0,Normal,"24,51","30,4",1,1,"30,35","30,4"
1,5,1,3,50,50,2252,2326,5,28800,2005-08-31,"-47,53892475","-21,56470124",4326,500,1,13,1,0,Normal,"22,63",,0,1,"29,75","29,75"
1,5,1,3,50,50,2253,2327,5,28800,2005-08-31,"-47,53892475","-21,56470124",4326,500,1,14,1,0,Normal,"16,93",,0,1,"27,27","27,27"
1,5,1,3,50,50,2254,2328,5,28800,2005-08-31,"-47,53892475","-21,56470124",4326,500,1,15,1,2,Dominante,"25,94",30,1,1,"30,75",30
1,5,1,3,50,50,2255,2329,5,28800,2005-08-31,"-47,53892475","-21,56470124",4326,500,1,16,1,0,Normal,"17,06",,0,1,"27,34","27,34"
1,5,1,3,50,50,2256,2330,5,28800,2005-08-31,"-47,53892475","-21,56470124",4326,500,1,17,1,0,Normal,"22,54",,0,1,"29,72","29,72"
1,5,1,3,50,50,2257,2331,5,28800,2005-08-31,"-47,53892475","-21,56470124",4326,500,1,18,1,0,Normal,"17,35",,0,1,"27,5","27,5"
1,5,1,3,50,50,2258,2332,5,28800,2005-08-31,"-47,53892475","-21,56470124",4326,500,1,19,1,0,Normal,"21,74",,0,1,"29,44","29,44"
1,5,1,3,50,50,2259,2333,5,28800,2005-08-31,"-47,53892475","-21,56470124",4326,500,1,20,1,2,Dominante,"25,37","30,4",1,1,"30,6","30,4"
1,5,1,3,50,50,2260,2334,5,28800,2005-08-31,"-47,53892475","-21,56470124",4326,500,1,21,1,5,Inclinadas,"15,98",,0,1,"26,71","26,71"
1,5,1,3,50,50,2261,2335,5,28800,2005-08-31,"-47,53892475","-21,56470124",4326,500,1,22,1,0,Normal,"20,79","29,3",1,1,"29,08","29,3"
1,5,1,3,50,50,2262,2336,5,28800,2005-08-31,"-47,53892475","-21,56470124",4326,500,1,23,1,0,Normal,"20,79","28,5",1,1,"29,08","28,5"
1,5,1,3,50,50,2263,2337,5,28800,2005-08-31,"-47,53892475","-21,56470124",4326,500,1,24,1,0,Normal,"24,35",30,1,1,"30,3",30
1,5,1,3,50,50,2264,2338,5,28800,2005-08-31,"-47,53892475","-21,56470124",4326,500,1,25,1,0,Normal,"20,37","29,5",1,1,"28,91","29,5"
1,5,1,3,50,50,2265,2339,5,28800,2005-08-31,"-47,53892475","-21,56470124",4326,500,1,26,1,0,Normal,"23,24","29,6",1,1,"29,96","29,6"
1,5,1,3,50,50,2266,2340,5,28800,2005-08-31,"-47,53892475","-21,56470124",4326,500,1,27,1,5,Inclinadas,"15,34",,0,1,"26,3","26,3"
1,5,1,3,50,50,2267,2341,5,28800,2005-08-31,"-47,53892475","-21,56470124",4326,500,1,28,1,1,Falha,0,,0,0,,
1,5,1,3,50,50,2268,2342,5,28800,2005-08-31,"-47,53892475","-21,56470124",4326,500,1,29,1,0,Normal,"23,01",30,1,1,"29,88",30
1,5,1,3,50,50,2269,2343,5,28800,2005-08-31,"-47,53892475","-21,56470124",4326,500,1,30,1,1,Falha,0,,0,0,,
1,5,1,3,50,50,2270,2344,5,28800,2005-08-31,"-47,53892475","-21,56470124",4326,500,1,31,1,0,Normal,"24,64","30,8",1,1,"30,39","30,8"
1,5,1,3,50,50,2271,2345,5,28800,2005-08-31,"-47,53892475","-21,56470124",4326,500,1,32,1,2,Dominante,"24,73",32,1,1,"30,41",32
1,5,1,3,50,50,2272,2346,5,28800,2005-08-31,"-47,53892475","-21,56470124",4326,500,1,33,1,2,Dominante,"25,88","31,5",1,1,"30,74","31,5"
1,5,1,3,50,50,2273,2347,5,28800,2005-08-31,"-47,53892475","-21,56470124",4326,500,1,34,1,1,Falha,0,,0,0,,
1,5,1,3,50,50,2274,2348,5,28800,2005-08-31,"-47,53892475","-21,56470124",4326,500,1,35,1,0,Normal,"21,33",,0,1,"29,29","29,29"
1,5,1,3,50,50,2275,2349,5,28800,2005-08-31,"-47,53892475","-21,56470124",4326,500,1,36,1,0,Normal,"23,33",,0,1,"29,98","29,98"
1,5,1,3,50,50,2276,2350,5,28800,2005-08-31,"-47,53892475","-21,56470124",4326,500,1,37,1,2,Dominante,"24,7","29,7",1,1,"30,41","29,7"
1,5,1,3,50,50,2277,2351,5,28800,2005-08-31,"-47,53892475","-21,56470124",4326,500,1,38,1,1,Falha,0,,0,0,,
1,5,1,3,50,50,2278,2352,5,28800,2005-08-31,"-47,53892475","-21,56470124",4326,500,1,39,1,1,Falha,0,,0,0,,
1,5,1,3,50,50,2279,2353,5,28800,2005-08-31,"-47,53892475","-21,56470124",4326,500,1,40,1,1,Falha,0,,0,0,,
1,5,1,3,50,50,2280,2354,5,28800,2005-08-31,"-47,53892475","-21,56470124",4326,500,1,41,1,1,Falha,0,,0,0,,
1,5,1,3,50,50,2281,2355,5,28800,2005-08-31,"-47,53892475","-21,56470124",4326,500,1,42,1,1,Falha,0,,0,0,,
1,5,1,3,50,50,2282,2356,5,28800,2005-08-31,"-47,53892475","-21,56470124",4326,500,1,43,1,1,Falha,0,,0,0,,
1,5,1,3,50,50,2283,2357,5,28800,2005-08-31,"-47,53892475","-21,56470124",4326,500,1,44,1,1,Falha,0,,0,0,,
1,5,1,3,50,50,2284,2358,5,28800,2005-08-31,"-47,53892475","-21,56470124",4326,500,1,45,1,1,Falha,0,,0,0,,
1,5,1,3,50,50,2285,2359,5,28800,2005-08-31,"-47,53892475","-21,56470124",4326,500,1,46,1,1,Falha,0,,0,0,,
1,5,1,3,51,51,2286,2360,5,28801,2005-08-31,"-47,53725543","-21,56472665",4326,500,1,1,1,0,Normal,"23,49",,0,1,"28,06","28,06"
1,5,1,3,51,51,2287,2361,5,28801,2005-08-31,"-47,53725543","-21,56472665",4326,500,1,2,1,0,Normal,"18,97",,0,1,"26,06","26,06"
1,5,1,3,51,51,2288,2362,5,28801,2005-08-31,"-47,53725543","-21,56472665",4326,500,1,3,1,0,Normal,"19,35",,0,1,"26,26","26,26"
1,5,1,3,51,51,2289,2363,5,28801,2005-08-31,"-47,53725543","-21,56472665",4326,500,1,4,1,1,Falha,0,,0,0,,
1,5,1,3,51,51,2290,2364,5,28801,2005-08-31,"-47,53725543","-21,56472665",4326,500,1,5,1,2,Dominante,"24,76","28,6",1,1,"28,51","28,6"
1,5,1,3,51,51,2291,2365,5,28801,2005-08-31,"-47,53725543","-21,56472665",4326,500,1,6,1,2,Dominante,"25,15","27,8",1,1,"28,64","27,8"
1,5,1,3,51,51,2292,2366,5,28801,2005-08-31,"-47,53725543","-21,56472665",4326,500,1,7,1,0,Normal,"5,41",,0,1,"9,94","9,94"
1,5,1,3,51,51,2293,2367,5,28801,2005-08-31,"-47,53725543","-21,56472665",4326,500,1,8,1,0,Normal,"21,1",,0,1,"27,09","27,09"
1,5,1,3,51,51,2294,2368,5,28801,2005-08-31,"-47,53725543","-21,56472665",4326,500,1,9,1,0,Normal,"23,05",,0,1,"27,9","27,9"
1,5,1,3,51,51,2295,2369,5,28801,2005-08-31,"-47,53725543","-21,56472665",4326,500,1,10,1,0,Normal,"21,9",,0,1,"27,44","27,44"
1,5,1,3,51,51,2296,2370,5,28801,2005-08-31,"-47,53725543","-21,56472665",4326,500,1,11,1,2,Dominante,"24,32","28,6",1,1,"28,36","28,6"
1,5,1,3,51,51,2297,2371,5,28801,2005-08-31,"-47,53725543","-21,56472665",4326,500,1,12,1,1,Falha,0,,0,0,,
1,5,1,3,51,51,2298,2372,5,28801,2005-08-31,"-47,53725543","-21,56472665",4326,500,1,13,1,1,Falha,0,,0,0,,
1,5,1,3,51,51,2299,2373,5,28801,2005-08-31,"-47,53725543","-21,56472665",4326,500,1,14,1,1,Falha,0,,0,0,,
1,5,1,3,51,51,2300,2374,5,28801,2005-08-31,"-47,53725543","-21,56472665",4326,500,1,15,1,0,Normal,"15,06",23,1,1,"23,59",23
1,5,1,3,51,51,2301,2375,5,28801,2005-08-31,"-47,53725543","-21,56472665",4326,500,1,16,1,0,Normal,"16,27","24,6",1,1,"24,45","24,6"
1,5,1,3,51,51,2302,2376,5,28801,2005-08-31,"-47,53725543","-21,56472665",4326,500,1,17,1,0,Normal,"18,56","24,6",1,1,"25,84","24,6"
1,5,1,3,51,51,2303,2377,5,28801,2005-08-31,"-47,53725543","-21,56472665",4326,500,1,18,1,0,Normal,"14,99",24,1,1,"23,53",24
1,5,1,3,51,51,2304,2378,5,28801,2005-08-31,"-47,53725543","-21,56472665",4326,500,1,19,1,0,Normal,"15,22","23,9",1,1,"23,71","23,9"
1,5,1,3,51,51,2305,2379,5,28801,2005-08-31,"-47,53725543","-21,56472665",4326,500,1,20,1,0,Normal,"11,97",21,1,1,"20,81",21
1,5,1,3,51,51,2306,2380,5,28801,2005-08-31,"-47,53725543","-21,56472665",4326,500,1,21,1,0,Normal,"17,44","25,9",1,1,"25,2","25,9"
1,5,1,3,51,51,2307,2381,5,28801,2005-08-31,"-47,53725543","-21,56472665",4326,500,1,22,1,0,Normal,"16,74","24,7",1,1,"24,76","24,7"
1,5,1,3,51,51,2308,2382,5,28801,2005-08-31,"-47,53725543","-21,56472665",4326,500,1,23,1,1,Falha,0,,0,0,,
1,5,1,3,51,51,2309,2383,5,28801,2005-08-31,"-47,53725543","-21,56472665",4326,500,1,24,1,0,Normal,"19,51","25,3",1,1,"26,34","25,3"
1,5,1,3,51,51,2310,2384,5,28801,2005-08-31,"-47,53725543","-21,56472665",4326,500,1,25,1,1,Falha,0,,0,0,,
1,5,1,3,51,51,2311,2385,5,28801,2005-08-31,"-47,53725543","-21,56472665",4326,500,1,26,1,0,Normal,"15,66",24,1,1,"24,03",24
1,5,1,3,51,51,2312,2386,5,28801,2005-08-31,"-47,53725543","-21,56472665",4326,500,1,27,1,7,Bifurcada Acima,"8,72",,0,1,"16,58","16,58"
1,5,1,3,51,51,2313,2387,5,28801,2005-08-31,"-47,53725543","-21,56472665",4326,500,1,28,1,0,Normal,"16,01",,0,1,"24,27","24,27"
1,5,1,3,51,51,2314,2388,5,28801,2005-08-31,"-47,53725543","-21,56472665",4326,500,1,29,1,0,Normal,"11,78",,0,1,"20,61","20,61"
1,5,1,3,51,51,2315,2389,5,28801,2005-08-31,"-47,53725543","-21,56472665",4326,500,1,30,1,0,Normal,"19,29",,0,1,"26,23","26,23"
1,5,1,3,51,51,2316,2390,5,28801,2005-08-31,"-47,53725543","-21,56472665",4326,500,1,31,1,1,Falha,0,,0,0,,
1,5,1,3,51,51,2317,2391,5,28801,2005-08-31,"-47,53725543","-21,56472665",4326,500,1,32,1,1,Falha,0,,0,0,,
1,5,1,3,51,51,2318,2392,5,28801,2005-08-31,"-47,53725543","-21,56472665",4326,500,1,33,1,1,Falha,0,,0,0,,
1,5,1,3,51,51,2319,2393,5,28801,2005-08-31,"-47,53725543","-21,56472665",4326,500,1,34,1,1,Falha,0,,0,0,,
1,5,1,3,51,51,2320,2394,5,28801,2005-08-31,"-47,53725543","-21,56472665",4326,500,1,35,1,1,Falha,0,,0,0,,
1,5,1,3,51,51,2321,2395,5,28801,2005-08-31,"-47,53725543","-21,56472665",4326,500,1,36,1,1,Falha,0,,0,0,,
1,5,1,3,51,51,2322,2396,5,28801,2005-08-31,"-47,53725543","-21,56472665",4326,500,1,37,1,0,Normal,"22,7",,0,1,"27,76","27,76"
1,5,1,3,51,51,2323,2397,5,28801,2005-08-31,"-47,53725543","-21,56472665",4326,500,1,38,1,0,Normal,"12,19",,0,1,"21,04","21,04"
1,5,1,3,51,51,2324,2398,5,28801,2005-08-31,"-47,53725543","-21,56472665",4326,500,1,39,1,1,Falha,0,,0,0,,
1,5,1,3,51,51,2325,2399,5,28801,2005-08-31,"-47,53725543","-21,56472665",4326,500,1,40,1,2,Dominante,"26,36","29,4",1,1,"29,03","29,4"
1,5,1,3,51,51,2326,2400,5,28801,2005-08-31,"-47,53725543","-21,56472665",4326,500,1,41,1,1,Falha,0,,0,0,,
1,5,1,3,51,51,2327,2401,5,28801,2005-08-31,"-47,53725543","-21,56472665",4326,500,1,42,1,0,Normal,"17,92",,0,1,"25,48","25,48"
1,5,1,3,51,51,2328,2402,5,28801,2005-08-31,"-47,53725543","-21,56472665",4326,500,1,43,1,0,Normal,"18,56",,0,1,"25,84","25,84"
1,5,1,3,51,51,2329,2403,5,28801,2005-08-31,"-47,53725543","-21,56472665",4326,500,1,44,1,0,Normal,"12,8",,0,1,"21,65","21,65"
1,5,1,3,51,51,2330,2404,5,28801,2005-08-31,"-47,53725543","-21,56472665",4326,500,1,45,1,0,Normal,"14,71",,0,1,"23,32","23,32"
1,5,1,3,51,51,2331,2405,5,28801,2005-08-31,"-47,53725543","-21,56472665",4326,500,1,46,1,2,Dominante,"24,16","29,7",1,1,"28,31","29,7"
1,5,1,3,52,52,2332,2406,5,28802,2005-08-31,"-47,5355861","-21,56475205",4326,500,1,1,1,0,Normal,"17,92",,0,1,"25,65","25,65"
1,5,1,3,52,52,2333,2407,5,28802,2005-08-31,"-47,5355861","-21,56475205",4326,500,1,2,1,0,Normal,"13,56",,0,1,"22,63","22,63"
1,5,1,3,52,52,2334,2408,5,28802,2005-08-31,"-47,5355861","-21,56475205",4326,500,1,3,1,0,Normal,"12,29",,0,1,"21,46","21,46"
1,5,1,3,52,52,2335,2409,5,28802,2005-08-31,"-47,5355861","-21,56475205",4326,500,1,4,1,0,Normal,"16,68",,0,1,"24,92","24,92"
1,5,1,3,52,52,2336,2410,5,28802,2005-08-31,"-47,5355861","-21,56475205",4326,500,1,5,1,0,Normal,"13,37",,0,1,"22,47","22,47"
1,5,1,3,52,52,2337,2411,5,28802,2005-08-31,"-47,5355861","-21,56475205",4326,500,1,6,1,0,Normal,"20,85",,0,1,"27,09","27,09"
1,5,1,3,52,52,2338,2412,5,28802,2005-08-31,"-47,5355861","-21,56475205",4326,500,1,7,1,0,Normal,"21,1",,0,1,"27,2","27,2"
1,5,1,3,52,52,2339,2413,5,28802,2005-08-31,"-47,5355861","-21,56475205",4326,500,1,8,1,0,Normal,"22,73",,0,1,"27,85","27,85"
1,5,1,3,52,52,2340,2414,5,28802,2005-08-31,"-47,5355861","-21,56475205",4326,500,1,9,1,2,Dominante,"23,97","28,5",1,1,"28,29","28,5"
1,5,1,3,52,52,2341,2415,5,28802,2005-08-31,"-47,5355861","-21,56475205",4326,500,1,10,1,0,Normal,"14,83",,0,1,"23,65","23,65"
1,5,1,3,52,52,2342,2416,5,28802,2005-08-31,"-47,5355861","-21,56475205",4326,500,1,11,1,0,Normal,"21,29",,0,1,"27,28","27,28"
1,5,1,3,52,52,2343,2417,5,28802,2005-08-31,"-47,5355861","-21,56475205",4326,500,1,12,1,0,Normal,"22,28",,0,1,"27,68","27,68"
1,5,1,3,52,52,2344,2418,5,28802,2005-08-31,"-47,5355861","-21,56475205",4326,500,1,13,1,0,Normal,"14,64",,0,1,"23,51","23,51"
1,5,1,3,52,52,2345,2419,5,28802,2005-08-31,"-47,5355861","-21,56475205",4326,500,1,14,1,1,Falha,0,,0,0,,
1,5,1,3,52,52,2346,2420,5,28802,2005-08-31,"-47,5355861","-21,56475205",4326,500,1,15,1,0,Normal,"21,9",,0,1,"27,53","27,53"
1,5,1,3,52,52,2347,2421,5,28802,2005-08-31,"-47,5355861","-21,56475205",4326,500,1,16,1,1,Falha,0,,0,0,,
1,5,1,3,52,52,2348,2422,5,28802,2005-08-31,"-47,5355861","-21,56475205",4326,500,1,17,1,2,Dominante,"25,02",28,1,1,"28,64",28
1,5,1,3,52,52,2349,2423,5,28802,2005-08-31,"-47,5355861","-21,56475205",4326,500,1,18,1,0,Normal,"18,49",,0,1,"25,96","25,96"
1,5,1,3,52,52,2350,2424,5,28802,2005-08-31,"-47,5355861","-21,56475205",4326,500,1,19,1,0,Normal,"17,06",,0,1,"25,15","25,15"
1,5,1,3,52,52,2351,2425,5,28802,2005-08-31,"-47,5355861","-21,56475205",4326,500,1,20,1,0,Normal,"19,19",,0,1,"26,32","26,32"
1,5,1,3,52,52,2352,2426,5,28802,2005-08-31,"-47,5355861","-21,56475205",4326,500,1,21,1,0,Normal,"23,05",,0,1,"27,97","27,97"
1,5,1,3,52,52,2353,2427,5,28802,2005-08-31,"-47,5355861","-21,56475205",4326,500,1,22,1,2,Dominante,"24,92","28,5",1,1,"28,61","28,5"
1,5,1,3,52,52,2354,2428,5,28802,2005-08-31,"-47,5355861","-21,56475205",4326,500,1,23,1,0,Normal,"12,61",22,1,1,"21,78",22
1,5,1,3,52,52,2355,2429,5,28802,2005-08-31,"-47,5355861","-21,56475205",4326,500,1,24,1,0,Normal,"19,51","26,6",1,1,"26,47","26,6"
1,5,1,3,52,52,2356,2430,5,28802,2005-08-31,"-47,5355861","-21,56475205",4326,500,1,25,1,2,Dominante,"24,29","28,4",1,1,"28,4","28,4"
1,5,1,3,52,52,2357,2431,5,28802,2005-08-31,"-47,5355861","-21,56475205",4326,500,1,26,1,0,Normal,"23,05","28,5",1,1,"27,97","28,5"
1,5,1,3,52,52,2358,2432,5,28802,2005-08-31,"-47,5355861","-21,56475205",4326,500,1,27,1,0,Normal,"11,78","20,5",1,1,"20,94","20,5"
1,5,1,3,52,52,2359,2433,5,28802,2005-08-31,"-47,5355861","-21,56475205",4326,500,1,28,1,2,Dominante,"25,78","28,7",1,1,"28,88","28,7"
1,5,1,3,52,52,2360,2434,5,28802,2005-08-31,"-47,5355861","-21,56475205",4326,500,1,29,1,0,Normal,"21,96","27,5",1,1,"27,55","27,5"
1,5,1,3,52,52,2361,2435,5,28802,2005-08-31,"-47,5355861","-21,56475205",4326,500,1,30,1,0,Normal,"21,1","26,8",1,1,"27,2","26,8"
1,5,1,3,52,52,2362,2436,5,28802,2005-08-31,"-47,5355861","-21,56475205",4326,500,1,31,1,1,Falha,0,,0,0,,
1,5,1,3,52,52,2363,2437,5,28802,2005-08-31,"-47,5355861","-21,56475205",4326,500,1,32,1,1,Falha,0,,0,0,,
1,5,1,3,52,52,2364,2438,5,28802,2005-08-31,"-47,5355861","-21,56475205",4326,500,1,33,1,1,Falha,0,,0,0,,
1,5,1,3,52,52,2365,2439,5,28802,2005-08-31,"-47,5355861","-21,56475205",4326,500,1,34,1,1,Falha,0,,0,0,,
1,5,1,3,52,52,2366,2440,5,28802,2005-08-31,"-47,5355861","-21,56475205",4326,500,1,35,1,1,Falha,0,,0,0,,
1,5,1,3,52,52,2367,2441,5,28802,2005-08-31,"-47,5355861","-21,56475205",4326,500,1,36,1,0,Normal,"16,97","25,8",1,1,"25,1","25,8"
1,5,1,3,52,52,2368,2442,5,28802,2005-08-31,"-47,5355861","-21,56475205",4326,500,1,37,1,0,Normal,"20,69",,0,1,"27,02","27,02"
1,5,1,3,52,52,2369,2443,5,28802,2005-08-31,"-47,5355861","-21,56475205",4326,500,1,38,1,1,Falha,0,,0,0,,
1,5,1,3,52,52,2370,2444,5,28802,2005-08-31,"-47,5355861","-21,56475205",4326,500,1,39,1,0,Normal,"22,92",,0,1,"27,92","27,92"
1,5,1,3,52,52,2371,2445,5,28802,2005-08-31,"-47,5355861","-21,56475205",4326,500,1,40,1,0,Normal,"21,42",,0,1,"27,33","27,33"
1,5,1,3,52,52,2372,2446,5,28802,2005-08-31,"-47,5355861","-21,56475205",4326,500,1,41,1,0,Normal,"22,54",,0,1,"27,78","27,78"
1,5,1,3,52,52,2373,2447,5,28802,2005-08-31,"-47,5355861","-21,56475205",4326,500,1,42,1,0,Normal,"20,5",,0,1,"26,93","26,93"
1,5,1,3,52,52,2374,2448,5,28802,2005-08-31,"-47,5355861","-21,56475205",4326,500,1,43,1,0,Normal,"20,59",,0,1,"26,97","26,97"
1,5,1,3,52,52,2375,2449,5,28802,2005-08-31,"-47,5355861","-21,56475205",4326,500,1,44,1,0,Normal,"19,83",,0,1,"26,63","26,63"
1,5,1,3,52,52,2376,2450,5,28802,2005-08-31,"-47,5355861","-21,56475205",4326,500,1,45,1,0,Normal,"18,78",,0,1,"26,11","26,11"
1,5,1,3,52,52,2377,2451,5,28802,2005-08-31,"-47,5355861","-21,56475205",4326,500,1,46,1,0,Normal,"18,4",,0,1,"25,91","25,91"
1,5,1,3,52,52,2378,2452,5,28802,2005-08-31,"-47,5355861","-21,56475205",4326,500,1,47,1,0,Normal,"18,24",,0,1,"25,82","25,82"
1,5,1,3,52,52,2379,2453,5,28802,2005-08-31,"-47,5355861","-21,56475205",4326,500,1,48,1,0,Normal,"17,38",,0,1,"25,34","25,34"
1,5,1,3,53,53,2380,2454,5,28803,2005-08-31,"-47,53728261","-21,56628814",4326,500,1,1,1,0,Normal,"8,69",,0,1,"17,21","17,21"
1,5,1,3,53,53,2381,2455,5,28803,2005-08-31,"-47,53728261","-21,56628814",4326,500,1,2,1,0,Normal,"15,5",,0,1,"24,31","24,31"
1,5,1,3,53,53,2382,2456,5,28803,2005-08-31,"-47,53728261","-21,56628814",4326,500,1,3,1,0,Normal,"12,8",,0,1,"22,15","22,15"
1,5,1,3,53,53,2383,2457,5,28803,2005-08-31,"-47,53728261","-21,56628814",4326,500,1,4,1,0,Normal,"19,1",,0,1,"26,42","26,42"
1,5,1,3,53,53,2384,2458,5,28803,2005-08-31,"-47,53728261","-21,56628814",4326,500,1,5,1,0,Normal,"15,79",,0,1,"24,51","24,51"
1,5,1,3,53,53,2385,2459,5,28803,2005-08-31,"-47,53728261","-21,56628814",4326,500,1,6,1,0,Normal,"16,93",,0,1,"25,23","25,23"
1,5,1,3,53,53,2386,2460,5,28803,2005-08-31,"-47,53728261","-21,56628814",4326,500,1,7,1,0,Normal,"18,56",,0,1,"26,14","26,14"
1,5,1,3,53,53,2387,2461,5,28803,2005-08-31,"-47,53728261","-21,56628814",4326,500,1,8,1,1,Falha,0,,0,0,,
1,5,1,3,53,53,2388,2462,5,28803,2005-08-31,"-47,53728261","-21,56628814",4326,500,1,9,1,0,Normal,"11,87",,0,1,"21,24","21,24"
1,5,1,3,53,53,2389,2463,5,28803,2005-08-31,"-47,53728261","-21,56628814",4326,500,1,10,1,0,Normal,"15,63",,0,1,"24,4","24,4"
1,5,1,3,53,53,2390,2464,5,28803,2005-08-31,"-47,53728261","-21,56628814",4326,500,1,11,1,0,Normal,"13,75",,0,1,"22,98","22,98"
1,5,1,3,53,53,2391,2465,5,28803,2005-08-31,"-47,53728261","-21,56628814",4326,500,1,12,1,0,Normal,"17,48",,0,1,"25,55","25,55"
1,5,1,3,53,53,2392,2466,5,28803,2005-08-31,"-47,53728261","-21,56628814",4326,500,1,13,1,0,Normal,"21,26",,0,1,"27,4","27,4"
1,5,1,3,53,53,2393,2467,5,28803,2005-08-31,"-47,53728261","-21,56628814",4326,500,1,14,1,2,Dominante,"23,01","28,3",1,1,"28,07","28,3"
1,5,1,3,53,53,2394,2468,5,28803,2005-08-31,"-47,53728261","-21,56628814",4326,500,1,15,1,0,Normal,"10,63",,0,1,"19,86","19,86"
1,5,1,3,53,53,2395,2469,5,28803,2005-08-31,"-47,53728261","-21,56628814",4326,500,1,16,1,0,Normal,"19,51",,0,1,"26,62","26,62"
1,5,1,3,53,53,2396,2470,5,28803,2005-08-31,"-47,53728261","-21,56628814",4326,500,1,17,1,0,Normal,"16,55",,0,1,25,25
1,5,1,3,53,53,2397,2471,5,28803,2005-08-31,"-47,53728261","-21,56628814",4326,500,1,18,1,0,Normal,"17,63",,0,1,"25,64","25,64"
1,5,1,3,53,53,2398,2472,5,28803,2005-08-31,"-47,53728261","-21,56628814",4326,500,1,19,1,0,Normal,"18,14",,0,1,"25,92","25,92"
1,5,1,3,53,53,2399,2473,5,28803,2005-08-31,"-47,53728261","-21,56628814",4326,500,1,20,1,0,Normal,"20,85",,0,1,"27,22","27,22"
1,5,1,3,53,53,2400,2474,5,28803,2005-08-31,"-47,53728261","-21,56628814",4326,500,1,21,1,0,Normal,"13,91",,0,1,"23,11","23,11"
1,5,1,3,53,53,2401,2475,5,28803,2005-08-31,"-47,53728261","-21,56628814",4326,500,1,22,1,2,Dominante,"22,82","29,7",1,1,28,"29,7"
1,5,1,3,53,53,2402,2476,5,28803,2005-08-31,"-47,53728261","-21,56628814",4326,500,1,23,1,1,Falha,0,,0,0,,
1,5,1,3,53,53,2403,2477,5,28803,2005-08-31,"-47,53728261","-21,56628814",4326,500,1,24,1,1,Falha,0,,0,0,,
1,5,1,3,53,53,2404,2478,5,28803,2005-08-31,"-47,53728261","-21,56628814",4326,500,1,25,1,2,Dominante,"23,3","30,2",1,1,"28,18","30,2"
1,5,1,3,53,53,2405,2479,5,28803,2005-08-31,"-47,53728261","-21,56628814",4326,500,1,26,1,6,Morta,"8,21",,0,0,"16,43","16,43"
1,5,1,3,53,53,2406,2480,5,28803,2005-08-31,"-47,53728261","-21,56628814",4326,500,1,27,1,0,Normal,"19,1",26,1,1,"26,42",26
1,5,1,3,53,53,2407,2481,5,28803,2005-08-31,"-47,53728261","-21,56628814",4326,500,1,28,1,5,Inclinadas,"10,85",,0,1,"20,12","20,12"
1,5,1,3,53,53,2408,2482,5,28803,2005-08-31,"-47,53728261","-21,56628814",4326,500,1,29,1,2,Dominante,"23,3","27,5",1,1,"28,18","27,5"
1,5,1,3,53,53,2409,2483,5,28803,2005-08-31,"-47,53728261","-21,56628814",4326,500,1,30,1,0,Normal,"20,85","26,3",1,1,"27,22","26,3"
1,5,1,3,53,53,2410,2484,5,28803,2005-08-31,"-47,53728261","-21,56628814",4326,500,1,31,1,0,Normal,"12,16","21,5",1,1,"21,54","21,5"
1,5,1,3,53,53,2411,2485,5,28803,2005-08-31,"-47,53728261","-21,56628814",4326,500,1,32,1,0,Normal,"17,6","26,1",1,1,"25,62","26,1"
1,5,1,3,53,53,2412,2486,5,28803,2005-08-31,"-47,53728261","-21,56628814",4326,500,1,33,1,0,Normal,"16,81","25,5",1,1,"25,16","25,5"
1,5,1,3,53,53,2413,2487,5,28803,2005-08-31,"-47,53728261","-21,56628814",4326,500,1,34,1,0,Normal,"19,42","25,9",1,1,"26,57","25,9"
1,5,1,3,53,53,2414,2488,5,28803,2005-08-31,"-47,53728261","-21,56628814",4326,500,1,35,1,0,Normal,"13,11","22,8",1,1,"22,43","22,8"
1,5,1,3,53,53,2415,2489,5,28803,2005-08-31,"-47,53728261","-21,56628814",4326,500,1,36,1,0,Normal,"16,55",25,1,1,25,25
1,5,1,3,53,53,2416,2490,5,28803,2005-08-31,"-47,53728261","-21,56628814",4326,500,1,37,1,0,Normal,"19,7",25,1,1,"26,71",25
1,5,1,3,53,53,2417,2491,5,28803,2005-08-31,"-47,53728261","-21,56628814",4326,500,1,38,1,1,Falha,0,,0,0,,
1,5,1,3,53,53,2418,2492,5,28803,2005-08-31,"-47,53728261","-21,56628814",4326,500,1,39,1,0,Normal,"18,68",,0,1,"26,2","26,2"
1,5,1,3,53,53,2419,2493,5,28803,2005-08-31,"-47,53728261","-21,56628814",4326,500,1,40,1,1,Falha,0,,0,0,,
1,5,1,3,53,53,2420,2494,5,28803,2005-08-31,"-47,53728261","-21,56628814",4326,500,1,41,1,0,Normal,"20,88",,0,1,"27,24","27,24"
1,5,1,3,53,53,2421,2495,5,28803,2005-08-31,"-47,53728261","-21,56628814",4326,500,1,42,1,0,Normal,"13,24",,0,1,"22,55","22,55"
1,5,1,3,53,53,2422,2496,5,28803,2005-08-31,"-47,53728261","-21,56628814",4326,500,1,43,1,0,Normal,"20,63",,0,1,"27,13","27,13"
1,5,1,3,53,53,2423,2497,5,28803,2005-08-31,"-47,53728261","-21,56628814",4326,500,1,44,1,2,Dominante,"22,06",27,1,1,"27,72",27
1,5,1,3,53,53,2424,2498,5,28803,2005-08-31,"-47,53728261","-21,56628814",4326,500,1,45,1,0,Normal,"18,27",,0,1,"25,99","25,99"
1,5,1,3,53,53,2425,2499,5,28803,2005-08-31,"-47,53728261","-21,56628814",4326,500,1,46,1,0,Normal,"16,58",,0,1,"25,02","25,02"
1,5,1,3,53,53,2426,2500,5,28803,2005-08-31,"-47,53728261","-21,56628814",4326,500,1,47,1,0,Normal,"18,59",,0,1,"26,16","26,16"
1,5,1,3,53,53,2427,2501,5,28803,2005-08-31,"-47,53728261","-21,56628814",4326,500,1,48,1,0,Normal,"19,89",,0,1,"26,79","26,79"
1,5,1,3,53,53,2428,2502,5,28803,2005-08-31,"-47,53728261","-21,56628814",4326,500,1,49,1,0,Normal,"12,54",,0,1,"21,91","21,91"
1,5,1,3,53,53,2429,2503,5,28803,2005-08-31,"-47,53728261","-21,56628814",4326,500,1,50,1,1,Falha,0,,0,0,,
1,5,1,3,53,53,2430,2504,5,28803,2005-08-31,"-47,53728261","-21,56628814",4326,500,1,51,1,0,Normal,"20,75",,0,1,"27,18","27,18"
1,5,1,3,53,53,2431,2505,5,28803,2005-08-31,"-47,53728261","-21,56628814",4326,500,1,52,1,0,Normal,"16,27",,0,1,"24,82","24,82"
1,5,1,3,54,54,2432,2506,5,28804,2005-08-31,"-47,53564222","-21,5663131",4326,500,1,1,1,0,Normal,"17,98",,0,1,"26,15","26,15"
1,5,1,3,54,54,2433,2507,5,28804,2005-08-31,"-47,53564222","-21,5663131",4326,500,1,2,1,0,Normal,"16,49",,0,1,"25,51","25,51"
1,5,1,3,54,54,2434,2508,5,28804,2005-08-31,"-47,53564222","-21,5663131",4326,500,1,3,1,0,Normal,"17,22",,0,1,"25,84","25,84"
1,5,1,3,54,54,2435,2509,5,28804,2005-08-31,"-47,53564222","-21,5663131",4326,500,1,4,1,0,Normal,"19,32",,0,1,"26,64","26,64"
1,5,1,3,54,54,2436,2510,5,28804,2005-08-31,"-47,53564222","-21,5663131",4326,500,1,5,1,0,Normal,"15,5",,0,1,"25,03","25,03"
1,5,1,3,54,54,2437,2511,5,28804,2005-08-31,"-47,53564222","-21,5663131",4326,500,1,6,1,1,Falha,0,,0,0,,
1,5,1,3,54,54,2438,2512,5,28804,2005-08-31,"-47,53564222","-21,5663131",4326,500,1,7,1,0,Normal,"18,88",,0,1,"26,49","26,49"
1,5,1,3,54,54,2439,2513,5,28804,2005-08-31,"-47,53564222","-21,5663131",4326,500,1,8,1,0,Normal,"20,75",,0,1,"27,11","27,11"
1,5,1,3,54,54,2440,2514,5,28804,2005-08-31,"-47,53564222","-21,5663131",4326,500,1,9,1,2,Dominante,"23,87","27,7",1,1,"27,96","27,7"
1,5,1,3,54,54,2441,2515,5,28804,2005-08-31,"-47,53564222","-21,5663131",4326,500,1,10,1,0,Normal,"22,19",,0,1,"27,53","27,53"
1,5,1,3,54,54,2442,2516,5,28804,2005-08-31,"-47,53564222","-21,5663131",4326,500,1,11,1,0,Normal,"19,1",,0,1,"26,57","26,57"
1,5,1,3,54,54,2443,2517,5,28804,2005-08-31,"-47,53564222","-21,5663131",4326,500,1,12,1,0,Normal,"20,5",,0,1,"27,03","27,03"
1,5,1,3,54,54,2444,2518,5,28804,2005-08-31,"-47,53564222","-21,5663131",4326,500,1,13,1,0,Normal,"12,06",,0,1,"22,88","22,88"
1,5,1,3,54,54,2445,2519,5,28804,2005-08-31,"-47,53564222","-21,5663131",4326,500,1,14,1,0,Normal,"13,15",,0,1,"23,66","23,66"
1,5,1,3,54,54,2446,2520,5,28804,2005-08-31,"-47,53564222","-21,5663131",4326,500,1,15,1,0,Normal,"16,52",,0,1,"25,53","25,53"
1,5,1,3,54,54,2447,2521,5,28804,2005-08-31,"-47,53564222","-21,5663131",4326,500,1,16,1,0,Normal,"14,96",,0,1,"24,75","24,75"
1,5,1,3,54,54,2448,2522,5,28804,2005-08-31,"-47,53564222","-21,5663131",4326,500,1,17,1,1,Falha,0,,0,0,,
1,5,1,3,54,54,2449,2523,5,28804,2005-08-31,"-47,53564222","-21,5663131",4326,500,1,18,1,0,Normal,"13,18",,0,1,"23,68","23,68"
1,5,1,3,54,54,2450,2524,5,28804,2005-08-31,"-47,53564222","-21,5663131",4326,500,1,19,1,0,Normal,"15,98",,0,1,"25,27","25,27"
1,5,1,3,54,54,2451,2525,5,28804,2005-08-31,"-47,53564222","-21,5663131",4326,500,1,20,1,0,Normal,"19,23",,0,1,"26,61","26,61"
1,5,1,3,54,54,2452,2526,5,28804,2005-08-31,"-47,53564222","-21,5663131",4326,500,1,21,1,1,Falha,0,,0,0,,
1,5,1,3,54,54,2453,2527,5,28804,2005-08-31,"-47,53564222","-21,5663131",4326,500,1,22,1,2,Dominante,"25,21","28,9",1,1,"28,27","28,9"
1,5,1,3,54,54,2454,2528,5,28804,2005-08-31,"-47,53564222","-21,5663131",4326,500,1,23,1,0,Normal,"19,16","26,1",1,1,"26,59","26,1"
1,5,1,3,54,54,2455,2529,5,28804,2005-08-31,"-47,53564222","-21,5663131",4326,500,1,24,1,1,Falha,0,,0,0,,
1,5,1,3,54,54,2456,2530,5,28804,2005-08-31,"-47,53564222","-21,5663131",4326,500,1,25,1,2,Dominante,"23,62","26,7",1,1,"27,9","26,7"
1,5,1,3,54,54,2456,2531,5,28804,2005-08-31,"-47,53564222","-21,5663131",4326,500,1,25,2,0,Normal,"22,98","26,1",1,1,"27,74","26,1"
1,5,1,3,54,54,2457,2532,5,28804,2005-08-31,"-47,53564222","-21,5663131",4326,500,1,26,1,0,Normal,"3,5","8,5",1,1,"8,5","8,5"
1,5,1,3,54,54,2458,2533,5,28804,2005-08-31,"-47,53564222","-21,5663131",4326,500,1,27,1,0,Normal,"20,21","27,3",1,1,"26,94","27,3"
1,5,1,3,54,54,2459,2534,5,28804,2005-08-31,"-47,53564222","-21,5663131",4326,500,1,28,1,2,Dominante,"23,05","28,5",1,1,"27,76","28,5"
1,5,1,3,54,54,2460,2535,5,28804,2005-08-31,"-47,53564222","-21,5663131",4326,500,1,29,1,2,Dominante,"23,08","28,4",1,1,"27,76","28,4"
1,5,1,3,54,54,2461,2536,5,28804,2005-08-31,"-47,53564222","-21,5663131",4326,500,1,30,1,0,Normal,"14,55","23,8",1,1,"24,52","23,8"
1,5,1,3,54,54,2462,2537,5,28804,2005-08-31,"-47,53564222","-21,5663131",4326,500,1,31,1,0,Normal,"20,91","27,2",1,1,"27,16","27,2"
1,5,1,3,54,54,2463,2538,5,28804,2005-08-31,"-47,53564222","-21,5663131",4326,500,1,32,1,0,Normal,"18,65","27,7",1,1,"26,4","27,7"
1,5,1,3,54,54,2464,2539,5,28804,2005-08-31,"-47,53564222","-21,5663131",4326,500,1,33,1,0,Normal,"20,12","27,6",1,1,"26,91","27,6"
1,5,1,3,54,54,2465,2540,5,28804,2005-08-31,"-47,53564222","-21,5663131",4326,500,1,34,1,0,Normal,"12,48",,0,1,"23,2","23,2"
1,5,1,3,54,54,2466,2541,5,28804,2005-08-31,"-47,53564222","-21,5663131",4326,500,1,35,1,0,Normal,"21,77",,0,1,"27,41","27,41"
1,5,1,3,54,54,2467,2542,5,28804,2005-08-31,"-47,53564222","-21,5663131",4326,500,1,36,1,0,Normal,"14,01",,0,1,"24,21","24,21"
1,5,1,3,54,54,2468,2543,5,28804,2005-08-31,"-47,53564222","-21,5663131",4326,500,1,37,1,0,Normal,"20,85",,0,1,"27,14","27,14"
1,5,1,3,54,54,2469,2544,5,28804,2005-08-31,"-47,53564222","-21,5663131",4326,500,1,38,1,0,Normal,"21,71",,0,1,"27,4","27,4"
1,5,1,3,54,54,2470,2545,5,28804,2005-08-31,"-47,53564222","-21,5663131",4326,500,1,39,1,0,Normal,"19,16",,0,1,"26,59","26,59"
1,5,1,3,54,54,2471,2546,5,28804,2005-08-31,"-47,53564222","-21,5663131",4326,500,1,40,1,1,Falha,0,,0,0,,
1,5,1,3,54,54,2472,2547,5,28804,2005-08-31,"-47,53564222","-21,5663131",4326,500,1,41,1,0,Normal,"21,93","27,7",1,1,"27,46","27,7"
1,5,1,3,54,54,2473,2548,5,28804,2005-08-31,"-47,53564222","-21,5663131",4326,500,1,42,1,0,Normal,"22,22","27,2",1,1,"27,54","27,2"
1,5,1,3,54,54,2474,2549,5,28804,2005-08-31,"-47,53564222","-21,5663131",4326,500,1,43,1,0,Normal,"15,82",,0,1,"25,19","25,19"
1,5,1,3,54,54,2475,2550,5,28804,2005-08-31,"-47,53564222","-21,5663131",4326,500,1,44,1,0,Normal,"12,92",,0,1,"23,51","23,51"
1,5,1,3,54,54,2476,2551,5,28804,2005-08-31,"-47,53564222","-21,5663131",4326,500,1,45,1,0,Normal,"18,43",,0,1,"26,32","26,32"
1,5,1,3,54,54,2477,2552,5,28804,2005-08-31,"-47,53564222","-21,5663131",4326,500,1,46,1,0,Normal,"20,05",,0,1,"26,89","26,89"
1,5,1,3,54,54,2478,2553,5,28804,2005-08-31,"-47,53564222","-21,5663131",4326,500,1,47,1,0,Normal,"14,9",,0,1,"24,72","24,72"
1,5,1,3,55,55,2479,2554,5,28805,2005-08-31,"-47,53388782","-21,56477787",4326,500,1,1,1,2,Dominante,"20,53","24,3",1,1,"24,92","24,3"
1,5,1,3,55,55,2480,2555,5,28805,2005-08-31,"-47,53388782","-21,56477787",4326,500,1,2,1,6,Morta,"6,72",,0,0,"13,86","13,86"
1,5,1,3,55,55,2481,2556,5,28805,2005-08-31,"-47,53388782","-21,56477787",4326,500,1,3,1,3,Bifurcada Abaixo,"16,97",,0,1,"23,47","23,47"
1,5,1,3,55,55,2481,2557,5,28805,2005-08-31,"-47,53388782","-21,56477787",4326,500,1,3,2,3,Bifurcada Abaixo,"10,03",,0,1,"18,49","18,49"
1,5,1,3,55,55,2482,2558,5,28805,2005-08-31,"-47,53388782","-21,56477787",4326,500,1,4,1,3,Bifurcada Abaixo,"13,69",,0,1,"21,61","21,61"
1,5,1,3,55,55,2482,2559,5,28805,2005-08-31,"-47,53388782","-21,56477787",4326,500,1,4,2,5,Inclinadas,"7,73",,0,1,"15,54","15,54"
1,5,1,3,55,55,2483,2560,5,28805,2005-08-31,"-47,53388782","-21,56477787",4326,500,1,5,1,0,Normal,"17,13",,0,1,"23,55","23,55"
1,5,1,3,55,55,2484,2561,5,28805,2005-08-31,"-47,53388782","-21,56477787",4326,500,1,6,1,0,Normal,"16,58",,0,1,"23,28","23,28"
1,5,1,3,55,55,2485,2562,5,28805,2005-08-31,"-47,53388782","-21,56477787",4326,500,1,7,1,0,Normal,"14,2",,0,1,"21,94","21,94"
1,5,1,3,55,55,2486,2563,5,28805,2005-08-31,"-47,53388782","-21,56477787",4326,500,1,8,1,0,Normal,"17,6",,0,1,"23,76","23,76"
1,5,1,3,55,55,2487,2564,5,28805,2005-08-31,"-47,53388782","-21,56477787",4326,500,1,9,1,0,Normal,"19,16",,0,1,"24,42","24,42"
1,5,1,3,55,55,2488,2565,5,28805,2005-08-31,"-47,53388782","-21,56477787",4326,500,1,10,1,0,Normal,"14,87",,0,1,"22,35","22,35"
1,5,1,3,55,55,2489,2566,5,28805,2005-08-31,"-47,53388782","-21,56477787",4326,500,1,11,1,3,Bifurcada Abaixo,"17,6",,0,1,"23,76","23,76"
1,5,1,3,55,55,2489,2567,5,28805,2005-08-31,"-47,53388782","-21,56477787",4326,500,1,11,2,2,Dominante,"22,66","25,2",1,1,"25,6","25,2"
1,5,1,3,55,55,2490,2568,5,28805,2005-08-31,"-47,53388782","-21,56477787",4326,500,1,12,1,0,Normal,"16,39",,0,1,"23,19","23,19"
1,5,1,3,55,55,2491,2569,5,28805,2005-08-31,"-47,53388782","-21,56477787",4326,500,1,13,1,0,Normal,"17,03",,0,1,"23,5","23,5"
1,5,1,3,55,55,2492,2570,5,28805,2005-08-31,"-47,53388782","-21,56477787",4326,500,1,14,1,0,Normal,"17,25",,0,1,"23,6","23,6"
1,5,1,3,55,55,2493,2571,5,28805,2005-08-31,"-47,53388782","-21,56477787",4326,500,1,15,1,2,Dominante,"20,88","25,5",1,1,"25,04","25,5"
1,5,1,3,55,55,2494,2572,5,28805,2005-08-31,"-47,53388782","-21,56477787",4326,500,1,16,1,0,Normal,"19,89",,0,1,"24,69","24,69"
1,5,1,3,55,55,2495,2573,5,28805,2005-08-31,"-47,53388782","-21,56477787",4326,500,1,17,1,3,Bifurcada Abaixo,"11,94",,0,1,"20,29","20,29"
1,5,1,3,55,55,2495,2574,5,28805,2005-08-31,"-47,53388782","-21,56477787",4326,500,1,17,2,3,Bifurcada Abaixo,"15,12",,0,1,"22,5","22,5"
1,5,1,3,55,55,2496,2575,5,28805,2005-08-31,"-47,53388782","-21,56477787",4326,500,1,18,1,6,Morta,"8,5",,0,0,"16,64","16,64"
1,5,1,3,55,55,2497,2576,5,28805,2005-08-31,"-47,53388782","-21,56477787",4326,500,1,19,1,0,Normal,"17,13","23,2",1,1,"23,55","23,2"
1,5,1,3,55,55,2498,2577,5,28805,2005-08-31,"-47,53388782","-21,56477787",4326,500,1,20,1,0,Normal,"17,57","24,4",1,1,"23,75","24,4"
1,5,1,3,55,55,2499,2578,5,28805,2005-08-31,"-47,53388782","-21,56477787",4326,500,1,21,1,3,Bifurcada Abaixo,"17,6","24,6",1,1,"23,76","24,6"
1,5,1,3,55,55,2499,2579,5,28805,2005-08-31,"-47,53388782","-21,56477787",4326,500,1,21,2,3,Bifurcada Abaixo,"15,06",24,1,1,"22,47",24
1,5,1,3,55,55,2500,2580,5,28805,2005-08-31,"-47,53388782","-21,56477787",4326,500,1,22,1,0,Normal,"18,08",23,1,1,"23,97",23
1,5,1,3,55,55,2501,2581,5,28805,2005-08-31,"-47,53388782","-21,56477787",4326,500,1,23,1,0,Normal,"10,38","18,5",1,1,"18,85","18,5"
1,5,1,3,55,55,2502,2582,5,28805,2005-08-31,"-47,53388782","-21,56477787",4326,500,1,24,1,5,Inclinadas,"7,23",,0,1,"14,74","14,74"
1,5,1,3,55,55,2502,2583,5,28805,2005-08-31,"-47,53388782","-21,56477787",4326,500,1,24,2,3,Bifurcada Abaixo,"14,39","21,8",1,1,"22,06","21,8"
1,5,1,3,55,55,2503,2584,5,28805,2005-08-31,"-47,53388782","-21,56477787",4326,500,1,25,1,0,Normal,"15,15",22,1,1,"22,52",22
1,5,1,3,55,55,2504,2585,5,28805,2005-08-31,"-47,53388782","-21,56477787",4326,500,1,26,1,2,Dominante,"19,99","24,2",1,1,"24,73","24,2"
1,5,1,3,55,55,2505,2586,5,28805,2005-08-31,"-47,53388782","-21,56477787",4326,500,1,27,1,0,Normal,"17,51","24,4",1,1,"23,72","24,4"
1,5,1,3,55,55,2506,2587,5,28805,2005-08-31,"-47,53388782","-21,56477787",4326,500,1,28,1,3,Bifurcada Abaixo,"18,24","23,9",1,1,"24,04","23,9"
1,5,1,3,55,55,2506,2588,5,28805,2005-08-31,"-47,53388782","-21,56477787",4326,500,1,28,2,5,Inclinadas,"7,73",,0,1,"15,54","15,54"
1,5,1,3,55,55,2507,2589,5,28805,2005-08-31,"-47,53388782","-21,56477787",4326,500,1,29,1,0,Normal,"17,63",,0,1,"23,78","23,78"
1,5,1,3,55,55,2508,2590,5,28805,2005-08-31,"-47,53388782","-21,56477787",4326,500,1,30,1,3,Bifurcada Abaixo,"16,33",,0,1,"23,16","23,16"
1,5,1,3,55,55,2508,2591,5,28805,2005-08-31,"-47,53388782","-21,56477787",4326,500,1,30,2,3,Bifurcada Abaixo,"11,14",,0,1,"19,59","19,59"
1,5,1,3,55,55,2509,2592,5,28805,2005-08-31,"-47,53388782","-21,56477787",4326,500,1,31,1,0,Normal,"18,33",,0,1,"24,08","24,08"
1,5,1,3,55,55,2510,2593,5,28805,2005-08-31,"-47,53388782","-21,56477787",4326,500,1,32,1,0,Normal,"17,6",,0,1,"23,76","23,76"
1,5,1,3,55,55,2511,2594,5,28805,2005-08-31,"-47,53388782","-21,56477787",4326,500,1,33,1,0,Normal,"18,24",,0,1,"24,04","24,04"
1,5,1,3,55,55,2512,2595,5,28805,2005-08-31,"-47,53388782","-21,56477787",4326,500,1,34,1,0,Normal,"16,04",,0,1,"23,01","23,01"
1,5,1,3,55,55,2513,2596,5,28805,2005-08-31,"-47,53388782","-21,56477787",4326,500,1,35,1,0,Normal,"17,83",,0,1,"23,87","23,87"
1,5,1,3,55,55,2514,2597,5,28805,2005-08-31,"-47,53388782","-21,56477787",4326,500,1,36,1,3,Bifurcada Abaixo,"13,24",,0,1,"21,3","21,3"
1,5,1,3,55,55,2514,2598,5,28805,2005-08-31,"-47,53388782","-21,56477787",4326,500,1,36,2,5,Inclinadas,"9,64",,0,1,"18,05","18,05"
1,5,1,3,55,55,2515,2599,5,28805,2005-08-31,"-47,53388782","-21,56477787",4326,500,1,37,1,0,Normal,"12,73",,0,1,"20,92","20,92"
1,5,1,3,55,55,2516,2600,5,28805,2005-08-31,"-47,53388782","-21,56477787",4326,500,1,38,1,0,Normal,"19,26",,0,1,"24,45","24,45"
1,5,1,3,55,55,2517,2601,5,28805,2005-08-31,"-47,53388782","-21,56477787",4326,500,1,39,1,0,Normal,"9,64",,0,1,"18,05","18,05"
1,5,1,3,55,55,2518,2602,5,28805,2005-08-31,"-47,53388782","-21,56477787",4326,500,1,40,1,0,Normal,"16,39",,0,1,"23,19","23,19"
1,5,1,3,55,55,2519,2603,5,28805,2005-08-31,"-47,53388782","-21,56477787",4326,500,1,41,1,0,Normal,"9,07",,0,1,"17,38","17,38"
1,5,1,3,55,55,2520,2604,5,28805,2005-08-31,"-47,53388782","-21,56477787",4326,500,1,42,1,0,Normal,"16,01",,0,1,"22,99","22,99"
1,5,1,3,55,55,2521,2605,5,28805,2005-08-31,"-47,53388782","-21,56477787",4326,500,1,43,1,0,Normal,"18,91",,0,1,"24,32","24,32"
1,5,1,3,55,55,2522,2606,5,28805,2005-08-31,"-47,53388782","-21,56477787",4326,500,1,44,1,0,Normal,"17,32",,0,1,"23,64","23,64"
1,5,1,3,55,55,2523,2607,5,28805,2005-08-31,"-47,53388782","-21,56477787",4326,500,1,45,1,0,Normal,"15,88",,0,1,"22,92","22,92"
1,5,1,3,55,55,2524,2608,5,28805,2005-08-31,"-47,53388782","-21,56477787",4326,500,1,46,1,0,Normal,"12,83",,0,1,21,21
1,5,1,3,55,55,2525,2609,5,28805,2005-08-31,"-47,53388782","-21,56477787",4326,500,1,47,1,2,Dominante,"20,94",25,1,1,"25,06",25
1,5,1,3,55,55,2526,2610,5,28805,2005-08-31,"-47,53388782","-21,56477787",4326,500,1,48,1,0,Normal,"15,92",,0,1,"22,94","22,94"
1,5,1,3,56,56,2527,2611,5,28806,2005-08-31,"-47,53221849","-21,56480323",4326,500,1,1,1,0,Normal,"15,66",,0,1,"22,83","22,83"
1,5,1,3,56,56,2528,2612,5,28806,2005-08-31,"-47,53221849","-21,56480323",4326,500,1,2,1,0,Normal,"12,61",,0,1,"21,05","21,05"
1,5,1,3,56,56,2529,2613,5,28806,2005-08-31,"-47,53221849","-21,56480323",4326,500,1,3,1,0,Normal,"17,35",,0,1,"23,6","23,6"
1,5,1,3,56,56,2530,2614,5,28806,2005-08-31,"-47,53221849","-21,56480323",4326,500,1,4,1,0,Normal,"19,35",,0,1,"24,35","24,35"
1,5,1,3,56,56,2531,2615,5,28806,2005-08-31,"-47,53221849","-21,56480323",4326,500,1,5,1,0,Normal,"18,43",,0,1,"24,02","24,02"
1,5,1,3,56,56,2532,2616,5,28806,2005-08-31,"-47,53221849","-21,56480323",4326,500,1,6,1,0,Normal,"17,48",,0,1,"23,65","23,65"
1,5,1,3,56,56,2533,2617,5,28806,2005-08-31,"-47,53221849","-21,56480323",4326,500,1,7,1,2,Dominante,"21,96","25,5",1,1,"25,16","25,5"
1,5,1,3,56,56,2534,2618,5,28806,2005-08-31,"-47,53221849","-21,56480323",4326,500,1,8,1,0,Normal,"15,15",,0,1,"22,58","22,58"
1,5,1,3,56,56,2535,2619,5,28806,2005-08-31,"-47,53221849","-21,56480323",4326,500,1,9,1,6,Morta,"7,96",,0,0,"16,48","16,48"
1,5,1,3,56,56,2536,2620,5,28806,2005-08-31,"-47,53221849","-21,56480323",4326,500,1,10,1,0,Normal,"19,83",,0,1,"24,51","24,51"
1,5,1,3,56,56,2537,2621,5,28806,2005-08-31,"-47,53221849","-21,56480323",4326,500,1,11,1,0,Normal,"18,62",,0,1,"24,09","24,09"
1,5,1,3,56,56,2538,2622,5,28806,2005-08-31,"-47,53221849","-21,56480323",4326,500,1,12,1,0,Normal,"19,83",,0,1,"24,51","24,51"
1,5,1,3,56,56,2539,2623,5,28806,2005-08-31,"-47,53221849","-21,56480323",4326,500,1,13,1,2,Dominante,"20,53","24,8",1,1,"24,74","24,8"
1,5,1,3,56,56,2540,2624,5,28806,2005-08-31,"-47,53221849","-21,56480323",4326,500,1,14,1,6,Morta,"9,23",,0,0,"18,05","18,05"
1,5,1,3,56,56,2541,2625,5,28806,2005-08-31,"-47,53221849","-21,56480323",4326,500,1,15,1,0,Normal,"16,33",,0,1,"23,15","23,15"
1,5,1,3,56,56,2542,2626,5,28806,2005-08-31,"-47,53221849","-21,56480323",4326,500,1,16,1,2,Dominante,"21,74",26,1,1,"25,09",26
1,5,1,3,56,56,2543,2627,5,28806,2005-08-31,"-47,53221849","-21,56480323",4326,500,1,17,1,6,Morta,"12,51",,0,0,"20,98","20,98"
1,5,1,3,56,56,2544,2628,5,28806,2005-08-31,"-47,53221849","-21,56480323",4326,500,1,18,1,2,Dominante,"20,05",25,1,1,"24,59",25
1,5,1,3,56,56,2545,2629,5,28806,2005-08-31,"-47,53221849","-21,56480323",4326,500,1,19,1,0,Normal,"18,72",25,1,1,"24,13",25
1,5,1,3,56,56,2546,2630,5,28806,2005-08-31,"-47,53221849","-21,56480323",4326,500,1,20,1,0,Normal,"19,35","25,3",1,1,"24,35","25,3"
1,5,1,3,56,56,2547,2631,5,28806,2005-08-31,"-47,53221849","-21,56480323",4326,500,1,21,1,2,Dominante,"20,24",25,1,1,"24,65",25
1,5,1,3,56,56,2548,2632,5,28806,2005-08-31,"-47,53221849","-21,56480323",4326,500,1,22,1,0,Normal,"18,08","24,4",1,1,"23,89","24,4"
1,5,1,3,56,56,2549,2633,5,28806,2005-08-31,"-47,53221849","-21,56480323",4326,500,1,23,1,0,Normal,"3,18","6,1",1,1,"6,07","6,1"
1,5,1,3,56,56,2550,2634,5,28806,2005-08-31,"-47,53221849","-21,56480323",4326,500,1,24,1,0,Normal,"17,28",22,1,1,"23,57",22
1,5,1,3,56,56,2551,2635,5,28806,2005-08-31,"-47,53221849","-21,56480323",4326,500,1,25,1,0,Normal,"17,06","23,3",1,1,"23,48","23,3"
1,5,1,3,56,56,2552,2636,5,28806,2005-08-31,"-47,53221849","-21,56480323",4326,500,1,26,1,0,Normal,"18,24","23,1",1,1,"23,95","23,1"
1,5,1,3,56,56,2553,2637,5,28806,2005-08-31,"-47,53221849","-21,56480323",4326,500,1,27,1,0,Normal,"17,32","22,5",1,1,"23,59","22,5"
1,5,1,3,56,56,2554,2638,5,28806,2005-08-31,"-47,53221849","-21,56480323",4326,500,1,28,1,1,Falha,0,,0,0,,
1,5,1,3,56,56,2555,2639,5,28806,2005-08-31,"-47,53221849","-21,56480323",4326,500,1,29,1,0,Normal,"17,6",23,1,1,"23,7",23
1,5,1,3,56,56,2556,2640,5,28806,2005-08-31,"-47,53221849","-21,56480323",4326,500,1,30,1,0,Normal,"14,51",,0,1,"22,23","22,23"
1,5,1,3,56,56,2557,2641,5,28806,2005-08-31,"-47,53221849","-21,56480323",4326,500,1,31,1,0,Normal,"19,83",,0,1,"24,51","24,51"
1,5,1,3,56,56,2558,2642,5,28806,2005-08-31,"-47,53221849","-21,56480323",4326,500,1,32,1,0,Normal,"14,74",,0,1,"22,36","22,36"
1,5,1,3,56,56,2559,2643,5,28806,2005-08-31,"-47,53221849","-21,56480323",4326,500,1,33,1,0,Normal,"19,86",,0,1,"24,52","24,52"
1,5,1,3,56,56,2560,2644,5,28806,2005-08-31,"-47,53221849","-21,56480323",4326,500,1,34,1,0,Normal,"18,4",,0,1,"24,01","24,01"
1,5,1,3,56,56,2561,2645,5,28806,2005-08-31,"-47,53221849","-21,56480323",4326,500,1,35,1,0,Normal,"18,78",,0,1,"24,15","24,15"
1,5,1,3,56,56,2562,2646,5,28806,2005-08-31,"-47,53221849","-21,56480323",4326,500,1,36,1,1,Falha,0,,0,0,,
1,5,1,3,56,56,2563,2647,5,28806,2005-08-31,"-47,53221849","-21,56480323",4326,500,1,37,1,3,Bifurcada Abaixo,"15,22",,0,1,"22,61","22,61"
1,5,1,3,56,56,2563,2648,5,28806,2005-08-31,"-47,53221849","-21,56480323",4326,500,1,37,2,3,Bifurcada Abaixo,"10,06",,0,1,"18,92","18,92"
1,5,1,3,56,56,2564,2649,5,28806,2005-08-31,"-47,53221849","-21,56480323",4326,500,1,38,1,0,Normal,"15,37",,0,1,"22,69","22,69"
1,5,1,3,56,56,2565,2650,5,28806,2005-08-31,"-47,53221849","-21,56480323",4326,500,1,39,1,0,Normal,"19,74",,0,1,"24,48","24,48"
1,5,1,3,56,56,2566,2651,5,28806,2005-08-31,"-47,53221849","-21,56480323",4326,500,1,40,1,1,Falha,0,,0,0,,
1,5,1,3,56,56,2567,2652,5,28806,2005-08-31,"-47,53221849","-21,56480323",4326,500,1,41,1,1,Falha,0,,0,0,,
1,5,1,3,56,56,2568,2653,5,28806,2005-08-31,"-47,53221849","-21,56480323",4326,500,1,42,1,0,Normal,"17,92",,0,1,"23,83","23,83"
1,5,1,3,56,56,2569,2654,5,28806,2005-08-31,"-47,53221849","-21,56480323",4326,500,1,43,1,1,Falha,0,,0,0,,
1,5,1,3,56,56,2570,2655,5,28806,2005-08-31,"-47,53221849","-21,56480323",4326,500,1,44,1,1,Falha,0,,0,0,,
1,5,1,3,56,56,2571,2656,5,28806,2005-08-31,"-47,53221849","-21,56480323",4326,500,1,45,1,1,Falha,0,,0,0,,
1,5,1,3,56,56,2572,2657,5,28806,2005-08-31,"-47,53221849","-21,56480323",4326,500,1,46,1,0,Normal,"17,89",,0,1,"23,82","23,82"
1,5,1,3,56,56,2573,2658,5,28806,2005-08-31,"-47,53221849","-21,56480323",4326,500,1,47,1,0,Normal,"19,03",,0,1,"24,24","24,24"
1,5,1,3,57,57,2574,2659,5,28807,2005-08-31,"-47,53391497","-21,56633937",4326,500,1,1,1,0,Normal,"20,15",,0,1,"25,69","25,69"
1,5,1,3,57,57,2575,2660,5,28807,2005-08-31,"-47,53391497","-21,56633937",4326,500,1,2,1,6,Morta,"10,47",,0,0,"19,86","19,86"
1,5,1,3,57,57,2576,2661,5,28807,2005-08-31,"-47,53391497","-21,56633937",4326,500,1,3,1,3,Bifurcada Abaixo,"17,73",,0,1,"24,73","24,73"
1,5,1,3,57,57,2576,2662,5,28807,2005-08-31,"-47,53391497","-21,56633937",4326,500,1,3,2,5,Inclinadas,"8,44",,0,1,"17,46","17,46"
1,5,1,3,57,57,2577,2663,5,28807,2005-08-31,"-47,53391497","-21,56633937",4326,500,1,4,1,0,Normal,"14,64",,0,1,"23,13","23,13"
1,5,1,3,57,57,2578,2664,5,28807,2005-08-31,"-47,53391497","-21,56633937",4326,500,1,5,1,0,Normal,"10,03",,0,1,"19,4","19,4"
1,5,1,3,57,57,2579,2665,5,28807,2005-08-31,"-47,53391497","-21,56633937",4326,500,1,6,1,3,Bifurcada Abaixo,"13,85",,0,1,"22,63","22,63"
1,5,1,3,57,57,2579,2666,5,28807,2005-08-31,"-47,53391497","-21,56633937",4326,500,1,6,2,3,Bifurcada Abaixo,"9,39",,0,1,"18,67","18,67"
1,5,1,3,57,57,2580,2667,5,28807,2005-08-31,"-47,53391497","-21,56633937",4326,500,1,7,1,2,Dominante,"22,66","26,9",1,1,"26,5","26,9"
1,5,1,3,57,57,2581,2668,5,28807,2005-08-31,"-47,53391497","-21,56633937",4326,500,1,8,1,0,Normal,"15,76",,0,1,"23,77","23,77"
1,5,1,3,57,57,2582,2669,5,28807,2005-08-31,"-47,53391497","-21,56633937",4326,500,1,9,1,0,Normal,"17,76",,0,1,"24,75","24,75"
1,5,1,3,57,57,2583,2670,5,28807,2005-08-31,"-47,53391497","-21,56633937",4326,500,1,10,1,0,Normal,"16,3",,0,1,"24,05","24,05"
1,5,1,3,57,57,2584,2671,5,28807,2005-08-31,"-47,53391497","-21,56633937",4326,500,1,11,1,0,Normal,"17,51",,0,1,"24,63","24,63"
1,5,1,3,57,57,2585,2672,5,28807,2005-08-31,"-47,53391497","-21,56633937",4326,500,1,12,1,0,Normal,"15,69",,0,1,"23,74","23,74"
1,5,1,3,57,57,2586,2673,5,28807,2005-08-31,"-47,53391497","-21,56633937",4326,500,1,13,1,0,Normal,"17,89",,0,1,"24,8","24,8"
1,5,1,3,57,57,2587,2674,5,28807,2005-08-31,"-47,53391497","-21,56633937",4326,500,1,14,1,0,Normal,"15,37",,0,1,"23,56","23,56"
1,5,1,3,57,57,2588,2675,5,28807,2005-08-31,"-47,53391497","-21,56633937",4326,500,1,15,1,0,Normal,"19,51",,0,1,"25,46","25,46"
1,5,1,3,57,57,2589,2676,5,28807,2005-08-31,"-47,53391497","-21,56633937",4326,500,1,16,1,3,Bifurcada Abaixo,"13,75",,0,1,"22,57","22,57"
1,5,1,3,57,57,2589,2677,5,28807,2005-08-31,"-47,53391497","-21,56633937",4326,500,1,16,2,3,Bifurcada Abaixo,"10,5",,0,1,"19,89","19,89"
1,5,1,3,57,57,2590,2678,5,28807,2005-08-31,"-47,53391497","-21,56633937",4326,500,1,17,1,2,Dominante,"20,82",26,1,1,"25,92",26
1,5,1,3,57,57,2591,2679,5,28807,2005-08-31,"-47,53391497","-21,56633937",4326,500,1,18,1,0,Normal,"15,37",,0,1,"23,56","23,56"
1,5,1,3,57,57,2592,2680,5,28807,2005-08-31,"-47,53391497","-21,56633937",4326,500,1,19,1,0,Normal,"13,62",,0,1,"22,48","22,48"
1,5,1,3,57,57,2593,2681,5,28807,2005-08-31,"-47,53391497","-21,56633937",4326,500,1,20,1,0,Normal,"8,02",,0,1,"16,86","16,86"
1,5,1,3,57,57,2594,2682,5,28807,2005-08-31,"-47,53391497","-21,56633937",4326,500,1,21,1,0,Normal,"15,98","24,1",1,1,"23,89","24,1"
1,5,1,3,57,57,2595,2683,5,28807,2005-08-31,"-47,53391497","-21,56633937",4326,500,1,22,1,0,Normal,"20,59",26,1,1,"25,84",26
1,5,1,3,57,57,2596,2684,5,28807,2005-08-31,"-47,53391497","-21,56633937",4326,500,1,23,1,0,Normal,"13,34","22,7",1,1,"22,29","22,7"
1,5,1,3,57,57,2597,2685,5,28807,2005-08-31,"-47,53391497","-21,56633937",4326,500,1,24,1,0,Normal,"12,7","22,5",1,1,"21,82","22,5"
1,5,1,3,57,57,2598,2686,5,28807,2005-08-31,"-47,53391497","-21,56633937",4326,500,1,25,1,0,Normal,"19,39","25,7",1,1,"25,41","25,7"
1,5,1,3,57,57,2599,2687,5,28807,2005-08-31,"-47,53391497","-21,56633937",4326,500,1,26,1,0,Normal,"18,24","25,4",1,1,"24,95","25,4"
1,5,1,3,57,57,2600,2688,5,28807,2005-08-31,"-47,53391497","-21,56633937",4326,500,1,27,1,8,Tombada,"9,36",,0,1,"18,64","18,64"
1,5,1,3,57,57,2601,2689,5,28807,2005-08-31,"-47,53391497","-21,56633937",4326,500,1,28,1,0,Normal,"11,62","20,3",1,1,"20,94","20,3"
1,5,1,3,57,57,2602,2690,5,28807,2005-08-31,"-47,53391497","-21,56633937",4326,500,1,29,1,0,Normal,"13,88",22,1,1,"22,65",22
1,5,1,3,57,57,2603,2691,5,28807,2005-08-31,"-47,53391497","-21,56633937",4326,500,1,30,1,2,Dominante,"23,11","25,8",1,1,"26,62","25,8"
1,5,1,3,57,57,2604,2692,5,28807,2005-08-31,"-47,53391497","-21,56633937",4326,500,1,31,1,0,Normal,"17,44","24,7",1,1,"24,6","24,7"
1,5,1,3,57,57,2605,2693,5,28807,2005-08-31,"-47,53391497","-21,56633937",4326,500,1,32,1,0,Normal,"20,53","25,5",1,1,"25,82","25,5"
1,5,1,3,57,57,2606,2694,5,28807,2005-08-31,"-47,53391497","-21,56633937",4326,500,1,33,1,0,Normal,"12,25",,0,1,"21,47","21,47"
1,5,1,3,57,57,2607,2695,5,28807,2005-08-31,"-47,53391497","-21,56633937",4326,500,1,34,1,0,Normal,"15,85",,0,1,"23,82","23,82"
1,5,1,3,57,57,2608,2696,5,28807,2005-08-31,"-47,53391497","-21,56633937",4326,500,1,35,1,2,Dominante,"22,09","26,3",1,1,"26,33","26,3"
1,5,1,3,57,57,2609,2697,5,28807,2005-08-31,"-47,53391497","-21,56633937",4326,500,1,36,1,0,Normal,"14,48",,0,1,"23,04","23,04"
1,5,1,3,57,57,2610,2698,5,28807,2005-08-31,"-47,53391497","-21,56633937",4326,500,1,37,1,0,Normal,"20,05",,0,1,"25,65","25,65"
1,5,1,3,57,57,2611,2699,5,28807,2005-08-31,"-47,53391497","-21,56633937",4326,500,1,38,1,5,Inclinadas,"10,85",,0,1,"20,23","20,23"
1,5,1,3,57,57,2611,2700,5,28807,2005-08-31,"-47,53391497","-21,56633937",4326,500,1,38,2,5,Inclinadas,"6,59",,0,1,"14,48","14,48"
1,5,1,3,57,57,2611,2701,5,28807,2005-08-31,"-47,53391497","-21,56633937",4326,500,1,38,3,5,Inclinadas,"6,3",,0,1,"13,93","13,93"
1,5,1,3,57,57,2612,2702,5,28807,2005-08-31,"-47,53391497","-21,56633937",4326,500,1,39,1,0,Normal,"20,31",,0,1,"25,75","25,75"
1,5,1,3,57,57,2613,2703,5,28807,2005-08-31,"-47,53391497","-21,56633937",4326,500,1,40,1,6,Morta,"7,7",,0,0,"16,38","16,38"
1,5,1,3,57,57,2614,2704,5,28807,2005-08-31,"-47,53391497","-21,56633937",4326,500,1,41,1,2,Dominante,"20,85","25,6",1,1,"25,93","25,6"
1,5,1,3,57,57,2615,2705,5,28807,2005-08-31,"-47,53391497","-21,56633937",4326,500,1,42,1,7,Bifurcada Acima,"15,15",,0,1,"23,43","23,43"
1,5,1,3,57,57,2615,2706,5,28807,2005-08-31,"-47,53391497","-21,56633937",4326,500,1,42,2,6,Morta,"11,62",,0,0,"20,94","20,94"
1,5,1,3,57,57,2616,2707,5,28807,2005-08-31,"-47,53391497","-21,56633937",4326,500,1,43,1,1,Falha,0,,0,0,,
1,5,1,3,57,57,2617,2708,5,28807,2005-08-31,"-47,53391497","-21,56633937",4326,500,1,44,1,1,Falha,0,,0,0,,
1,5,1,3,57,57,2618,2709,5,28807,2005-08-31,"-47,53391497","-21,56633937",4326,500,1,45,1,0,Normal,"16,01",,0,1,"23,91","23,91"
1,5,1,3,57,57,2619,2710,5,28807,2005-08-31,"-47,53391497","-21,56633937",4326,500,1,46,1,0,Normal,"18,3",,0,1,"24,98","24,98"
1,5,1,3,57,57,2620,2711,5,28807,2005-08-31,"-47,53391497","-21,56633937",4326,500,1,47,1,5,Inclinadas,"10,73",,0,1,"20,12","20,12"
1,5,1,3,57,57,2620,2712,5,28807,2005-08-31,"-47,53391497","-21,56633937",4326,500,1,47,2,6,Morta,"8,69",,0,0,"17,79","17,79"
1,5,1,3,57,57,2621,2713,5,28807,2005-08-31,"-47,53391497","-21,56633937",4326,500,1,48,1,0,Normal,"17,73",,0,1,"24,73","24,73"
1,5,1,3,57,57,2622,2714,5,28807,2005-08-31,"-47,53391497","-21,56633937",4326,500,1,49,1,0,Normal,"15,76",,0,1,"23,77","23,77"
1,5,1,3,60,60,2719,2815,5,28810,2005-08-31,"-47,53730805","-21,56941157",4326,500,1,1,1,1,Falha,0,,0,0,,
1,5,1,3,60,60,2720,2816,5,28810,2005-08-31,"-47,53730805","-21,56941157",4326,500,1,2,1,2,Dominante,"24,76",30,1,1,"29,14",30
1,5,1,3,60,60,2721,2817,5,28810,2005-08-31,"-47,53730805","-21,56941157",4326,500,1,3,1,0,Normal,"18,24",,0,1,"27,25","27,25"
1,5,1,3,60,60,2722,2818,5,28810,2005-08-31,"-47,53730805","-21,56941157",4326,500,1,4,1,0,Normal,"16,04",,0,1,"26,31","26,31"
1,5,1,3,60,60,2723,2819,5,28810,2005-08-31,"-47,53730805","-21,56941157",4326,500,1,5,1,0,Normal,"22,12",,0,1,"28,49","28,49"
1,5,1,3,60,60,2724,2820,5,28810,2005-08-31,"-47,53730805","-21,56941157",4326,500,1,6,1,0,Normal,"21,74",,0,1,"28,39","28,39"
1,5,1,3,60,60,2725,2821,5,28810,2005-08-31,"-47,53730805","-21,56941157",4326,500,1,7,1,0,Normal,"20,12",,0,1,"27,9","27,9"
1,5,1,3,60,60,2726,2822,5,28810,2005-08-31,"-47,53730805","-21,56941157",4326,500,1,8,1,0,Normal,"14,83",,0,1,"25,7","25,7"
1,5,1,3,60,60,2727,2823,5,28810,2005-08-31,"-47,53730805","-21,56941157",4326,500,1,9,1,0,Normal,"21,87",,0,1,"28,42","28,42"
1,5,1,3,60,60,2728,2824,5,28810,2005-08-31,"-47,53730805","-21,56941157",4326,500,1,10,1,0,Normal,"22,7",,0,1,"28,65","28,65"
1,5,1,3,60,60,2729,2825,5,28810,2005-08-31,"-47,53730805","-21,56941157",4326,500,1,11,1,2,Dominante,"24,61","30,5",1,1,"29,11","30,5"
1,5,1,3,60,60,2730,2826,5,28810,2005-08-31,"-47,53730805","-21,56941157",4326,500,1,12,1,0,Normal,"18,18",,0,1,"27,22","27,22"
1,5,1,3,60,60,2731,2827,5,28810,2005-08-31,"-47,53730805","-21,56941157",4326,500,1,13,1,0,Normal,"16,65",,0,1,"26,59","26,59"
1,5,1,3,60,60,2732,2828,5,28810,2005-08-31,"-47,53730805","-21,56941157",4326,500,1,14,1,0,Normal,"17,63",,0,1,"27,01","27,01"
1,5,1,3,60,60,2733,2829,5,28810,2005-08-31,"-47,53730805","-21,56941157",4326,500,1,15,1,0,Normal,"15,69",,0,1,"26,14","26,14"
1,5,1,3,60,60,2734,2830,5,28810,2005-08-31,"-47,53730805","-21,56941157",4326,500,1,16,1,1,Falha,0,,0,0,,
1,5,1,3,60,60,2735,2831,5,28810,2005-08-31,"-47,53730805","-21,56941157",4326,500,1,17,1,0,Normal,"14,55",,0,1,"25,54","25,54"
1,5,1,3,60,60,2736,2832,5,28810,2005-08-31,"-47,53730805","-21,56941157",4326,500,1,18,1,0,Normal,"13,94",,0,1,"25,19","25,19"
1,5,1,3,60,60,2737,2833,5,28810,2005-08-31,"-47,53730805","-21,56941157",4326,500,1,19,1,0,Normal,"14,39",,0,1,"25,45","25,45"
1,5,1,3,60,60,2738,2834,5,28810,2005-08-31,"-47,53730805","-21,56941157",4326,500,1,20,1,2,Dominante,"24,61","28,4",1,1,"29,11","28,4"
1,5,1,3,60,60,2739,2835,5,28810,2005-08-31,"-47,53730805","-21,56941157",4326,500,1,21,1,0,Normal,"19,54",,0,1,"27,71","27,71"
1,5,1,3,60,60,2740,2836,5,28810,2005-08-31,"-47,53730805","-21,56941157",4326,500,1,22,1,0,Normal,"12,16",,0,1,"23,99","23,99"
1,5,1,3,60,60,2741,2837,5,28810,2005-08-31,"-47,53730805","-21,56941157",4326,500,1,23,1,0,Normal,"22,35",,0,1,"28,56","28,56"
1,5,1,3,60,60,2742,2838,5,28810,2005-08-31,"-47,53730805","-21,56941157",4326,500,1,24,1,0,Normal,"19,42",,0,1,"27,67","27,67"
1,5,1,3,60,60,2743,2839,5,28810,2005-08-31,"-47,53730805","-21,56941157",4326,500,1,25,1,0,Normal,"22,82",,0,1,"28,68","28,68"
1,5,1,3,60,60,2744,2840,5,28810,2005-08-31,"-47,53730805","-21,56941157",4326,500,1,26,1,0,Normal,"16,62",,0,1,"26,58","26,58"
1,5,1,3,60,60,2745,2841,5,28810,2005-08-31,"-47,53730805","-21,56941157",4326,500,1,27,1,0,Normal,"16,87",,0,1,"26,69","26,69"
1,5,1,3,60,60,2746,2842,5,28810,2005-08-31,"-47,53730805","-21,56941157",4326,500,1,28,1,0,Normal,"20,91",,0,1,"28,15","28,15"
1,5,1,3,60,60,2747,2843,5,28810,2005-08-31,"-47,53730805","-21,56941157",4326,500,1,29,1,0,Normal,"17,67","27,8",1,1,"27,02","27,8"
1,5,1,3,60,60,2748,2844,5,28810,2005-08-31,"-47,53730805","-21,56941157",4326,500,1,30,1,0,Normal,"16,97","27,5",1,1,"26,73","27,5"
1,5,1,3,60,60,2749,2845,5,28810,2005-08-31,"-47,53730805","-21,56941157",4326,500,1,31,1,0,Normal,"13,05",25,1,1,"24,62",25
1,5,1,3,60,60,2750,2846,5,28810,2005-08-31,"-47,53730805","-21,56941157",4326,500,1,32,1,0,Normal,"17,44","27,3",1,1,"26,93","27,3"
1,5,1,3,60,60,2751,2847,5,28810,2005-08-31,"-47,53730805","-21,56941157",4326,500,1,33,1,0,Normal,"21,14","27,6",1,1,"28,22","27,6"
1,5,1,3,60,60,2752,2848,5,28810,2005-08-31,"-47,53730805","-21,56941157",4326,500,1,34,1,0,Normal,"16,49",26,1,1,"26,52",26
1,5,1,3,60,60,2753,2849,5,28810,2005-08-31,"-47,53730805","-21,56941157",4326,500,1,35,1,5,Inclinadas,"12,06",,0,1,"23,91","23,91"
1,5,1,3,60,60,2754,2850,5,28810,2005-08-31,"-47,53730805","-21,56941157",4326,500,1,36,1,0,Normal,"16,49",26,1,1,"26,52",26
1,5,1,3,60,60,2755,2851,5,28810,2005-08-31,"-47,53730805","-21,56941157",4326,500,1,37,1,0,Normal,"19,23",26,1,1,"27,61",26
1,5,1,3,60,60,2756,2852,5,28810,2005-08-31,"-47,53730805","-21,56941157",4326,500,1,38,1,2,Dominante,"23,08","27,3",1,1,"28,74","27,3"
1,5,1,3,60,60,2757,2853,5,28810,2005-08-31,"-47,53730805","-21,56941157",4326,500,1,39,1,0,Normal,"18,53",27,1,1,"27,36",27
1,5,1,3,60,60,2758,2854,5,28810,2005-08-31,"-47,53730805","-21,56941157",4326,500,1,40,1,1,Falha,0,,0,0,,
1,5,1,3,60,60,2759,2855,5,28810,2005-08-31,"-47,53730805","-21,56941157",4326,500,1,41,1,0,Normal,"15,53",,0,1,"26,06","26,06"
1,5,1,3,60,60,2760,2856,5,28810,2005-08-31,"-47,53730805","-21,56941157",4326,500,1,42,1,0,Normal,"21,49",,0,1,"28,32","28,32"
1,5,1,3,60,60,2761,2857,5,28810,2005-08-31,"-47,53730805","-21,56941157",4326,500,1,43,1,0,Normal,"20,37",,0,1,"27,98","27,98"
1,5,1,3,60,60,2762,2858,5,28810,2005-08-31,"-47,53730805","-21,56941157",4326,500,1,44,1,0,Normal,"22,76",,0,1,"28,66","28,66"
1,5,1,3,60,60,2763,2859,5,28810,2005-08-31,"-47,53730805","-21,56941157",4326,500,1,45,1,0,Normal,"20,12",,0,1,"27,9","27,9"
1,5,1,3,60,60,2764,2860,5,28810,2005-08-31,"-47,53730805","-21,56941157",4326,500,1,46,1,0,Normal,"18,97",,0,1,"27,52","27,52"
1,5,1,3,60,60,2765,2861,5,28810,2005-08-31,"-47,53730805","-21,56941157",4326,500,1,47,1,2,Dominante,"23,33",30,1,1,"28,81",30
1,5,1,3,60,60,2766,2862,5,28810,2005-08-31,"-47,53730805","-21,56941157",4326,500,1,48,1,0,Normal,"20,24",,0,1,"27,94","27,94"
1,5,1,3,60,60,2767,2863,5,28810,2005-08-31,"-47,53730805","-21,56941157",4326,500,1,49,1,0,Normal,"16,07",,0,1,"26,32","26,32"
1,5,1,3,60,60,2768,2864,5,28810,2005-08-31,"-47,53730805","-21,56941157",4326,500,1,50,1,0,Normal,"17,22",,0,1,"26,84","26,84"
1,5,1,3,60,60,2769,2865,5,28810,2005-08-31,"-47,53730805","-21,56941157",4326,500,1,51,1,0,Normal,"18,78",,0,1,"27,45","27,45"
1,5,1,3,60,60,2770,2866,5,28810,2005-08-31,"-47,53730805","-21,56941157",4326,500,1,52,1,0,Normal,"19,13",,0,1,"27,57","27,57"
1,5,1,3,60,60,2771,2867,5,28810,2005-08-31,"-47,53730805","-21,56941157",4326,500,1,53,1,0,Normal,"19,26",,0,1,"27,62","27,62"
1,5,1,3,60,60,2772,2868,5,28810,2005-08-31,"-47,53730805","-21,56941157",4326,500,1,54,1,0,Normal,"13,59",,0,1,"24,97","24,97"
1,5,1,3,60,60,2773,2869,5,28810,2005-08-31,"-47,53730805","-21,56941157",4326,500,1,55,1,0,Normal,"20,63",,0,1,"28,06","28,06"
1,5,1,3,60,60,2774,2870,5,28810,2005-08-31,"-47,53730805","-21,56941157",4326,500,1,56,1,1,Falha,0,,0,0,,
1,5,1,3,60,60,2775,2871,5,28810,2005-08-31,"-47,53730805","-21,56941157",4326,500,1,57,1,1,Falha,0,,0,0,,
1,5,1,3,60,60,2776,2872,5,28810,2005-08-31,"-47,53730805","-21,56941157",4326,500,1,58,1,0,Normal,"20,28",,0,1,"27,96","27,96"
1,5,1,3,60,60,2777,2873,5,28810,2005-08-31,"-47,53730805","-21,56941157",4326,500,1,59,1,1,Falha,0,,0,0,,
1,5,1,3,60,60,2778,2874,5,28810,2005-08-31,"-47,53730805","-21,56941157",4326,500,1,60,1,0,Normal,"21,8",,0,1,"28,41","28,41"
1,6,1,3,61,61,2779,2875,6,28655,2005-08-31,"-47,53394213","-21,56790086",4326,500,1,1,1,0,Normal,"18,68",,0,1,"26,49","26,49"
1,6,1,3,61,61,2780,2876,6,28655,2005-08-31,"-47,53394213","-21,56790086",4326,500,1,2,1,0,Normal,"19,19",,0,1,"26,63","26,63"
1,6,1,3,61,61,2781,2877,6,28655,2005-08-31,"-47,53394213","-21,56790086",4326,500,1,3,1,1,Falha,0,,0,0,,
1,6,1,3,61,61,2782,2878,6,28655,2005-08-31,"-47,53394213","-21,56790086",4326,500,1,4,1,0,Normal,"15,69",,0,1,"25,48","25,48"
1,6,1,3,61,61,2783,2879,6,28655,2005-08-31,"-47,53394213","-21,56790086",4326,500,1,5,1,0,Normal,"16,39",,0,1,"25,74","25,74"
1,6,1,3,61,61,2784,2880,6,28655,2005-08-31,"-47,53394213","-21,56790086",4326,500,1,6,1,1,Falha,0,,0,0,,
1,6,1,3,61,61,2785,2881,6,28655,2005-08-31,"-47,53394213","-21,56790086",4326,500,1,7,1,0,Normal,"19,64",,0,1,"26,75","26,75"
1,6,1,3,61,61,2786,2882,6,28655,2005-08-31,"-47,53394213","-21,56790086",4326,500,1,8,1,0,Normal,"16,39",,0,1,"25,74","25,74"
1,6,1,3,61,61,2787,2883,6,28655,2005-08-31,"-47,53394213","-21,56790086",4326,500,1,9,1,0,Normal,"17,44",,0,1,"26,11","26,11"
1,6,1,3,61,61,2788,2884,6,28655,2005-08-31,"-47,53394213","-21,56790086",4326,500,1,10,1,0,Normal,"17,57",,0,1,"26,15","26,15"
1,6,1,3,61,61,2789,2885,6,28655,2005-08-31,"-47,53394213","-21,56790086",4326,500,1,11,1,0,Normal,"16,01",,0,1,"25,6","25,6"
1,6,1,3,61,61,2790,2886,6,28655,2005-08-31,"-47,53394213","-21,56790086",4326,500,1,12,1,2,Dominante,"23,05",27,1,1,"27,53",27
1,6,1,3,61,61,2791,2887,6,28655,2005-08-31,"-47,53394213","-21,56790086",4326,500,1,13,1,0,Normal,"16,23",,0,1,"25,69","25,69"
1,6,1,3,61,61,2792,2888,6,28655,2005-08-31,"-47,53394213","-21,56790086",4326,500,1,14,1,0,Normal,"19,99",,0,1,"26,84","26,84"
1,6,1,3,61,61,2793,2889,6,28655,2005-08-31,"-47,53394213","-21,56790086",4326,500,1,15,1,0,Normal,"13,59",,0,1,"24,54","24,54"
1,6,1,3,61,61,2794,2890,6,28655,2005-08-31,"-47,53394213","-21,56790086",4326,500,1,16,1,0,Normal,"16,93",,0,1,"25,94","25,94"
1,6,1,3,61,61,2795,2891,6,28655,2005-08-31,"-47,53394213","-21,56790086",4326,500,1,17,1,0,Normal,"20,18",,0,1,"26,89","26,89"
1,6,1,3,61,61,2796,2892,6,28655,2005-08-31,"-47,53394213","-21,56790086",4326,500,1,18,1,0,Normal,"18,05",,0,1,"26,3","26,3"
1,6,1,3,61,61,2797,2893,6,28655,2005-08-31,"-47,53394213","-21,56790086",4326,500,1,19,1,0,Normal,"19,67",,0,1,"26,76","26,76"
1,6,1,3,61,61,2798,2894,6,28655,2005-08-31,"-47,53394213","-21,56790086",4326,500,1,20,1,0,Normal,"21,07",,0,1,"27,11","27,11"
1,6,1,3,61,61,2799,2895,6,28655,2005-08-31,"-47,53394213","-21,56790086",4326,500,1,21,1,0,Normal,"18,62","26,2",1,1,"26,47","26,2"
1,6,1,3,61,61,2800,2896,6,28655,2005-08-31,"-47,53394213","-21,56790086",4326,500,1,22,1,0,Normal,"16,07",26,1,1,"25,63",26
1,6,1,3,61,61,2801,2897,6,28655,2005-08-31,"-47,53394213","-21,56790086",4326,500,1,23,1,0,Normal,"18,53","25,9",1,1,"26,44","25,9"
1,6,1,3,61,61,2802,2898,6,28655,2005-08-31,"-47,53394213","-21,56790086",4326,500,1,24,1,0,Normal,"14,04","24,9",1,1,"24,76","24,9"
1,6,1,3,61,61,2803,2899,6,28655,2005-08-31,"-47,53394213","-21,56790086",4326,500,1,25,1,0,Normal,"18,94","26,1",1,1,"26,56","26,1"
1,6,1,3,61,61,2804,2900,6,28655,2005-08-31,"-47,53394213","-21,56790086",4326,500,1,26,1,0,Normal,"17,7","26,2",1,1,"26,19","26,2"
1,6,1,3,61,61,2805,2901,6,28655,2005-08-31,"-47,53394213","-21,56790086",4326,500,1,27,1,0,Normal,"16,49","25,7",1,1,"25,78","25,7"
1,6,1,3,61,61,2806,2902,6,28655,2005-08-31,"-47,53394213","-21,56790086",4326,500,1,28,1,0,Normal,"15,53",26,1,1,"25,42",26
1,6,1,3,61,61,2807,2903,6,28655,2005-08-31,"-47,53394213","-21,56790086",4326,500,1,29,1,0,Normal,"20,59","26,3",1,1,"26,99","26,3"
1,6,1,3,61,61,2808,2904,6,28655,2005-08-31,"-47,53394213","-21,56790086",4326,500,1,30,1,1,Falha,0,,0,0,,
1,6,1,3,61,61,2809,2905,6,28655,2005-08-31,"-47,53394213","-21,56790086",4326,500,1,31,1,0,Normal,"18,68","25,7",1,1,"26,49","25,7"
1,6,1,3,61,61,2810,2906,6,28655,2005-08-31,"-47,53394213","-21,56790086",4326,500,1,32,1,0,Normal,"20,59",,0,1,"26,99","26,99"
1,6,1,3,61,61,2811,2907,6,28655,2005-08-31,"-47,53394213","-21,56790086",4326,500,1,33,1,0,Normal,"16,87",,0,1,"25,92","25,92"
1,6,1,3,61,61,2812,2908,6,28655,2005-08-31,"-47,53394213","-21,56790086",4326,500,1,34,1,0,Normal,"15,76",,0,1,"25,51","25,51"
1,6,1,3,61,61,2813,2909,6,28655,2005-08-31,"-47,53394213","-21,56790086",4326,500,1,35,1,0,Normal,"21,01","26,7",1,1,"27,09","26,7"
1,6,1,3,61,61,2814,2910,6,28655,2005-08-31,"-47,53394213","-21,56790086",4326,500,1,36,1,2,Dominante,"22,54","27,1",1,1,"27,43","27,1"
1,6,1,3,61,61,2815,2911,6,28655,2005-08-31,"-47,53394213","-21,56790086",4326,500,1,37,1,0,Normal,"15,85",,0,1,"25,54","25,54"
1,6,1,3,61,61,2816,2912,6,28655,2005-08-31,"-47,53394213","-21,56790086",4326,500,1,38,1,0,Normal,"22,28","27,7",1,1,"27,38","27,7"
1,6,1,3,61,61,2817,2913,6,28655,2005-08-31,"-47,53394213","-21,56790086",4326,500,1,39,1,2,Dominante,"22,35","28,9",1,1,"27,39","28,9"
1,6,1,3,61,61,2818,2914,6,28655,2005-08-31,"-47,53394213","-21,56790086",4326,500,1,40,1,0,Normal,"18,21",,0,1,"26,35","26,35"
1,6,1,3,61,61,2819,2915,6,28655,2005-08-31,"-47,53394213","-21,56790086",4326,500,1,41,1,0,Normal,"16,33",,0,1,"25,72","25,72"
1,6,1,3,61,61,2820,2916,6,28655,2005-08-31,"-47,53394213","-21,56790086",4326,500,1,42,1,2,Dominante,"23,01","28,1",1,1,"27,52","28,1"
1,6,1,3,61,61,2821,2917,6,28655,2005-08-31,"-47,53394213","-21,56790086",4326,500,1,43,1,0,Normal,"20,05",,0,1,"26,86","26,86"
1,6,1,3,61,61,2822,2918,6,28655,2005-08-31,"-47,53394213","-21,56790086",4326,500,1,44,1,0,Normal,"17,44",,0,1,"26,11","26,11"
1,6,1,3,61,61,2823,2919,6,28655,2005-08-31,"-47,53394213","-21,56790086",4326,500,1,45,1,2,Dominante,"22,54",28,1,1,"27,43",28
1,6,1,3,61,61,2824,2920,6,28655,2005-08-31,"-47,53394213","-21,56790086",4326,500,1,46,1,0,Normal,"20,75",,0,1,"27,03","27,03"
1,6,1,3,64,64,2934,3031,6,28658,2005-08-31,"-47,52890876","-21,56485347",4326,500,1,1,1,0,Normal,"15,66",,0,1,"25,03","25,03"
1,6,1,3,64,64,2935,3032,6,28658,2005-08-31,"-47,52890876","-21,56485347",4326,500,1,2,1,0,Normal,"13,69",,0,1,"23,32","23,32"
1,6,1,3,64,64,2936,3033,6,28658,2005-08-31,"-47,52890876","-21,56485347",4326,500,1,3,1,0,Normal,"12,41",,0,1,"21,99","21,99"
1,6,1,3,64,64,2937,3034,6,28658,2005-08-31,"-47,52890876","-21,56485347",4326,500,1,4,1,1,Falha,0,,0,0,,
1,6,1,3,64,64,2938,3035,6,28658,2005-08-31,"-47,52890876","-21,56485347",4326,500,1,5,1,2,Dominante,"23,33","27,3",1,1,"29,45","27,3"
1,6,1,3,64,64,2939,3036,6,28658,2005-08-31,"-47,52890876","-21,56485347",4326,500,1,6,1,1,Falha,0,,0,0,,
1,6,1,3,64,64,2940,3037,6,28658,2005-08-31,"-47,52890876","-21,56485347",4326,500,1,7,1,0,Normal,"14,2",,0,1,"23,79","23,79"
1,6,1,3,64,64,2941,3038,6,28658,2005-08-31,"-47,52890876","-21,56485347",4326,500,1,8,1,0,Normal,"12,19",,0,1,"21,75","21,75"
1,6,1,3,64,64,2942,3039,6,28658,2005-08-31,"-47,52890876","-21,56485347",4326,500,1,9,1,0,Normal,19,,0,1,"27,31","27,31"
1,6,1,3,64,64,2943,3040,6,28658,2005-08-31,"-47,52890876","-21,56485347",4326,500,1,10,1,0,Normal,"18,88",,0,1,"27,24","27,24"
1,6,1,3,64,64,2944,3041,6,28658,2005-08-31,"-47,52890876","-21,56485347",4326,500,1,11,1,2,Dominante,"20,91","28,6",1,1,"28,34","28,6"
1,6,1,3,64,64,2945,3042,6,28658,2005-08-31,"-47,52890876","-21,56485347",4326,500,1,12,1,0,Normal,"18,14",,0,1,"26,78","26,78"
1,6,1,3,64,64,2946,3043,6,28658,2005-08-31,"-47,52890876","-21,56485347",4326,500,1,13,1,0,Normal,"10,79",,0,1,"20,03","20,03"
1,6,1,3,64,64,2947,3044,6,28658,2005-08-31,"-47,52890876","-21,56485347",4326,500,1,14,1,0,Normal,"18,72",,0,1,"27,14","27,14"
1,6,1,3,64,64,2948,3045,6,28658,2005-08-31,"-47,52890876","-21,56485347",4326,500,1,15,1,0,Normal,"18,88",,0,1,"27,24","27,24"
1,6,1,3,64,64,2949,3046,6,28658,2005-08-31,"-47,52890876","-21,56485347",4326,500,1,16,1,0,Normal,"18,59",,0,1,"27,06","27,06"
1,6,1,3,64,64,2950,3047,6,28658,2005-08-31,"-47,52890876","-21,56485347",4326,500,1,17,1,0,Normal,"19,1","26,9",1,1,"27,37","26,9"
1,6,1,3,64,64,2951,3048,6,28658,2005-08-31,"-47,52890876","-21,56485347",4326,500,1,18,1,2,Dominante,"22,7",28,1,1,"29,18",28
1,6,1,3,64,64,2952,3049,6,28658,2005-08-31,"-47,52890876","-21,56485347",4326,500,1,19,1,0,Normal,"20,37",28,1,1,"28,07",28
1,6,1,3,64,64,2953,3050,6,28658,2005-08-31,"-47,52890876","-21,56485347",4326,500,1,20,1,0,Normal,"20,05","28,8",1,1,"27,9","28,8"
1,6,1,3,64,64,2954,3051,6,28658,2005-08-31,"-47,52890876","-21,56485347",4326,500,1,21,1,0,Normal,"13,37",24,1,1,23,24
1,6,1,3,64,64,2955,3052,6,28658,2005-08-31,"-47,52890876","-21,56485347",4326,500,1,22,1,0,Normal,"16,49","25,8",1,1,"25,67","25,8"
1,6,1,3,64,64,2956,3053,6,28658,2005-08-31,"-47,52890876","-21,56485347",4326,500,1,23,1,0,Normal,"16,65","26,5",1,1,"25,78","26,5"
1,6,1,3,64,64,2957,3054,6,28658,2005-08-31,"-47,52890876","-21,56485347",4326,500,1,24,1,0,Normal,"18,4",28,1,1,"26,95",28
1,6,1,3,64,64,2958,3055,6,28658,2005-08-31,"-47,52890876","-21,56485347",4326,500,1,25,1,0,Normal,"14,32",25,1,1,"23,9",25
1,6,1,3,64,64,2959,3056,6,28658,2005-08-31,"-47,52890876","-21,56485347",4326,500,1,26,1,0,Normal,"8,05",15,1,1,"15,69",15
1,6,1,3,64,64,2960,3057,6,28658,2005-08-31,"-47,52890876","-21,56485347",4326,500,1,27,1,0,Normal,"18,88",,0,1,"27,24","27,24"
1,6,1,3,64,64,2961,3058,6,28658,2005-08-31,"-47,52890876","-21,56485347",4326,500,1,28,1,2,Dominante,"21,17","27,8",1,1,"28,47","27,8"
1,6,1,3,64,64,2962,3059,6,28658,2005-08-31,"-47,52890876","-21,56485347",4326,500,1,29,1,1,Falha,0,,0,0,,
1,6,1,3,64,64,2963,3060,6,28658,2005-08-31,"-47,52890876","-21,56485347",4326,500,1,30,1,0,Normal,"14,01",,0,1,"23,62","23,62"
1,6,1,3,64,64,2964,3061,6,28658,2005-08-31,"-47,52890876","-21,56485347",4326,500,1,31,1,1,Falha,0,,0,0,,
1,6,1,3,64,64,2965,3062,6,28658,2005-08-31,"-47,52890876","-21,56485347",4326,500,1,32,1,0,Normal,"13,31",,0,1,"22,94","22,94"
1,6,1,3,64,64,2966,3063,6,28658,2005-08-31,"-47,52890876","-21,56485347",4326,500,1,33,1,2,Dominante,"20,85","28,2",1,1,"28,31","28,2"
1,6,1,3,64,64,2967,3064,6,28658,2005-08-31,"-47,52890876","-21,56485347",4326,500,1,34,1,0,Normal,"18,56",,0,1,"27,04","27,04"
1,6,1,3,64,64,2968,3065,6,28658,2005-08-31,"-47,52890876","-21,56485347",4326,500,1,35,1,0,Normal,"20,05",,0,1,"27,9","27,9"
1,6,1,3,64,64,2969,3066,6,28658,2005-08-31,"-47,52890876","-21,56485347",4326,500,1,36,1,0,Normal,"17,13",,0,1,"26,12","26,12"
1,6,1,3,64,64,2970,3067,6,28658,2005-08-31,"-47,52890876","-21,56485347",4326,500,1,37,1,0,Normal,"13,88",,0,1,"23,5","23,5"
1,6,1,3,64,64,2971,3068,6,28658,2005-08-31,"-47,52890876","-21,56485347",4326,500,1,38,1,0,Normal,"19,19",,0,1,"27,42","27,42"
1,6,1,3,64,64,2972,3069,6,28658,2005-08-31,"-47,52890876","-21,56485347",4326,500,1,39,1,0,Normal,"16,39",,0,1,"25,59","25,59"
1,6,1,3,64,64,2973,3070,6,28658,2005-08-31,"-47,52890876","-21,56485347",4326,500,1,40,1,0,Normal,"17,83",,0,1,"26,59","26,59"
1,6,1,3,64,64,2974,3071,6,28658,2005-08-31,"-47,52890876","-21,56485347",4326,500,1,41,1,0,Normal,"18,78",,0,1,"27,18","27,18"
1,6,1,3,64,64,2975,3072,6,28658,2005-08-31,"-47,52890876","-21,56485347",4326,500,1,42,1,1,Falha,0,,0,0,,
1,6,1,3,64,64,2976,3073,6,28658,2005-08-31,"-47,52890876","-21,56485347",4326,500,1,43,1,0,Normal,"20,12",,0,1,"27,93","27,93"
1,6,1,3,66,66,3027,3124,6,28660,2005-08-31,"-47,53058576","-21,56638091",4326,500,1,1,1,1,Falha,0,,0,0,,
1,6,1,3,66,66,3028,3125,6,28660,2005-08-31,"-47,53058576","-21,56638091",4326,500,1,2,1,0,Normal,"20,5",,0,1,"26,5","26,5"
1,6,1,3,66,66,3029,3126,6,28660,2005-08-31,"-47,53058576","-21,56638091",4326,500,1,3,1,0,Normal,"16,55",,0,1,"24,93","24,93"
1,6,1,3,66,66,3030,3127,6,28660,2005-08-31,"-47,53058576","-21,56638091",4326,500,1,4,1,0,Normal,"14,83",,0,1,"24,03","24,03"
1,6,1,3,66,66,3031,3128,6,28660,2005-08-31,"-47,53058576","-21,56638091",4326,500,1,5,1,0,Normal,"15,66",,0,1,"24,49","24,49"
1,6,1,3,66,66,3032,3129,6,28660,2005-08-31,"-47,53058576","-21,56638091",4326,500,1,6,1,1,Falha,0,,0,0,,
1,6,1,3,66,66,3033,3130,6,28660,2005-08-31,"-47,53058576","-21,56638091",4326,500,1,7,1,0,Normal,"19,83",,0,1,"26,27","26,27"
1,6,1,3,66,66,3034,3131,6,28660,2005-08-31,"-47,53058576","-21,56638091",4326,500,1,8,1,0,Normal,"17,13",,0,1,"25,2","25,2"
1,6,1,3,66,66,3035,3132,6,28660,2005-08-31,"-47,53058576","-21,56638091",4326,500,1,9,1,2,Dominante,"21,01",27,1,1,"26,67",27
1,6,1,3,66,66,3036,3133,6,28660,2005-08-31,"-47,53058576","-21,56638091",4326,500,1,10,1,2,Dominante,"20,98",26,1,1,"26,66",26
1,6,1,3,66,66,3037,3134,6,28660,2005-08-31,"-47,53058576","-21,56638091",4326,500,1,11,1,2,Dominante,"20,75","26,7",1,1,"26,58","26,7"
1,6,1,3,66,66,3038,3135,6,28660,2005-08-31,"-47,53058576","-21,56638091",4326,500,1,12,1,0,Normal,"14,77",,0,1,24,24
1,6,1,3,66,66,3039,3136,6,28660,2005-08-31,"-47,53058576","-21,56638091",4326,500,1,13,1,0,Normal,"20,18",,0,1,"26,39","26,39"
1,6,1,3,66,66,3040,3137,6,28660,2005-08-31,"-47,53058576","-21,56638091",4326,500,1,14,1,0,Normal,"11,52",,0,1,"21,71","21,71"
1,6,1,3,66,66,3041,3138,6,28660,2005-08-31,"-47,53058576","-21,56638091",4326,500,1,15,1,0,Normal,"18,21",,0,1,"25,66","25,66"
1,6,1,3,66,66,3042,3139,6,28660,2005-08-31,"-47,53058576","-21,56638091",4326,500,1,16,1,0,Normal,"16,04",,0,1,"24,68","24,68"
1,6,1,3,66,66,3043,3140,6,28660,2005-08-31,"-47,53058576","-21,56638091",4326,500,1,17,1,0,Normal,"13,27",,0,1,"23,05","23,05"
1,6,1,3,66,66,3044,3141,6,28660,2005-08-31,"-47,53058576","-21,56638091",4326,500,1,18,1,0,Normal,"8,72",,0,1,"18,76","18,76"
1,6,1,3,66,66,3045,3142,6,28660,2005-08-31,"-47,53058576","-21,56638091",4326,500,1,19,1,0,Normal,"17,35",,0,1,"25,3","25,3"
1,6,1,3,66,66,3046,3143,6,28660,2005-08-31,"-47,53058576","-21,56638091",4326,500,1,20,1,0,Normal,"17,73",,0,1,"25,46","25,46"
1,6,1,3,66,66,3047,3144,6,28660,2005-08-31,"-47,53058576","-21,56638091",4326,500,1,21,1,0,Normal,"16,77",,0,1,"25,04","25,04"
1,6,1,3,66,66,3048,3145,6,28660,2005-08-31,"-47,53058576","-21,56638091",4326,500,1,22,1,0,Normal,"17,63","24,9",1,1,"25,42","24,9"
1,6,1,3,66,66,3049,3146,6,28660,2005-08-31,"-47,53058576","-21,56638091",4326,500,1,23,1,1,Falha,0,,0,0,,
1,6,1,3,66,66,3050,3147,6,28660,2005-08-31,"-47,53058576","-21,56638091",4326,500,1,24,1,0,Normal,"17,51","26,5",1,1,"25,37","26,5"
1,6,1,3,66,66,3051,3148,6,28660,2005-08-31,"-47,53058576","-21,56638091",4326,500,1,25,1,0,Normal,"12,89","22,4",1,1,"22,79","22,4"
1,6,1,3,66,66,3052,3149,6,28660,2005-08-31,"-47,53058576","-21,56638091",4326,500,1,26,1,0,Normal,"11,78","22,3",1,1,"21,93","22,3"
1,6,1,3,66,66,3053,3150,6,28660,2005-08-31,"-47,53058576","-21,56638091",4326,500,1,27,1,0,Normal,"15,41","24,4",1,1,"24,35","24,4"
1,6,1,3,66,66,3054,3151,6,28660,2005-08-31,"-47,53058576","-21,56638091",4326,500,1,28,1,1,Falha,0,,0,0,,
1,6,1,3,66,66,3055,3152,6,28660,2005-08-31,"-47,53058576","-21,56638091",4326,500,1,29,1,0,Normal,"15,25","23,9",1,1,"24,27","23,9"
1,6,1,3,66,66,3056,3153,6,28660,2005-08-31,"-47,53058576","-21,56638091",4326,500,1,30,1,0,Normal,"17,28",25,1,1,"25,27",25
1,6,1,3,66,66,3057,3154,6,28660,2005-08-31,"-47,53058576","-21,56638091",4326,500,1,31,1,0,Normal,"17,16","25,1",1,1,"25,21","25,1"
1,6,1,3,66,66,3058,3155,6,28660,2005-08-31,"-47,53058576","-21,56638091",4326,500,1,32,1,0,Normal,"17,63","25,7",1,1,"25,42","25,7"
1,6,1,3,66,66,3059,3156,6,28660,2005-08-31,"-47,53058576","-21,56638091",4326,500,1,33,1,0,Normal,"17,09",25,1,1,"25,18",25
1,6,1,3,66,66,3060,3157,6,28660,2005-08-31,"-47,53058576","-21,56638091",4326,500,1,34,1,0,Normal,"15,6",,0,1,"24,46","24,46"
1,6,1,3,66,66,3061,3158,6,28660,2005-08-31,"-47,53058576","-21,56638091",4326,500,1,35,1,0,Normal,"17,03",,0,1,"25,16","25,16"
1,6,1,3,66,66,3062,3159,6,28660,2005-08-31,"-47,53058576","-21,56638091",4326,500,1,36,1,0,Normal,"19,51",,0,1,"26,16","26,16"
1,6,1,3,66,66,3063,3160,6,28660,2005-08-31,"-47,53058576","-21,56638091",4326,500,1,37,1,0,Normal,"16,3",,0,1,"24,81","24,81"
1,6,1,3,66,66,3064,3161,6,28660,2005-08-31,"-47,53058576","-21,56638091",4326,500,1,38,1,0,Normal,"12,41",,0,1,"22,43","22,43"
1,6,1,3,66,66,3065,3162,6,28660,2005-08-31,"-47,53058576","-21,56638091",4326,500,1,39,1,0,Normal,"19,86",,0,1,"26,28","26,28"
1,6,1,3,66,66,3066,3163,6,28660,2005-08-31,"-47,53058576","-21,56638091",4326,500,1,40,1,0,Normal,"19,58",,0,1,"26,18","26,18"
1,6,1,3,66,66,3067,3164,6,28660,2005-08-31,"-47,53058576","-21,56638091",4326,500,1,41,1,0,Normal,"19,99",,0,1,"26,33","26,33"
1,6,1,3,66,66,3068,3165,6,28660,2005-08-31,"-47,53058576","-21,56638091",4326,500,1,42,1,2,Dominante,"21,87","26,8",1,1,"26,93","26,8"
1,6,1,3,66,66,3069,3166,6,28660,2005-08-31,"-47,53058576","-21,56638091",4326,500,1,43,1,0,Normal,"18,3",,0,1,"25,7","25,7"
1,6,1,3,66,66,3070,3167,6,28660,2005-08-31,"-47,53058576","-21,56638091",4326,500,1,44,1,0,Normal,17,,0,1,"25,14","25,14"
1,6,1,3,66,66,3071,3168,6,28660,2005-08-31,"-47,53058576","-21,56638091",4326,500,1,45,1,2,Dominante,"20,69","26,9",1,1,"26,56","26,9"
1,6,1,3,66,66,3072,3169,6,28660,2005-08-31,"-47,53058576","-21,56638091",4326,500,1,46,1,0,Normal,"12,57",,0,1,"22,55","22,55"
1,6,1,3,66,66,3073,3170,6,28660,2005-08-31,"-47,53058576","-21,56638091",4326,500,1,47,1,0,Normal,"18,72",,0,1,"25,86","25,86"
1,6,1,3,66,66,3074,3171,6,28660,2005-08-31,"-47,53058576","-21,56638091",4326,500,1,48,1,0,Normal,"10,76",,0,1,"21,03","21,03"
1,6,1,3,66,66,3075,3172,6,28660,2005-08-31,"-47,53058576","-21,56638091",4326,500,1,49,1,0,Normal,"12,64",,0,1,"22,61","22,61"
1,6,1,3,66,66,3076,3173,6,28660,2005-08-31,"-47,53058576","-21,56638091",4326,500,1,50,1,0,Normal,"12,29",,0,1,"22,34","22,34"
1,7,1,1,67,67,3077,3174,7,28661,2005-08-31,"-47,53563867","-21,56943697",4326,500,1,1,1,0,Normal,"18,37",,0,1,"24,08","24,08"
1,7,1,1,67,67,3078,3175,7,28661,2005-08-31,"-47,53563867","-21,56943697",4326,500,1,2,1,1,Falha,0,,0,0,,
1,7,1,1,67,67,3079,3176,7,28661,2005-08-31,"-47,53563867","-21,56943697",4326,500,1,3,1,2,Dominante,"21,87","26,6",1,1,"25,4","26,6"
1,7,1,1,67,67,3080,3177,7,28661,2005-08-31,"-47,53563867","-21,56943697",4326,500,1,4,1,0,Normal,"11,49",,0,1,"19,73","19,73"
1,7,1,1,67,67,3081,3178,7,28661,2005-08-31,"-47,53563867","-21,56943697",4326,500,1,5,1,0,Normal,"17,98",,0,1,"23,91","23,91"
1,7,1,1,67,67,3082,3179,7,28661,2005-08-31,"-47,53563867","-21,56943697",4326,500,1,6,1,2,Dominante,"22,38","26,8",1,1,"25,56","26,8"
1,7,1,1,67,67,3083,3180,7,28661,2005-08-31,"-47,53563867","-21,56943697",4326,500,1,7,1,1,Falha,0,,0,0,,
1,7,1,1,67,67,3084,3181,7,28661,2005-08-31,"-47,53563867","-21,56943697",4326,500,1,8,1,0,Normal,"16,17",,0,1,"23,01","23,01"
1,7,1,1,67,67,3085,3182,7,28661,2005-08-31,"-47,53563867","-21,56943697",4326,500,1,9,1,0,Normal,"18,4",,0,1,"24,09","24,09"
1,7,1,1,67,67,3086,3183,7,28661,2005-08-31,"-47,53563867","-21,56943697",4326,500,1,10,1,0,Normal,"14,32",,0,1,"21,92","21,92"
1,7,1,1,67,67,3087,3184,7,28661,2005-08-31,"-47,53563867","-21,56943697",4326,500,1,11,1,0,Normal,"19,93",,0,1,"24,71","24,71"
1,7,1,1,67,67,3088,3185,7,28661,2005-08-31,"-47,53563867","-21,56943697",4326,500,1,12,1,0,Normal,"15,6",,0,1,"22,7","22,7"
1,7,1,1,67,67,3089,3186,7,28661,2005-08-31,"-47,53563867","-21,56943697",4326,500,1,13,1,0,Normal,"14,96",,0,1,"22,32","22,32"
1,7,1,1,67,67,3090,3187,7,28661,2005-08-31,"-47,53563867","-21,56943697",4326,500,1,14,1,2,Dominante,"21,52","25,2",1,1,"25,28","25,2"
1,7,1,1,67,67,3091,3188,7,28661,2005-08-31,"-47,53563867","-21,56943697",4326,500,1,15,1,0,Normal,"18,81",,0,1,"24,27","24,27"
1,7,1,1,67,67,3092,3189,7,28661,2005-08-31,"-47,53563867","-21,56943697",4326,500,1,16,1,0,Normal,"19,51",,0,1,"24,55","24,55"
1,7,1,1,67,67,3093,3190,7,28661,2005-08-31,"-47,53563867","-21,56943697",4326,500,1,17,1,0,Normal,"19,58",,0,1,"24,58","24,58"
1,7,1,1,67,67,3094,3191,7,28661,2005-08-31,"-47,53563867","-21,56943697",4326,500,1,18,1,0,Normal,"20,12",,0,1,"24,79","24,79"
1,7,1,1,67,67,3095,3192,7,28661,2005-08-31,"-47,53563867","-21,56943697",4326,500,1,19,1,0,Normal,"19,8",,0,1,"24,66","24,66"
1,7,1,1,67,67,3096,3193,7,28661,2005-08-31,"-47,53563867","-21,56943697",4326,500,1,20,1,0,Normal,"16,9","23,7",1,1,"23,39","23,7"
1,7,1,1,67,67,3097,3194,7,28661,2005-08-31,"-47,53563867","-21,56943697",4326,500,1,21,1,0,Normal,"18,59","23,6",1,1,"24,17","23,6"
1,7,1,1,67,67,3098,3195,7,28661,2005-08-31,"-47,53563867","-21,56943697",4326,500,1,22,1,0,Normal,"16,27",23,1,1,"23,07",23
1,7,1,1,67,67,3099,3196,7,28661,2005-08-31,"-47,53563867","-21,56943697",4326,500,1,23,1,0,Normal,"16,42","22,6",1,1,"23,15","22,6"
1,7,1,1,67,67,3100,3197,7,28661,2005-08-31,"-47,53563867","-21,56943697",4326,500,1,24,1,0,Normal,"17,38",23,1,1,"23,63",23
1,7,1,1,67,67,3101,3198,7,28661,2005-08-31,"-47,53563867","-21,56943697",4326,500,1,25,1,0,Normal,"16,14","22,6",1,1,23,"22,6"
1,7,1,1,67,67,3102,3199,7,28661,2005-08-31,"-47,53563867","-21,56943697",4326,500,1,26,1,3,Bifurcada Abaixo,"11,59","20,5",1,1,"19,82","20,5"
1,7,1,1,67,67,3102,3200,7,28661,2005-08-31,"-47,53563867","-21,56943697",4326,500,1,26,2,3,Bifurcada Abaixo,"15,12","23,4",1,1,"22,42","23,4"
1,7,1,1,67,67,3103,3201,7,28661,2005-08-31,"-47,53563867","-21,56943697",4326,500,1,27,1,0,Normal,"18,18","23,2",1,1,"23,99","23,2"
1,7,1,1,67,67,3104,3202,7,28661,2005-08-31,"-47,53563867","-21,56943697",4326,500,1,28,1,0,Normal,17,"22,3",1,1,"23,44","22,3"
1,7,1,1,67,67,3105,3203,7,28661,2005-08-31,"-47,53563867","-21,56943697",4326,500,1,29,1,0,Normal,"16,27","22,6",1,1,"23,07","22,6"
1,7,1,1,67,67,3106,3204,7,28661,2005-08-31,"-47,53563867","-21,56943697",4326,500,1,30,1,0,Normal,"16,65",,0,1,"23,26","23,26"
1,7,1,1,67,67,3107,3205,7,28661,2005-08-31,"-47,53563867","-21,56943697",4326,500,1,31,1,0,Normal,"16,46",,0,1,"23,17","23,17"
1,7,1,1,67,67,3108,3206,7,28661,2005-08-31,"-47,53563867","-21,56943697",4326,500,1,32,1,0,Normal,"16,14",,0,1,23,23
1,7,1,1,67,67,3109,3207,7,28661,2005-08-31,"-47,53563867","-21,56943697",4326,500,1,33,1,0,Normal,"11,14",,0,1,"19,4","19,4"
1,7,1,1,67,67,3110,3208,7,28661,2005-08-31,"-47,53563867","-21,56943697",4326,500,1,34,1,0,Normal,"19,74",,0,1,"24,64","24,64"
1,7,1,1,67,67,3111,3209,7,28661,2005-08-31,"-47,53563867","-21,56943697",4326,500,1,35,1,1,Falha,0,,0,0,,
1,7,1,1,67,67,3112,3210,7,28661,2005-08-31,"-47,53563867","-21,56943697",4326,500,1,36,1,0,Normal,"16,62",,0,1,"23,25","23,25"
1,7,1,1,67,67,3113,3211,7,28661,2005-08-31,"-47,53563867","-21,56943697",4326,500,1,37,1,0,Normal,"17,86",,0,1,"23,85","23,85"
1,7,1,1,67,67,3114,3212,7,28661,2005-08-31,"-47,53563867","-21,56943697",4326,500,1,38,1,0,Normal,"16,52",,0,1,"23,2","23,2"
1,7,1,1,67,67,3115,3213,7,28661,2005-08-31,"-47,53563867","-21,56943697",4326,500,1,39,1,0,Normal,"16,62",,0,1,"23,25","23,25"
1,7,1,1,67,67,3116,3214,7,28661,2005-08-31,"-47,53563867","-21,56943697",4326,500,1,40,1,2,Dominante,"20,88","24,9",1,1,"25,06","24,9"
1,7,1,1,67,67,3117,3215,7,28661,2005-08-31,"-47,53563867","-21,56943697",4326,500,1,41,1,0,Normal,"17,7",,0,1,"23,78","23,78"
1,7,1,1,67,67,3118,3216,7,28661,2005-08-31,"-47,53563867","-21,56943697",4326,500,1,42,1,2,Dominante,"20,91","25,5",1,1,"25,07","25,5"
1,7,1,1,69,69,3167,3266,7,28663,2005-08-31,"-47,53398734","-21,57050034",4326,500,1,1,1,0,Normal,"17,7",,0,1,"24,98","24,98"
1,7,1,1,69,69,3168,3267,7,28663,2005-08-31,"-47,53398734","-21,57050034",4326,500,1,2,1,0,Normal,"18,56",,0,1,"25,28","25,28"
1,7,1,1,69,69,3169,3268,7,28663,2005-08-31,"-47,53398734","-21,57050034",4326,500,1,3,1,0,Normal,"19,74",,0,1,"25,66","25,66"
1,7,1,1,69,69,3170,3269,7,28663,2005-08-31,"-47,53398734","-21,57050034",4326,500,1,4,1,2,Dominante,"23,14","27,5",1,1,"26,56","27,5"
1,7,1,1,69,69,3171,3270,7,28663,2005-08-31,"-47,53398734","-21,57050034",4326,500,1,5,1,0,Normal,"18,88",,0,1,"25,39","25,39"
1,7,1,1,69,69,3172,3271,7,28663,2005-08-31,"-47,53398734","-21,57050034",4326,500,1,6,1,1,Falha,0,,0,0,,
1,7,1,1,69,69,3173,3272,7,28663,2005-08-31,"-47,53398734","-21,57050034",4326,500,1,7,1,1,Falha,0,,0,0,,
1,7,1,1,69,69,3174,3273,7,28663,2005-08-31,"-47,53398734","-21,57050034",4326,500,1,8,1,2,Dominante,"20,69","26,5",1,1,"25,94","26,5"
1,7,1,1,69,69,3175,3274,7,28663,2005-08-31,"-47,53398734","-21,57050034",4326,500,1,9,1,2,Dominante,"22,19","25,5",1,1,"26,33","25,5"
1,7,1,1,69,69,3176,3275,7,28663,2005-08-31,"-47,53398734","-21,57050034",4326,500,1,10,1,0,Normal,"18,14",,0,1,"25,14","25,14"
1,7,1,1,69,69,3177,3276,7,28663,2005-08-31,"-47,53398734","-21,57050034",4326,500,1,11,1,2,Dominante,"21,14","25,7",1,1,"26,06","25,7"
1,7,1,1,69,69,3178,3277,7,28663,2005-08-31,"-47,53398734","-21,57050034",4326,500,1,12,1,0,Normal,"20,5",,0,1,"25,88","25,88"
1,7,1,1,69,69,3179,3278,7,28663,2005-08-31,"-47,53398734","-21,57050034",4326,500,1,13,1,2,Dominante,"22,06","26,4",1,1,"26,3","26,4"
1,7,1,1,69,69,3180,3279,7,28663,2005-08-31,"-47,53398734","-21,57050034",4326,500,1,14,1,0,Normal,"14,45",,0,1,"23,55","23,55"
1,7,1,1,69,69,3181,3280,7,28663,2005-08-31,"-47,53398734","-21,57050034",4326,500,1,15,1,0,Normal,"18,3",,0,1,"25,19","25,19"
1,7,1,1,69,69,3182,3281,7,28663,2005-08-31,"-47,53398734","-21,57050034",4326,500,1,16,1,1,Falha,0,,0,0,,
1,7,1,1,69,69,3183,3282,7,28663,2005-08-31,"-47,53398734","-21,57050034",4326,500,1,17,1,0,Normal,"17,51","24,5",1,1,"24,91","24,5"
1,7,1,1,69,69,3184,3283,7,28663,2005-08-31,"-47,53398734","-21,57050034",4326,500,1,18,1,0,Normal,"20,12","24,7",1,1,"25,77","24,7"
1,7,1,1,69,69,3185,3284,7,28663,2005-08-31,"-47,53398734","-21,57050034",4326,500,1,19,1,1,Falha,0,,0,0,,
1,7,1,1,69,69,3186,3285,7,28663,2005-08-31,"-47,53398734","-21,57050034",4326,500,1,20,1,0,Normal,"18,14","24,7",1,1,"25,14","24,7"
1,7,1,1,69,69,3187,3286,7,28663,2005-08-31,"-47,53398734","-21,57050034",4326,500,1,21,1,0,Normal,"12,03","22,2",1,1,"22,08","22,2"
1,7,1,1,69,69,3188,3287,7,28663,2005-08-31,"-47,53398734","-21,57050034",4326,500,1,22,1,0,Normal,"18,24","27,9",1,1,"25,17","27,9"
1,7,1,1,69,69,3189,3288,7,28663,2005-08-31,"-47,53398734","-21,57050034",4326,500,1,23,1,0,Normal,"18,81","25,4",1,1,"25,37","25,4"
1,7,1,1,69,69,3190,3289,7,28663,2005-08-31,"-47,53398734","-21,57050034",4326,500,1,24,1,0,Normal,"16,01","24,1",1,1,"24,3","24,1"
1,7,1,1,69,69,3191,3290,7,28663,2005-08-31,"-47,53398734","-21,57050034",4326,500,1,25,1,0,Normal,"17,44","24,7",1,1,"24,88","24,7"
1,7,1,1,69,69,3192,3291,7,28663,2005-08-31,"-47,53398734","-21,57050034",4326,500,1,26,1,0,Normal,"16,14","23,9",1,1,"24,35","23,9"
1,7,1,1,69,69,3193,3292,7,28663,2005-08-31,"-47,53398734","-21,57050034",4326,500,1,27,1,0,Normal,"19,1","24,9",1,1,"25,46","24,9"
1,7,1,1,69,69,3194,3293,7,28663,2005-08-31,"-47,53398734","-21,57050034",4326,500,1,28,1,0,Normal,"18,91",,0,1,"25,4","25,4"
1,7,1,1,69,69,3195,3294,7,28663,2005-08-31,"-47,53398734","-21,57050034",4326,500,1,29,1,0,Normal,"19,67",,0,1,"25,64","25,64"
1,7,1,1,69,69,3196,3295,7,28663,2005-08-31,"-47,53398734","-21,57050034",4326,500,1,30,1,0,Normal,"13,15",,0,1,"22,82","22,82"
1,7,1,1,69,69,3197,3296,7,28663,2005-08-31,"-47,53398734","-21,57050034",4326,500,1,31,1,0,Normal,"18,02",,0,1,"25,09","25,09"
1,7,1,1,69,69,3198,3297,7,28663,2005-08-31,"-47,53398734","-21,57050034",4326,500,1,32,1,0,Normal,"19,16",,0,1,"25,48","25,48"
1,7,1,1,69,69,3199,3298,7,28663,2005-08-31,"-47,53398734","-21,57050034",4326,500,1,33,1,0,Normal,"15,6",,0,1,"24,11","24,11"
1,7,1,1,69,69,3200,3299,7,28663,2005-08-31,"-47,53398734","-21,57050034",4326,500,1,34,1,0,Normal,"16,3",,0,1,"24,42","24,42"
1,7,1,1,69,69,3201,3300,7,28663,2005-08-31,"-47,53398734","-21,57050034",4326,500,1,35,1,0,Normal,"20,34",,0,1,"25,84","25,84"
1,7,1,1,69,69,3202,3301,7,28663,2005-08-31,"-47,53398734","-21,57050034",4326,500,1,36,1,0,Normal,"18,4",,0,1,"25,23","25,23"
1,7,1,1,69,69,3203,3302,7,28663,2005-08-31,"-47,53398734","-21,57050034",4326,500,1,37,1,0,Normal,"17,25",,0,1,"24,81","24,81"
1,7,1,1,69,69,3204,3303,7,28663,2005-08-31,"-47,53398734","-21,57050034",4326,500,1,38,1,0,Normal,"18,59",,0,1,"25,29","25,29"
1,7,1,1,69,69,3205,3304,7,28663,2005-08-31,"-47,53398734","-21,57050034",4326,500,1,39,1,5,Inclinadas,"9,61",,0,1,"20,04","20,04"
1,7,1,1,69,69,3206,3305,7,28663,2005-08-31,"-47,53398734","-21,57050034",4326,500,1,40,1,0,Normal,"15,06",,0,1,"23,86","23,86"
1,7,1,1,69,69,3207,3306,7,28663,2005-08-31,"-47,53398734","-21,57050034",4326,500,1,41,1,0,Normal,"14,36",,0,1,"23,5","23,5"
1,7,1,1,69,69,3208,3307,7,28663,2005-08-31,"-47,53398734","-21,57050034",4326,500,1,42,1,0,Normal,"19,89",,0,1,"25,71","25,71"
1,7,1,1,70,70,3209,3308,7,28664,2005-08-31,"-47,53063234","-21,56795114",4326,500,1,1,1,0,Normal,"20,37",,0,1,"26,63","26,63"
1,7,1,1,70,70,3210,3309,7,28664,2005-08-31,"-47,53063234","-21,56795114",4326,500,1,2,1,0,Normal,"14,87",,0,1,"24,5","24,5"
1,7,1,1,70,70,3211,3310,7,28664,2005-08-31,"-47,53063234","-21,56795114",4326,500,1,3,1,1,Falha,0,,0,0,,
1,7,1,1,70,70,3212,3311,7,28664,2005-08-31,"-47,53063234","-21,56795114",4326,500,1,4,1,0,Normal,"20,12",,0,1,"26,55","26,55"
1,7,1,1,70,70,3213,3312,7,28664,2005-08-31,"-47,53063234","-21,56795114",4326,500,1,5,1,0,Normal,"21,26",,0,1,"26,88","26,88"
1,7,1,1,70,70,3214,3313,7,28664,2005-08-31,"-47,53063234","-21,56795114",4326,500,1,6,1,0,Normal,"18,49",,0,1,"26,03","26,03"
1,7,1,1,70,70,3215,3314,7,28664,2005-08-31,"-47,53063234","-21,56795114",4326,500,1,7,1,0,Normal,"19,67",,0,1,"26,42","26,42"
1,7,1,1,70,70,3216,3315,7,28664,2005-08-31,"-47,53063234","-21,56795114",4326,500,1,8,1,0,Normal,"9,8",,0,1,"20,9","20,9"
1,7,1,1,70,70,3217,3316,7,28664,2005-08-31,"-47,53063234","-21,56795114",4326,500,1,9,1,0,Normal,"21,96",,0,1,"27,07","27,07"
1,7,1,1,70,70,3218,3317,7,28664,2005-08-31,"-47,53063234","-21,56795114",4326,500,1,10,1,0,Normal,"15,47",,0,1,"24,8","24,8"
1,7,1,1,70,70,3219,3318,7,28664,2005-08-31,"-47,53063234","-21,56795114",4326,500,1,11,1,0,Normal,"9,55",,0,1,"20,64","20,64"
1,7,1,1,70,70,3220,3319,7,28664,2005-08-31,"-47,53063234","-21,56795114",4326,500,1,12,1,0,Normal,"20,37",,0,1,"26,63","26,63"
1,7,1,1,70,70,3221,3320,7,28664,2005-08-31,"-47,53063234","-21,56795114",4326,500,1,13,1,0,Normal,"20,85",,0,1,"26,77","26,77"
1,7,1,1,70,70,3222,3321,7,28664,2005-08-31,"-47,53063234","-21,56795114",4326,500,1,14,1,1,Falha,0,,0,0,,
1,7,1,1,70,70,3223,3322,7,28664,2005-08-31,"-47,53063234","-21,56795114",4326,500,1,15,1,2,Dominante,"22,22","27,6",1,1,"27,13","27,6"
1,7,1,1,70,70,3224,3323,7,28664,2005-08-31,"-47,53063234","-21,56795114",4326,500,1,16,1,0,Normal,"21,9",27,1,1,"27,05",27
1,7,1,1,70,70,3225,3324,7,28664,2005-08-31,"-47,53063234","-21,56795114",4326,500,1,17,1,0,Normal,"18,72",26,1,1,"26,11",26
1,7,1,1,70,70,3226,3325,7,28664,2005-08-31,"-47,53063234","-21,56795114",4326,500,1,18,1,2,Dominante,"26,04","27,8",1,1,"27,96","27,8"
1,7,1,1,70,70,3227,3326,7,28664,2005-08-31,"-47,53063234","-21,56795114",4326,500,1,19,1,0,Normal,"19,32","26,6",1,1,"26,31","26,6"
1,7,1,1,70,70,3228,3327,7,28664,2005-08-31,"-47,53063234","-21,56795114",4326,500,1,20,1,0,Normal,"18,46","25,8",1,1,"26,02","25,8"
1,7,1,1,70,70,3229,3328,7,28664,2005-08-31,"-47,53063234","-21,56795114",4326,500,1,21,1,2,Dominante,"22,73","27,3",1,1,"27,26","27,3"
1,7,1,1,70,70,3230,3329,7,28664,2005-08-31,"-47,53063234","-21,56795114",4326,500,1,22,1,0,Normal,"18,02","26,3",1,1,"25,86","26,3"
1,7,1,1,70,70,3231,3330,7,28664,2005-08-31,"-47,53063234","-21,56795114",4326,500,1,23,1,0,Normal,"21,9","27,5",1,1,"27,05","27,5"
1,7,1,1,70,70,3232,3331,7,28664,2005-08-31,"-47,53063234","-21,56795114",4326,500,1,24,1,2,Dominante,"23,17","27,7",1,1,"27,36","27,7"
1,7,1,1,70,70,3233,3332,7,28664,2005-08-31,"-47,53063234","-21,56795114",4326,500,1,25,1,0,Normal,"17,89",25,1,1,"25,81",25
1,7,1,1,70,70,3234,3333,7,28664,2005-08-31,"-47,53063234","-21,56795114",4326,500,1,26,1,0,Normal,"15,28","24,9",1,1,"24,71","24,9"
1,7,1,1,70,70,3235,3334,7,28664,2005-08-31,"-47,53063234","-21,56795114",4326,500,1,27,1,0,Normal,"17,67",,0,1,"25,73","25,73"
1,7,1,1,70,70,3236,3335,7,28664,2005-08-31,"-47,53063234","-21,56795114",4326,500,1,28,1,0,Normal,"20,15",,0,1,"26,56","26,56"
1,7,1,1,70,70,3237,3336,7,28664,2005-08-31,"-47,53063234","-21,56795114",4326,500,1,29,1,0,Normal,"18,56",,0,1,"26,05","26,05"
1,7,1,1,70,70,3238,3337,7,28664,2005-08-31,"-47,53063234","-21,56795114",4326,500,1,30,1,0,Normal,"17,83",,0,1,"25,79","25,79"
1,7,1,1,70,70,3239,3338,7,28664,2005-08-31,"-47,53063234","-21,56795114",4326,500,1,31,1,0,Normal,"21,96",,0,1,"27,07","27,07"
1,7,1,1,70,70,3240,3339,7,28664,2005-08-31,"-47,53063234","-21,56795114",4326,500,1,32,1,1,Falha,0,,0,0,,
1,7,1,1,70,70,3241,3340,7,28664,2005-08-31,"-47,53063234","-21,56795114",4326,500,1,33,1,0,Normal,"19,48",,0,1,"26,36","26,36"
1,7,1,1,70,70,3242,3341,7,28664,2005-08-31,"-47,53063234","-21,56795114",4326,500,1,34,1,0,Normal,"19,48",,0,1,"26,36","26,36"
1,7,1,1,70,70,3243,3342,7,28664,2005-08-31,"-47,53063234","-21,56795114",4326,500,1,35,1,0,Normal,"15,92",,0,1,"25,01","25,01"
1,7,1,1,70,70,3244,3343,7,28664,2005-08-31,"-47,53063234","-21,56795114",4326,500,1,36,1,0,Normal,"19,48",,0,1,"26,36","26,36"
1,7,1,1,70,70,3245,3344,7,28664,2005-08-31,"-47,53063234","-21,56795114",4326,500,1,37,1,0,Normal,"18,14",,0,1,"25,9","25,9"
1,7,1,1,70,70,3246,3345,7,28664,2005-08-31,"-47,53063234","-21,56795114",4326,500,1,38,1,2,Dominante,"22,44","26,3",1,1,"27,19","26,3"
1,7,1,1,70,70,3247,3346,7,28664,2005-08-31,"-47,53063234","-21,56795114",4326,500,1,39,1,0,Normal,"16,62",,0,1,"25,31","25,31"
1,7,1,1,70,70,3248,3347,7,28664,2005-08-31,"-47,53063234","-21,56795114",4326,500,1,40,1,0,Normal,"19,51",,0,1,"26,37","26,37"
1,7,1,1,70,70,3249,3348,7,28664,2005-08-31,"-47,53063234","-21,56795114",4326,500,1,41,1,1,Falha,0,,0,0,,
1,7,1,1,70,70,3250,3349,7,28664,2005-08-31,"-47,53063234","-21,56795114",4326,500,1,42,1,1,Falha,0,,0,0,,
1,7,1,1,70,70,3251,3350,7,28664,2005-08-31,"-47,53063234","-21,56795114",4326,500,1,43,1,0,Normal,"20,47",,0,1,"26,66","26,66"
1,7,1,1,70,70,3252,3351,7,28664,2005-08-31,"-47,53063234","-21,56795114",4326,500,1,44,1,0,Normal,"20,79",,0,1,"26,75","26,75"
1,7,1,1,71,71,3253,3352,7,28665,2005-08-31,"-47,52896296","-21,56797647",4326,500,1,1,1,2,Dominante,"22,12","25,5",1,1,"26,21","25,5"
1,7,1,1,71,71,3254,3353,7,28665,2005-08-31,"-47,52896296","-21,56797647",4326,500,1,2,1,0,Normal,"20,59",,0,1,"25,93","25,93"
1,7,1,1,71,71,3255,3354,7,28665,2005-08-31,"-47,52896296","-21,56797647",4326,500,1,3,1,0,Normal,"20,79",,0,1,"25,97","25,97"
1,7,1,1,71,71,3256,3355,7,28665,2005-08-31,"-47,52896296","-21,56797647",4326,500,1,4,1,2,Dominante,"21,1",24,1,1,"26,03",24
1,7,1,1,71,71,3257,3356,7,28665,2005-08-31,"-47,52896296","-21,56797647",4326,500,1,5,1,5,Inclinadas,"13,27",,0,1,"23,82","23,82"
1,7,1,1,71,71,3258,3357,7,28665,2005-08-31,"-47,52896296","-21,56797647",4326,500,1,6,1,0,Normal,"18,53",,0,1,"25,49","25,49"
1,7,1,1,71,71,3259,3358,7,28665,2005-08-31,"-47,52896296","-21,56797647",4326,500,1,7,1,1,Falha,0,,0,0,,
1,7,1,1,71,71,3260,3359,7,28665,2005-08-31,"-47,52896296","-21,56797647",4326,500,1,8,1,0,Normal,"18,4",,0,1,"25,46","25,46"
1,7,1,1,71,71,3261,3360,7,28665,2005-08-31,"-47,52896296","-21,56797647",4326,500,1,9,1,0,Normal,"20,31",,0,1,"25,88","25,88"
1,7,1,1,71,71,3262,3361,7,28665,2005-08-31,"-47,52896296","-21,56797647",4326,500,1,10,1,5,Inclinadas,"13,56",,0,1,"23,94","23,94"
1,7,1,1,71,71,3263,3362,7,28665,2005-08-31,"-47,52896296","-21,56797647",4326,500,1,11,1,0,Normal,"15,82",,0,1,"24,76","24,76"
1,7,1,1,71,71,3264,3363,7,28665,2005-08-31,"-47,52896296","-21,56797647",4326,500,1,12,1,2,Dominante,"22,5","27,1",1,1,"26,27","27,1"
1,7,1,1,71,71,3265,3364,7,28665,2005-08-31,"-47,52896296","-21,56797647",4326,500,1,13,1,0,Normal,"19,1",,0,1,"25,62","25,62"
1,7,1,1,71,71,3266,3365,7,28665,2005-08-31,"-47,52896296","-21,56797647",4326,500,1,14,1,0,Normal,"15,92",,0,1,"24,79","24,79"
1,7,1,1,71,71,3267,3366,7,28665,2005-08-31,"-47,52896296","-21,56797647",4326,500,1,15,1,0,Normal,"20,37",,0,1,"25,89","25,89"
1,7,1,1,71,71,3268,3367,7,28665,2005-08-31,"-47,52896296","-21,56797647",4326,500,1,16,1,0,Normal,"13,69",,0,1,"23,99","23,99"
1,7,1,1,71,71,3269,3368,7,28665,2005-08-31,"-47,52896296","-21,56797647",4326,500,1,17,1,0,Normal,"16,49",,0,1,"24,96","24,96"
1,7,1,1,71,71,3270,3369,7,28665,2005-08-31,"-47,52896296","-21,56797647",4326,500,1,18,1,0,Normal,"19,03",,0,1,"25,61","25,61"
1,7,1,1,71,71,3271,3370,7,28665,2005-08-31,"-47,52896296","-21,56797647",4326,500,1,19,1,1,Falha,0,,0,0,,
1,7,1,1,71,71,3272,3371,7,28665,2005-08-31,"-47,52896296","-21,56797647",4326,500,1,20,1,0,Normal,"18,59","25,7",1,1,"25,51","25,7"
1,7,1,1,71,71,3273,3372,7,28665,2005-08-31,"-47,52896296","-21,56797647",4326,500,1,21,1,2,Dominante,"24,41","26,5",1,1,"26,57","26,5"
1,7,1,1,71,71,3274,3373,7,28665,2005-08-31,"-47,52896296","-21,56797647",4326,500,1,22,1,1,Falha,0,,0,0,,
1,7,1,1,71,71,3275,3374,7,28665,2005-08-31,"-47,52896296","-21,56797647",4326,500,1,23,1,0,Normal,"19,1","25,8",1,1,"25,62","25,8"
1,7,1,1,71,71,3276,3375,7,28665,2005-08-31,"-47,52896296","-21,56797647",4326,500,1,24,1,0,Normal,"19,8","26,8",1,1,"25,77","26,8"
1,7,1,1,71,71,3277,3376,7,28665,2005-08-31,"-47,52896296","-21,56797647",4326,500,1,25,1,0,Normal,"17,89","26,3",1,1,"25,34","26,3"
1,7,1,1,71,71,3278,3377,7,28665,2005-08-31,"-47,52896296","-21,56797647",4326,500,1,26,1,0,Normal,"20,56","26,3",1,1,"25,93","26,3"
1,7,1,1,71,71,3279,3378,7,28665,2005-08-31,"-47,52896296","-21,56797647",4326,500,1,27,1,1,Falha,0,,0,0,,
1,7,1,1,71,71,3280,3379,7,28665,2005-08-31,"-47,52896296","-21,56797647",4326,500,1,28,1,0,Normal,"19,45","25,5",1,1,"25,7","25,5"
1,7,1,1,71,71,3281,3380,7,28665,2005-08-31,"-47,52896296","-21,56797647",4326,500,1,29,1,0,Normal,"17,35","25,6",1,1,"25,2","25,6"
1,7,1,1,71,71,3282,3381,7,28665,2005-08-31,"-47,52896296","-21,56797647",4326,500,1,30,1,3,Bifurcada Abaixo,"14,9","24,5",1,1,"24,45","24,5"
1,7,1,1,71,71,3282,3382,7,28665,2005-08-31,"-47,52896296","-21,56797647",4326,500,1,30,2,5,Inclinadas,"10,03",,0,1,"22,05","22,05"
1,7,1,1,71,71,3283,3383,7,28665,2005-08-31,"-47,52896296","-21,56797647",4326,500,1,31,1,0,Normal,"15,28","23,6",1,1,"24,58","23,6"
1,7,1,1,71,71,3284,3384,7,28665,2005-08-31,"-47,52896296","-21,56797647",4326,500,1,32,1,2,Dominante,"21,84","26,1",1,1,"26,16","26,1"
1,7,1,1,71,71,3285,3385,7,28665,2005-08-31,"-47,52896296","-21,56797647",4326,500,1,33,1,0,Normal,"15,85",,0,1,"24,76","24,76"
1,7,1,1,71,71,3286,3386,7,28665,2005-08-31,"-47,52896296","-21,56797647",4326,500,1,34,1,6,Morta,"12,29",,0,0,"23,37","23,37"
1,7,1,1,71,71,3287,3387,7,28665,2005-08-31,"-47,52896296","-21,56797647",4326,500,1,35,1,0,Normal,"19,03",,0,1,"25,61","25,61"
1,7,1,1,71,71,3288,3388,7,28665,2005-08-31,"-47,52896296","-21,56797647",4326,500,1,36,1,0,Normal,"20,28",,0,1,"25,87","25,87"
1,7,1,1,71,71,3289,3389,7,28665,2005-08-31,"-47,52896296","-21,56797647",4326,500,1,37,1,1,Falha,0,,0,0,,
1,7,1,1,71,71,3290,3390,7,28665,2005-08-31,"-47,52896296","-21,56797647",4326,500,1,38,1,0,Normal,"17,25",,0,1,"25,17","25,17"
1,7,1,1,71,71,3291,3391,7,28665,2005-08-31,"-47,52896296","-21,56797647",4326,500,1,39,1,0,Normal,"17,25",,0,1,"25,17","25,17"
1,7,1,1,71,71,3292,3392,7,28665,2005-08-31,"-47,52896296","-21,56797647",4326,500,1,40,1,0,Normal,"17,25",,0,1,"25,17","25,17"
1,7,1,1,71,71,3293,3393,7,28665,2005-08-31,"-47,52896296","-21,56797647",4326,500,1,41,1,0,Normal,"16,87",,0,1,"25,07","25,07"
1,7,1,1,71,71,3294,3394,7,28665,2005-08-31,"-47,52896296","-21,56797647",4326,500,1,42,1,0,Normal,"18,08",,0,1,"25,38","25,38"
1,7,1,1,71,71,3295,3395,7,28665,2005-08-31,"-47,52896296","-21,56797647",4326,500,1,43,1,0,Normal,"18,59",,0,1,"25,51","25,51"
1,7,1,1,71,71,3296,3396,7,28665,2005-08-31,"-47,52896296","-21,56797647",4326,500,1,44,1,0,Normal,"18,21",,0,1,"25,42","25,42"
1,8,1,3,73,73,3341,3441,8,28667,2005-08-31,"-47,54567422","-21,569284",4326,500,1,1,1,0,Normal,"19,99",,0,1,"28,79","28,79"
1,8,1,3,73,73,3342,3442,8,28667,2005-08-31,"-47,54567422","-21,569284",4326,500,1,2,1,0,Normal,"17,35",,0,1,"27,77","27,77"
1,8,1,3,73,73,3343,3443,8,28667,2005-08-31,"-47,54567422","-21,569284",4326,500,1,3,1,0,Normal,"19,8",,0,1,"28,72","28,72"
1,8,1,3,73,73,3344,3444,8,28667,2005-08-31,"-47,54567422","-21,569284",4326,500,1,4,1,0,Normal,"18,78",,0,1,"28,35","28,35"
1,8,1,3,73,73,3345,3445,8,28667,2005-08-31,"-47,54567422","-21,569284",4326,500,1,5,1,0,Normal,"15,57",,0,1,"26,93","26,93"
1,8,1,3,73,73,3346,3446,8,28667,2005-08-31,"-47,54567422","-21,569284",4326,500,1,6,1,0,Normal,"20,94",,0,1,"29,09","29,09"
1,8,1,3,73,73,3347,3447,8,28667,2005-08-31,"-47,54567422","-21,569284",4326,500,1,7,1,0,Normal,"11,14",,0,1,"23,88","23,88"
1,8,1,3,73,73,3348,3448,8,28667,2005-08-31,"-47,54567422","-21,569284",4326,500,1,8,1,2,Dominante,"24,7","29,8",1,1,"30,11","29,8"
1,8,1,3,73,73,3349,3449,8,28667,2005-08-31,"-47,54567422","-21,569284",4326,500,1,9,1,1,Falha,0,,0,0,,
1,8,1,3,73,73,3350,3450,8,28667,2005-08-31,"-47,54567422","-21,569284",4326,500,1,10,1,2,Dominante,"23,87","28,2",1,1,"29,91","28,2"
1,8,1,3,73,73,3351,3451,8,28667,2005-08-31,"-47,54567422","-21,569284",4326,500,1,11,1,1,Falha,0,,0,0,,
1,8,1,3,73,73,3352,3452,8,28667,2005-08-31,"-47,54567422","-21,569284",4326,500,1,12,1,0,Normal,"22,76",,0,1,"29,62","29,62"
1,8,1,3,73,73,3353,3453,8,28667,2005-08-31,"-47,54567422","-21,569284",4326,500,1,13,1,0,Normal,"4,93",,0,1,"14,04","14,04"
1,8,1,3,73,73,3354,3454,8,28667,2005-08-31,"-47,54567422","-21,569284",4326,500,1,14,1,0,Normal,"17,51",,0,1,"27,84","27,84"
1,8,1,3,73,73,3355,3455,8,28667,2005-08-31,"-47,54567422","-21,569284",4326,500,1,15,1,0,Normal,"15,76",,0,1,"27,03","27,03"
1,8,1,3,73,73,3356,3456,8,28667,2005-08-31,"-47,54567422","-21,569284",4326,500,1,16,1,0,Normal,"22,6",,0,1,"29,58","29,58"
1,8,1,3,73,73,3357,3457,8,28667,2005-08-31,"-47,54567422","-21,569284",4326,500,1,17,1,0,Normal,"10,19",,0,1,"22,96","22,96"
1,8,1,3,73,73,3358,3458,8,28667,2005-08-31,"-47,54567422","-21,569284",4326,500,1,18,1,0,Normal,"18,78",,0,1,"28,35","28,35"
1,8,1,3,73,73,3359,3459,8,28667,2005-08-31,"-47,54567422","-21,569284",4326,500,1,19,1,3,Bifurcada Abaixo,"15,41",,0,1,"26,84","26,84"
1,8,1,3,73,73,3359,3460,8,28667,2005-08-31,"-47,54567422","-21,569284",4326,500,1,19,2,3,Bifurcada Abaixo,"12,03",,0,1,"24,64","24,64"
1,8,1,3,73,73,3360,3461,8,28667,2005-08-31,"-47,54567422","-21,569284",4326,500,1,20,1,0,Normal,"19,83",,0,1,"28,73","28,73"
1,8,1,3,73,73,3361,3462,8,28667,2005-08-31,"-47,54567422","-21,569284",4326,500,1,21,1,0,Normal,"20,44","28,1",1,1,"28,94","28,1"
1,8,1,3,73,73,3362,3463,8,28667,2005-08-31,"-47,54567422","-21,569284",4326,500,1,22,1,1,Falha,0,,0,0,,
1,8,1,3,73,73,3363,3464,8,28667,2005-08-31,"-47,54567422","-21,569284",4326,500,1,23,1,0,Normal,"22,73","29,2",1,1,"29,61","29,2"
1,8,1,3,73,73,3364,3465,8,28667,2005-08-31,"-47,54567422","-21,569284",4326,500,1,24,1,0,Normal,"18,33",28,1,1,"28,18",28
1,8,1,3,73,73,3365,3466,8,28667,2005-08-31,"-47,54567422","-21,569284",4326,500,1,25,1,0,Normal,"21,52",30,1,1,"29,27",30
1,8,1,3,73,73,3366,3467,8,28667,2005-08-31,"-47,54567422","-21,569284",4326,500,1,26,1,0,Normal,"19,29","28,3",1,1,"28,54","28,3"
1,8,1,3,73,73,3367,3468,8,28667,2005-08-31,"-47,54567422","-21,569284",4326,500,1,27,1,0,Normal,"21,29",29,1,1,"29,2",29
1,8,1,3,73,73,3368,3469,8,28667,2005-08-31,"-47,54567422","-21,569284",4326,500,1,28,1,5,Inclinadas,"5,41",,0,1,"15,28","15,28"
1,8,1,3,73,73,3369,3470,8,28667,2005-08-31,"-47,54567422","-21,569284",4326,500,1,29,1,0,Normal,"14,96","26,7",1,1,"26,6","26,7"
1,8,1,3,73,73,3370,3471,8,28667,2005-08-31,"-47,54567422","-21,569284",4326,500,1,30,1,0,Normal,"18,72","27,8",1,1,"28,33","27,8"
1,8,1,3,73,73,3371,3472,8,28667,2005-08-31,"-47,54567422","-21,569284",4326,500,1,31,1,0,Normal,"19,29","28,5",1,1,"28,54","28,5"
1,8,1,3,73,73,3372,3473,8,28667,2005-08-31,"-47,54567422","-21,569284",4326,500,1,32,1,0,Normal,"18,84",29,1,1,"28,38",29
1,8,1,3,73,73,3373,3474,8,28667,2005-08-31,"-47,54567422","-21,569284",4326,500,1,33,1,0,Normal,"22,76","31,5",1,1,"29,62","31,5"
1,8,1,3,73,73,3374,3475,8,28667,2005-08-31,"-47,54567422","-21,569284",4326,500,1,34,1,0,Normal,"16,14",,0,1,"27,22","27,22"
1,8,1,3,73,73,3375,3476,8,28667,2005-08-31,"-47,54567422","-21,569284",4326,500,1,35,1,0,Normal,"13,37",,0,1,"25,62","25,62"
1,8,1,3,73,73,3376,3477,8,28667,2005-08-31,"-47,54567422","-21,569284",4326,500,1,36,1,0,Normal,"16,17",,0,1,"27,23","27,23"
1,8,1,3,73,73,3377,3478,8,28667,2005-08-31,"-47,54567422","-21,569284",4326,500,1,37,1,0,Normal,"15,66",,0,1,"26,98","26,98"
1,8,1,3,73,73,3378,3479,8,28667,2005-08-31,"-47,54567422","-21,569284",4326,500,1,38,1,2,Dominante,"24,51","30,5",1,1,"30,06","30,5"
1,8,1,3,73,73,3379,3480,8,28667,2005-08-31,"-47,54567422","-21,569284",4326,500,1,39,1,2,Dominante,"23,4",31,1,1,"29,79",31
1,8,1,3,73,73,3380,3481,8,28667,2005-08-31,"-47,54567422","-21,569284",4326,500,1,40,1,0,Normal,"19,74",,0,1,"28,7","28,7"
1,8,1,3,73,73,3381,3482,8,28667,2005-08-31,"-47,54567422","-21,569284",4326,500,1,41,1,0,Normal,"19,67",,0,1,"28,68","28,68"
1,8,1,3,73,73,3382,3483,8,28667,2005-08-31,"-47,54567422","-21,569284",4326,500,1,42,1,0,Normal,"17,03",,0,1,"27,63","27,63"
1,8,1,3,73,73,3383,3484,8,28667,2005-08-31,"-47,54567422","-21,569284",4326,500,1,43,1,0,Normal,"14,01",,0,1,"26,04","26,04"
1,8,1,3,73,73,3384,3485,8,28667,2005-08-31,"-47,54567422","-21,569284",4326,500,1,44,1,0,Normal,"20,44",,0,1,"28,94","28,94"
1,8,1,3,73,73,3385,3486,8,28667,2005-08-31,"-47,54567422","-21,569284",4326,500,1,45,1,0,Normal,"11,01",,0,1,"23,77","23,77"
1,8,1,3,73,73,3386,3487,8,28667,2005-08-31,"-47,54567422","-21,569284",4326,500,1,46,1,2,Dominante,"24,45","29,5",1,1,"30,05","29,5"
1,8,1,3,73,73,3387,3488,8,28667,2005-08-31,"-47,54567422","-21,569284",4326,500,1,47,1,0,Normal,"16,71",,0,1,"27,49","27,49"
1,8,1,3,73,73,3388,3489,8,28667,2005-08-31,"-47,54567422","-21,569284",4326,500,1,48,1,0,Normal,"13,5",,0,1,"25,71","25,71"
1,8,1,3,73,73,3389,3490,8,28667,2005-08-31,"-47,54567422","-21,569284",4326,500,1,49,1,0,Normal,"9,29",,0,1,"21,96","21,96"
1,8,1,3,75,75,3430,3532,8,28669,2005-08-31,"-47,54234513","-21,56933481",4326,500,1,1,1,2,Dominante,"23,36","30,5",1,1,"29,83","30,5"
1,8,1,3,75,75,3431,3533,8,28669,2005-08-31,"-47,54234513","-21,56933481",4326,500,1,2,1,2,Dominante,"25,88","30,4",1,1,"30,72","30,4"
1,8,1,3,75,75,3432,3534,8,28669,2005-08-31,"-47,54234513","-21,56933481",4326,500,1,3,1,0,Normal,"20,47",,0,1,"28,59","28,59"
1,8,1,3,75,75,3433,3535,8,28669,2005-08-31,"-47,54234513","-21,56933481",4326,500,1,4,1,5,Inclinadas,"10,19",,0,1,"20,19","20,19"
1,8,1,3,75,75,3434,3536,8,28669,2005-08-31,"-47,54234513","-21,56933481",4326,500,1,5,1,0,Normal,"18,88",,0,1,"27,77","27,77"
1,8,1,3,75,75,3435,3537,8,28669,2005-08-31,"-47,54234513","-21,56933481",4326,500,1,6,1,0,Normal,"19,83",,0,1,"28,27","28,27"
1,8,1,3,75,75,3436,3538,8,28669,2005-08-31,"-47,54234513","-21,56933481",4326,500,1,7,1,1,Falha,0,,0,0,,
1,8,1,3,75,75,3437,3539,8,28669,2005-08-31,"-47,54234513","-21,56933481",4326,500,1,8,1,0,Normal,"17,79",,0,1,"27,14","27,14"
1,8,1,3,75,75,3438,3540,8,28669,2005-08-31,"-47,54234513","-21,56933481",4326,500,1,9,1,0,Normal,"22,28",,0,1,"29,4","29,4"
1,8,1,3,75,75,3439,3541,8,28669,2005-08-31,"-47,54234513","-21,56933481",4326,500,1,10,1,0,Normal,"19,86",,0,1,"28,28","28,28"
1,8,1,3,75,75,3440,3542,8,28669,2005-08-31,"-47,54234513","-21,56933481",4326,500,1,11,1,0,Normal,"23,11",,0,1,"29,73","29,73"
1,8,1,3,75,75,3441,3543,8,28669,2005-08-31,"-47,54234513","-21,56933481",4326,500,1,12,1,0,Normal,"14,42",,0,1,"24,74","24,74"
1,8,1,3,75,75,3442,3544,8,28669,2005-08-31,"-47,54234513","-21,56933481",4326,500,1,13,1,0,Normal,"19,35",,0,1,"28,02","28,02"
1,8,1,3,75,75,3443,3545,8,28669,2005-08-31,"-47,54234513","-21,56933481",4326,500,1,14,1,0,Normal,"17,67",,0,1,"27,07","27,07"
1,8,1,3,75,75,3444,3546,8,28669,2005-08-31,"-47,54234513","-21,56933481",4326,500,1,15,1,2,Dominante,"23,33",30,1,1,"29,82",30
1,8,1,3,75,75,3445,3547,8,28669,2005-08-31,"-47,54234513","-21,56933481",4326,500,1,16,1,0,Normal,"15,28",,0,1,"25,43","25,43"
1,8,1,3,75,75,3446,3548,8,28669,2005-08-31,"-47,54234513","-21,56933481",4326,500,1,17,1,2,Dominante,"23,94","28,7",1,1,"30,05","28,7"
1,8,1,3,75,75,3447,3549,8,28669,2005-08-31,"-47,54234513","-21,56933481",4326,500,1,18,1,0,Normal,"22,38",,0,1,"29,44","29,44"
1,8,1,3,75,75,3448,3550,8,28669,2005-08-31,"-47,54234513","-21,56933481",4326,500,1,19,1,1,Falha,0,,0,0,,
1,8,1,3,75,75,3449,3551,8,28669,2005-08-31,"-47,54234513","-21,56933481",4326,500,1,20,1,0,Normal,"20,24","28,4",1,1,"28,47","28,4"
1,8,1,3,75,75,3450,3552,8,28669,2005-08-31,"-47,54234513","-21,56933481",4326,500,1,21,1,5,Inclinadas,"8,75",,0,1,"18,01","18,01"
1,8,1,3,75,75,3451,3553,8,28669,2005-08-31,"-47,54234513","-21,56933481",4326,500,1,22,1,0,Normal,"22,44",29,1,1,"29,46",29
1,8,1,3,75,75,3452,3554,8,28669,2005-08-31,"-47,54234513","-21,56933481",4326,500,1,23,1,5,Inclinadas,"7,48",,0,1,"15,71","15,71"
1,8,1,3,75,75,3453,3555,8,28669,2005-08-31,"-47,54234513","-21,56933481",4326,500,1,24,1,2,Dominante,"23,33","29,5",1,1,"29,82","29,5"
1,8,1,3,75,75,3454,3556,8,28669,2005-08-31,"-47,54234513","-21,56933481",4326,500,1,25,1,0,Normal,"9,96","18,9",1,1,"19,87","18,9"
1,8,1,3,75,75,3455,3557,8,28669,2005-08-31,"-47,54234513","-21,56933481",4326,500,1,26,1,0,Normal,"23,01","29,5",1,1,"29,69","29,5"
1,8,1,3,75,75,3456,3558,8,28669,2005-08-31,"-47,54234513","-21,56933481",4326,500,1,27,1,0,Normal,"16,62","27,5",1,1,"26,39","27,5"
1,8,1,3,75,75,3457,3559,8,28669,2005-08-31,"-47,54234513","-21,56933481",4326,500,1,28,1,0,Normal,"18,88","27,8",1,1,"27,77","27,8"
1,8,1,3,75,75,3458,3560,8,28669,2005-08-31,"-47,54234513","-21,56933481",4326,500,1,29,1,0,Normal,"14,26","25,7",1,1,"24,6","25,7"
1,8,1,3,75,75,3459,3561,8,28669,2005-08-31,"-47,54234513","-21,56933481",4326,500,1,30,1,0,Normal,"12,1",23,1,1,"22,52",23
1,8,1,3,75,75,3460,3562,8,28669,2005-08-31,"-47,54234513","-21,56933481",4326,500,1,31,1,0,Normal,"19,23",28,1,1,"27,96",28
1,8,1,3,75,75,3461,3563,8,28669,2005-08-31,"-47,54234513","-21,56933481",4326,500,1,32,1,0,Normal,"14,16",,0,1,"24,52","24,52"
1,8,1,3,75,75,3462,3564,8,28669,2005-08-31,"-47,54234513","-21,56933481",4326,500,1,33,1,0,Normal,"9,23",,0,1,"18,79","18,79"
1,8,1,3,75,75,3463,3565,8,28669,2005-08-31,"-47,54234513","-21,56933481",4326,500,1,34,1,0,Normal,"16,65",,0,1,"26,41","26,41"
1,8,1,3,75,75,3464,3566,8,28669,2005-08-31,"-47,54234513","-21,56933481",4326,500,1,35,1,0,Normal,"16,93",,0,1,"26,6","26,6"
1,8,1,3,75,75,3465,3567,8,28669,2005-08-31,"-47,54234513","-21,56933481",4326,500,1,36,1,0,Normal,"14,87",,0,1,"25,11","25,11"
1,8,1,3,75,75,3466,3568,8,28669,2005-08-31,"-47,54234513","-21,56933481",4326,500,1,37,1,0,Normal,"18,3",,0,1,"27,44","27,44"
1,8,1,3,75,75,3467,3569,8,28669,2005-08-31,"-47,54234513","-21,56933481",4326,500,1,38,1,0,Normal,"17,6",,0,1,"27,02","27,02"
1,8,1,3,75,75,3468,3570,8,28669,2005-08-31,"-47,54234513","-21,56933481",4326,500,1,39,1,0,Normal,"20,53",,0,1,"28,61","28,61"
1,8,1,3,75,75,3469,3571,8,28669,2005-08-31,"-47,54234513","-21,56933481",4326,500,1,40,1,0,Normal,"22,09",,0,1,"29,32","29,32"
1,8,1,3,75,75,3470,3572,8,28669,2005-08-31,"-47,54234513","-21,56933481",4326,500,1,41,1,0,Normal,"19,8",,0,1,"28,25","28,25"
1,8,1,3,75,75,3471,3573,8,28669,2005-08-31,"-47,54234513","-21,56933481",4326,500,1,42,1,0,Normal,"17,86",,0,1,"27,18","27,18"
1,8,1,3,75,75,3472,3574,8,28669,2005-08-31,"-47,54234513","-21,56933481",4326,500,1,43,1,0,Normal,"19,61",,0,1,"28,16","28,16"
1,8,1,3,75,75,3473,3575,8,28669,2005-08-31,"-47,54234513","-21,56933481",4326,500,1,44,1,0,Normal,"21,65",,0,1,"29,13","29,13"
1,8,1,3,75,75,3474,3576,8,28669,2005-08-31,"-47,54234513","-21,56933481",4326,500,1,45,1,0,Normal,"20,79",,0,1,"28,74","28,74"
1,8,1,3,75,75,3475,3577,8,28669,2005-08-31,"-47,54234513","-21,56933481",4326,500,1,46,1,0,Normal,"4,3",,0,1,"7,82","7,82"
1,8,1,3,75,75,3476,3578,8,28669,2005-08-31,"-47,54234513","-21,56933481",4326,500,1,47,1,3,Bifurcada Abaixo,"20,79",,0,1,"28,74","28,74"
1,8,1,3,75,75,3476,3579,8,28669,2005-08-31,"-47,54234513","-21,56933481",4326,500,1,47,2,3,Bifurcada Abaixo,"16,97",,0,1,"26,62","26,62"
1,8,1,3,75,75,3477,3580,8,28669,2005-08-31,"-47,54234513","-21,56933481",4326,500,1,48,1,0,Normal,"8,4",,0,1,"17,42","17,42"
1,8,1,3,75,75,3478,3581,8,28669,2005-08-31,"-47,54234513","-21,56933481",4326,500,1,49,1,0,Normal,"23,24",,0,1,"29,78","29,78"
1,8,1,3,75,75,3479,3582,8,28669,2005-08-31,"-47,54234513","-21,56933481",4326,500,1,50,1,0,Normal,"20,09",,0,1,"28,4","28,4"
1,8,1,3,77,77,3536,3639,8,28671,2005-08-31,"-47,54240133","-21,57089586",4326,500,1,1,1,5,Inclinadas,"14,13",,0,1,"22,78","22,78"
1,8,1,3,77,77,3537,3640,8,28671,2005-08-31,"-47,54240133","-21,57089586",4326,500,1,2,1,0,Normal,"14,32",,0,1,"22,97","22,97"
1,8,1,3,77,77,3538,3641,8,28671,2005-08-31,"-47,54240133","-21,57089586",4326,500,1,3,1,6,Morta,"14,04",,0,0,"22,69","22,69"
1,8,1,3,77,77,3539,3642,8,28671,2005-08-31,"-47,54240133","-21,57089586",4326,500,1,4,1,0,Normal,"11,24",,0,1,"19,35","19,35"
1,8,1,3,77,77,3540,3643,8,28671,2005-08-31,"-47,54240133","-21,57089586",4326,500,1,5,1,0,Normal,"12,76",,0,1,"21,28","21,28"
1,8,1,3,77,77,3541,3644,8,28671,2005-08-31,"-47,54240133","-21,57089586",4326,500,1,6,1,2,Dominante,"22,73",28,1,1,"28,95",28
1,8,1,3,77,77,3542,3645,8,28671,2005-08-31,"-47,54240133","-21,57089586",4326,500,1,7,1,0,Normal,"19,1",,0,1,"26,86","26,86"
1,8,1,3,77,77,3543,3646,8,28671,2005-08-31,"-47,54240133","-21,57089586",4326,500,1,8,1,0,Normal,"19,67",,0,1,"27,23","27,23"
1,8,1,3,77,77,3544,3647,8,28671,2005-08-31,"-47,54240133","-21,57089586",4326,500,1,9,1,2,Dominante,"21,77","27,7",1,1,"28,45","27,7"
1,8,1,3,77,77,3545,3648,8,28671,2005-08-31,"-47,54240133","-21,57089586",4326,500,1,10,1,0,Normal,"20,15",,0,1,"27,53","27,53"
1,8,1,3,77,77,3546,3649,8,28671,2005-08-31,"-47,54240133","-21,57089586",4326,500,1,11,1,3,Bifurcada Abaixo,"18,4",,0,1,"26,39","26,39"
1,8,1,3,77,77,3546,3650,8,28671,2005-08-31,"-47,54240133","-21,57089586",4326,500,1,11,2,3,Bifurcada Abaixo,"10,82",,0,1,"18,76","18,76"
1,8,1,3,77,77,3547,3651,8,28671,2005-08-31,"-47,54240133","-21,57089586",4326,500,1,12,1,5,Inclinadas,"9,71",,0,1,"17,07","17,07"
1,8,1,3,77,77,3548,3652,8,28671,2005-08-31,"-47,54240133","-21,57089586",4326,500,1,13,1,3,Bifurcada Abaixo,"20,94",,0,1,"27,99","27,99"
1,8,1,3,77,77,3548,3653,8,28671,2005-08-31,"-47,54240133","-21,57089586",4326,500,1,13,2,3,Bifurcada Abaixo,"18,62",,0,1,"26,54","26,54"
1,8,1,3,77,77,3549,3654,8,28671,2005-08-31,"-47,54240133","-21,57089586",4326,500,1,14,1,0,Normal,"11,08",,0,1,"19,13","19,13"
1,8,1,3,77,77,3550,3655,8,28671,2005-08-31,"-47,54240133","-21,57089586",4326,500,1,15,1,0,Normal,"21,65",,0,1,"28,39","28,39"
1,8,1,3,77,77,3551,3656,8,28671,2005-08-31,"-47,54240133","-21,57089586",4326,500,1,16,1,0,Normal,"14,42",,0,1,"23,07","23,07"
1,8,1,3,77,77,3552,3657,8,28671,2005-08-31,"-47,54240133","-21,57089586",4326,500,1,17,1,0,Normal,"21,33",,0,1,"28,21","28,21"
1,8,1,3,77,77,3553,3658,8,28671,2005-08-31,"-47,54240133","-21,57089586",4326,500,1,18,1,0,Normal,"20,05",,0,1,"27,46","27,46"
1,8,1,3,77,77,3554,3659,8,28671,2005-08-31,"-47,54240133","-21,57089586",4326,500,1,19,1,0,Normal,"20,31",,0,1,"27,62","27,62"
1,8,1,3,77,77,3555,3660,8,28671,2005-08-31,"-47,54240133","-21,57089586",4326,500,1,20,1,0,Normal,"18,56","28,7",1,1,"26,5","28,7"
1,8,1,3,77,77,3556,3661,8,28671,2005-08-31,"-47,54240133","-21,57089586",4326,500,1,21,1,0,Normal,"20,53","28,7",1,1,"27,75","28,7"
1,8,1,3,77,77,3557,3662,8,28671,2005-08-31,"-47,54240133","-21,57089586",4326,500,1,22,1,2,Dominante,"22,28","28,2",1,1,"28,72","28,2"
1,8,1,3,77,77,3558,3663,8,28671,2005-08-31,"-47,54240133","-21,57089586",4326,500,1,23,1,0,Normal,"16,55","24,4",1,1,"24,99","24,4"
1,8,1,3,77,77,3559,3664,8,28671,2005-08-31,"-47,54240133","-21,57089586",4326,500,1,24,1,5,Inclinadas,"10,98",,0,1,"18,99","18,99"
1,8,1,3,77,77,3560,3665,8,28671,2005-08-31,"-47,54240133","-21,57089586",4326,500,1,25,1,0,Normal,"14,8","21,5",1,1,"23,44","21,5"
1,8,1,3,77,77,3561,3666,8,28671,2005-08-31,"-47,54240133","-21,57089586",4326,500,1,26,1,1,Falha,0,,0,0,,
1,8,1,3,77,77,3562,3667,8,28671,2005-08-31,"-47,54240133","-21,57089586",4326,500,1,27,1,0,Normal,"17,19",26,1,1,"25,5",26
1,8,1,3,77,77,3563,3668,8,28671,2005-08-31,"-47,54240133","-21,57089586",4326,500,1,28,1,0,Normal,"16,93","25,7",1,1,"25,29","25,7"
1,8,1,3,77,77,3564,3669,8,28671,2005-08-31,"-47,54240133","-21,57089586",4326,500,1,29,1,0,Normal,"19,83","26,8",1,1,"27,33","26,8"
1,8,1,3,77,77,3565,3670,8,28671,2005-08-31,"-47,54240133","-21,57089586",4326,500,1,30,1,0,Normal,"14,96",25,1,1,"23,59",25
1,8,1,3,77,77,3566,3671,8,28671,2005-08-31,"-47,54240133","-21,57089586",4326,500,1,31,1,0,Normal,"17,6","25,2",1,1,"25,81","25,2"
1,8,1,3,77,77,3567,3672,8,28671,2005-08-31,"-47,54240133","-21,57089586",4326,500,1,32,1,0,Normal,"18,4",,0,1,"26,39","26,39"
1,8,1,3,77,77,3568,3673,8,28671,2005-08-31,"-47,54240133","-21,57089586",4326,500,1,33,1,6,Morta,"10,03",,0,0,"17,58","17,58"
1,8,1,3,77,77,3569,3674,8,28671,2005-08-31,"-47,54240133","-21,57089586",4326,500,1,34,1,0,Normal,"16,07",,0,1,"24,59","24,59"
1,8,1,3,77,77,3570,3675,8,28671,2005-08-31,"-47,54240133","-21,57089586",4326,500,1,35,1,6,Morta,"12,51",,0,0,"20,98","20,98"
1,8,1,3,77,77,3571,3676,8,28671,2005-08-31,"-47,54240133","-21,57089586",4326,500,1,36,1,5,Inclinadas,"7,96",,0,1,"13,94","13,94"
1,8,1,3,77,77,3572,3677,8,28671,2005-08-31,"-47,54240133","-21,57089586",4326,500,1,37,1,5,Inclinadas,"11,14",,0,1,"19,22","19,22"
1,8,1,3,77,77,3573,3678,8,28671,2005-08-31,"-47,54240133","-21,57089586",4326,500,1,38,1,0,Normal,"15,69",,0,1,"24,26","24,26"
1,8,1,3,77,77,3574,3679,8,28671,2005-08-31,"-47,54240133","-21,57089586",4326,500,1,39,1,0,Normal,"11,94",,0,1,"20,28","20,28"
1,8,1,3,77,77,3575,3680,8,28671,2005-08-31,"-47,54240133","-21,57089586",4326,500,1,40,1,0,Normal,"18,56",,0,1,"26,5","26,5"
1,8,1,3,77,77,3576,3681,8,28671,2005-08-31,"-47,54240133","-21,57089586",4326,500,1,41,1,6,Morta,"7,96",,0,0,"13,94","13,94"
1,8,1,3,77,77,3577,3682,8,28671,2005-08-31,"-47,54240133","-21,57089586",4326,500,1,42,1,0,Normal,"21,58",,0,1,"28,35","28,35"
1,8,1,3,77,77,3578,3683,8,28671,2005-08-31,"-47,54240133","-21,57089586",4326,500,1,43,1,0,Normal,"18,88",,0,1,"26,71","26,71"
1,8,1,3,77,77,3579,3684,8,28671,2005-08-31,"-47,54240133","-21,57089586",4326,500,1,44,1,2,Dominante,"25,08",30,1,1,"30,04",30
1,8,1,3,77,77,3580,3685,8,28671,2005-08-31,"-47,54240133","-21,57089586",4326,500,1,45,1,6,Morta,"11,78",,0,0,"20,07","20,07"
1,8,1,3,77,77,3581,3686,8,28671,2005-08-31,"-47,54240133","-21,57089586",4326,500,1,46,1,3,Bifurcada Abaixo,"17,92",,0,1,"26,04","26,04"
1,8,1,3,77,77,3581,3687,8,28671,2005-08-31,"-47,54240133","-21,57089586",4326,500,1,46,2,3,Bifurcada Abaixo,"11,24",,0,1,"19,35","19,35"
1,8,1,3,77,77,3582,3688,8,28671,2005-08-31,"-47,54240133","-21,57089586",4326,500,1,47,1,0,Normal,"21,65",,0,1,"28,39","28,39"
1,8,1,3,77,77,3583,3689,8,28671,2005-08-31,"-47,54240133","-21,57089586",4326,500,1,48,1,0,Normal,"20,31",,0,1,"27,62","27,62"
1,8,1,3,77,77,3584,3690,8,28671,2005-08-31,"-47,54240133","-21,57089586",4326,500,1,49,1,2,Dominante,"22,09",29,1,1,"28,62",29
1,8,1,3,78,78,3585,3691,8,28672,2005-08-31,"-47,54070299","-21,57092175",4326,500,1,1,1,0,Normal,"14,23",,0,1,"25,52","25,52"
1,8,1,3,78,78,3586,3692,8,28672,2005-08-31,"-47,54070299","-21,57092175",4326,500,1,2,1,0,Normal,"16,55",,0,1,"26,88","26,88"
1,8,1,3,78,78,3587,3693,8,28672,2005-08-31,"-47,54070299","-21,57092175",4326,500,1,3,1,0,Normal,"12,99",,0,1,"24,63","24,63"
1,8,1,3,78,78,3588,3694,8,28672,2005-08-31,"-47,54070299","-21,57092175",4326,500,1,4,1,2,Dominante,"20,18",28,1,1,"28,47",28
1,8,1,3,78,78,3589,3695,8,28672,2005-08-31,"-47,54070299","-21,57092175",4326,500,1,5,1,1,Falha,0,,0,0,,
1,8,1,3,78,78,3590,3696,8,28672,2005-08-31,"-47,54070299","-21,57092175",4326,500,1,6,1,2,Dominante,"20,21","28,1",1,1,"28,48","28,1"
1,8,1,3,78,78,3591,3697,8,28672,2005-08-31,"-47,54070299","-21,57092175",4326,500,1,7,1,0,Normal,"17,79",,0,1,"27,49","27,49"
1,8,1,3,78,78,3592,3698,8,28672,2005-08-31,"-47,54070299","-21,57092175",4326,500,1,8,1,0,Normal,"17,13",,0,1,"27,17","27,17"
1,8,1,3,78,78,3593,3699,8,28672,2005-08-31,"-47,54070299","-21,57092175",4326,500,1,9,1,0,Normal,"17,44",,0,1,"27,32","27,32"
1,8,1,3,78,78,3594,3700,8,28672,2005-08-31,"-47,54070299","-21,57092175",4326,500,1,10,1,0,Normal,"18,97",,0,1,28,28
1,8,1,3,78,78,3595,3701,8,28672,2005-08-31,"-47,54070299","-21,57092175",4326,500,1,11,1,0,Normal,"9,9",,0,1,"21,7","21,7"
1,8,1,3,78,78,3596,3702,8,28672,2005-08-31,"-47,54070299","-21,57092175",4326,500,1,12,1,0,Normal,"16,46",,0,1,"26,83","26,83"
1,8,1,3,78,78,3597,3703,8,28672,2005-08-31,"-47,54070299","-21,57092175",4326,500,1,13,1,0,Normal,"18,84",,0,1,"27,94","27,94"
1,8,1,3,78,78,3598,3704,8,28672,2005-08-31,"-47,54070299","-21,57092175",4326,500,1,14,1,0,Normal,"13,53",,0,1,"25,04","25,04"
1,8,1,3,78,78,3599,3705,8,28672,2005-08-31,"-47,54070299","-21,57092175",4326,500,1,15,1,0,Normal,"17,38",,0,1,"27,29","27,29"
1,8,1,3,78,78,3600,3706,8,28672,2005-08-31,"-47,54070299","-21,57092175",4326,500,1,16,1,2,Dominante,"20,4","28,4",1,1,"28,55","28,4"
1,8,1,3,78,78,3601,3707,8,28672,2005-08-31,"-47,54070299","-21,57092175",4326,500,1,17,1,6,Morta,"4,62",,0,0,"11,81","11,81"
1,8,1,3,78,78,3602,3708,8,28672,2005-08-31,"-47,54070299","-21,57092175",4326,500,1,18,1,0,Normal,"16,93",,0,1,"27,07","27,07"
1,8,1,3,78,78,3603,3709,8,28672,2005-08-31,"-47,54070299","-21,57092175",4326,500,1,19,1,0,Normal,"18,68",,0,1,"27,88","27,88"
1,8,1,3,78,78,3604,3710,8,28672,2005-08-31,"-47,54070299","-21,57092175",4326,500,1,20,1,1,Falha,0,,0,0,,
1,8,1,3,78,78,3605,3711,8,28672,2005-08-31,"-47,54070299","-21,57092175",4326,500,1,21,1,0,Normal,"7,93",,0,1,"19,01","19,01"
1,8,1,3,78,78,3606,3712,8,28672,2005-08-31,"-47,54070299","-21,57092175",4326,500,1,22,1,0,Normal,"15,12",26,1,1,"26,08",26
1,8,1,3,78,78,3607,3713,8,28672,2005-08-31,"-47,54070299","-21,57092175",4326,500,1,23,1,0,Normal,"17,25",27,1,1,"27,23",27
1,8,1,3,78,78,3608,3714,8,28672,2005-08-31,"-47,54070299","-21,57092175",4326,500,1,24,1,3,Bifurcada Abaixo,"13,59","25,5",1,1,"25,08","25,5"
1,8,1,3,78,78,3608,3715,8,28672,2005-08-31,"-47,54070299","-21,57092175",4326,500,1,24,2,3,Bifurcada Abaixo,"8,59","19,7",1,1,"20,01","19,7"
1,8,1,3,78,78,3609,3716,8,28672,2005-08-31,"-47,54070299","-21,57092175",4326,500,1,25,1,0,Normal,"19,1","27,8",1,1,"28,05","27,8"
1,8,1,3,78,78,3610,3717,8,28672,2005-08-31,"-47,54070299","-21,57092175",4326,500,1,26,1,0,Normal,"15,31","26,4",1,1,"26,2","26,4"
1,8,1,3,78,78,3611,3718,8,28672,2005-08-31,"-47,54070299","-21,57092175",4326,500,1,27,1,0,Normal,"18,56","27,6",1,1,"27,83","27,6"
1,8,1,3,78,78,3612,3719,8,28672,2005-08-31,"-47,54070299","-21,57092175",4326,500,1,28,1,0,Normal,"15,06",27,1,1,"26,05",27
1,8,1,3,78,78,3613,3720,8,28672,2005-08-31,"-47,54070299","-21,57092175",4326,500,1,29,1,0,Normal,"17,57","27,5",1,1,"27,38","27,5"
1,8,1,3,78,78,3614,3721,8,28672,2005-08-31,"-47,54070299","-21,57092175",4326,500,1,30,1,0,Normal,"19,93",28,1,1,"28,37",28
1,8,1,3,78,78,3615,3722,8,28672,2005-08-31,"-47,54070299","-21,57092175",4326,500,1,31,1,0,Normal,"17,13","27,4",1,1,"27,17","27,4"
1,8,1,3,78,78,3616,3723,8,28672,2005-08-31,"-47,54070299","-21,57092175",4326,500,1,32,1,0,Normal,"16,39",,0,1,"26,8","26,8"
1,8,1,3,78,78,3617,3724,8,28672,2005-08-31,"-47,54070299","-21,57092175",4326,500,1,33,1,0,Normal,"18,14",,0,1,"27,64","27,64"
1,8,1,3,78,78,3618,3725,8,28672,2005-08-31,"-47,54070299","-21,57092175",4326,500,1,34,1,5,Inclinadas,"5,98",,0,1,"15,31","15,31"
1,8,1,3,78,78,3619,3726,8,28672,2005-08-31,"-47,54070299","-21,57092175",4326,500,1,35,1,3,Bifurcada Abaixo,"13,88",,0,1,"25,28","25,28"
1,8,1,3,78,78,3619,3727,8,28672,2005-08-31,"-47,54070299","-21,57092175",4326,500,1,35,2,3,Bifurcada Abaixo,"8,4",,0,1,"19,73","19,73"
1,8,1,3,78,78,3620,3728,8,28672,2005-08-31,"-47,54070299","-21,57092175",4326,500,1,36,1,1,Falha,0,,0,0,,
1,8,1,3,78,78,3621,3729,8,28672,2005-08-31,"-47,54070299","-21,57092175",4326,500,1,37,1,0,Normal,"19,58",,0,1,"28,24","28,24"
1,8,1,3,78,78,3622,3730,8,28672,2005-08-31,"-47,54070299","-21,57092175",4326,500,1,38,1,2,Dominante,"20,47","28,9",1,1,"28,57","28,9"
1,8,1,3,78,78,3623,3731,8,28672,2005-08-31,"-47,54070299","-21,57092175",4326,500,1,39,1,6,Morta,"6,37",,0,0,"16,16","16,16"
1,8,1,3,78,78,3624,3732,8,28672,2005-08-31,"-47,54070299","-21,57092175",4326,500,1,40,1,0,Normal,"19,16",,0,1,"28,07","28,07"
1,8,1,3,78,78,3625,3733,8,28672,2005-08-31,"-47,54070299","-21,57092175",4326,500,1,41,1,0,Normal,"18,49",,0,1,"27,8","27,8"
1,8,1,3,78,78,3626,3734,8,28672,2005-08-31,"-47,54070299","-21,57092175",4326,500,1,42,1,1,Falha,0,,0,0,,
1,8,1,3,78,78,3627,3735,8,28672,2005-08-31,"-47,54070299","-21,57092175",4326,500,1,43,1,2,Dominante,"20,56","28,8",1,1,"28,6","28,8"
1,8,1,3,78,78,3628,3736,8,28672,2005-08-31,"-47,54070299","-21,57092175",4326,500,1,44,1,0,Normal,"16,71",,0,1,"26,96","26,96"
1,8,1,3,78,78,3629,3737,8,28672,2005-08-31,"-47,54070299","-21,57092175",4326,500,1,45,1,0,Normal,"17,89",,0,1,"27,53","27,53"
1,8,1,3,78,78,3630,3738,8,28672,2005-08-31,"-47,54070299","-21,57092175",4326,500,1,46,1,0,Normal,"14,96",,0,1,"25,99","25,99"
1,8,1,3,78,78,3631,3739,8,28672,2005-08-31,"-47,54070299","-21,57092175",4326,500,1,47,1,0,Normal,"18,4",,0,1,"27,76","27,76"
1,8,1,3,78,78,3632,3740,8,28672,2005-08-31,"-47,54070299","-21,57092175",4326,500,1,48,1,0,Normal,"20,15",,0,1,"28,46","28,46"
1,8,1,3,79,79,3633,3741,8,28673,2005-08-31,"-47,54073022","-21,57248324",4326,500,1,1,1,6,Morta,"9,55",,0,0,"14,21","14,21"
1,8,1,3,79,79,3634,3742,8,28673,2005-08-31,"-47,54073022","-21,57248324",4326,500,1,2,1,0,Normal,"14,87",,0,1,"22,18","22,18"
1,8,1,3,79,79,3635,3743,8,28673,2005-08-31,"-47,54073022","-21,57248324",4326,500,1,3,1,0,Normal,"19,26",,0,1,"26,61","26,61"
1,8,1,3,79,79,3636,3744,8,28673,2005-08-31,"-47,54073022","-21,57248324",4326,500,1,4,1,0,Normal,"15,18",,0,1,"22,55","22,55"
1,8,1,3,79,79,3637,3745,8,28673,2005-08-31,"-47,54073022","-21,57248324",4326,500,1,5,1,0,Normal,"18,88",,0,1,"26,28","26,28"
1,8,1,3,79,79,3638,3746,8,28673,2005-08-31,"-47,54073022","-21,57248324",4326,500,1,6,1,0,Normal,"22,19",,0,1,"28,87","28,87"
1,8,1,3,79,79,3639,3747,8,28673,2005-08-31,"-47,54073022","-21,57248324",4326,500,1,7,1,2,Dominante,"24,19","31,5",1,1,"30,18","31,5"
1,8,1,3,79,79,3640,3748,8,28673,2005-08-31,"-47,54073022","-21,57248324",4326,500,1,8,1,0,Normal,"18,75",,0,1,"26,17","26,17"
1,8,1,3,79,79,3641,3749,8,28673,2005-08-31,"-47,54073022","-21,57248324",4326,500,1,9,1,0,Normal,"14,99",,0,1,"22,32","22,32"
1,8,1,3,79,79,3642,3750,8,28673,2005-08-31,"-47,54073022","-21,57248324",4326,500,1,10,1,0,Normal,"12,8",,0,1,"19,49","19,49"
1,8,1,3,79,79,3643,3751,8,28673,2005-08-31,"-47,54073022","-21,57248324",4326,500,1,11,1,0,Normal,"19,13",,0,1,"26,5","26,5"
1,8,1,3,79,79,3644,3752,8,28673,2005-08-31,"-47,54073022","-21,57248324",4326,500,1,12,1,0,Normal,"14,51",,0,1,"21,74","21,74"
1,8,1,3,79,79,3645,3753,8,28673,2005-08-31,"-47,54073022","-21,57248324",4326,500,1,13,1,0,Normal,"16,71",,0,1,"24,22","24,22"
1,8,1,3,79,79,3646,3754,8,28673,2005-08-31,"-47,54073022","-21,57248324",4326,500,1,14,1,6,Morta,"12,16",,0,0,"18,56","18,56"
1,8,1,3,79,79,3647,3755,8,28673,2005-08-31,"-47,54073022","-21,57248324",4326,500,1,15,1,0,Normal,"18,3",,0,1,"25,76","25,76"
1,8,1,3,79,79,3648,3756,8,28673,2005-08-31,"-47,54073022","-21,57248324",4326,500,1,16,1,6,Morta,"11,94",,0,0,"18,23","18,23"
1,8,1,3,79,79,3649,3757,8,28673,2005-08-31,"-47,54073022","-21,57248324",4326,500,1,17,1,6,Morta,"15,95",,0,0,"23,41","23,41"
1,8,1,3,79,79,3650,3758,8,28673,2005-08-31,"-47,54073022","-21,57248324",4326,500,1,18,1,0,Normal,"21,29",,0,1,"28,22","28,22"
1,8,1,3,79,79,3651,3759,8,28673,2005-08-31,"-47,54073022","-21,57248324",4326,500,1,19,1,0,Normal,"15,18",,0,1,"22,55","22,55"
1,8,1,3,79,79,3652,3760,8,28673,2005-08-31,"-47,54073022","-21,57248324",4326,500,1,20,1,1,Falha,0,,0,0,,
1,8,1,3,79,79,3653,3761,8,28673,2005-08-31,"-47,54073022","-21,57248324",4326,500,1,21,1,0,Normal,"16,65",,0,1,"24,16","24,16"
1,8,1,3,79,79,3654,3762,8,28673,2005-08-31,"-47,54073022","-21,57248324",4326,500,1,22,1,0,Normal,"17,76",,0,1,"25,26","25,26"
1,8,1,3,79,79,3655,3763,8,28673,2005-08-31,"-47,54073022","-21,57248324",4326,500,1,23,1,0,Normal,"20,21",,0,1,"27,39","27,39"
1,8,1,3,79,79,3656,3764,8,28673,2005-08-31,"-47,54073022","-21,57248324",4326,500,1,24,1,0,Normal,"19,29","28,5",1,1,"26,64","28,5"
1,8,1,3,79,79,3657,3765,8,28673,2005-08-31,"-47,54073022","-21,57248324",4326,500,1,25,1,0,Normal,"22,44","28,2",1,1,"29,04","28,2"
1,8,1,3,79,79,3658,3766,8,28673,2005-08-31,"-47,54073022","-21,57248324",4326,500,1,26,1,0,Normal,"20,02",29,1,1,"27,24",29
1,8,1,3,79,79,3659,3767,8,28673,2005-08-31,"-47,54073022","-21,57248324",4326,500,1,27,1,2,Dominante,"24,22",30,1,1,"30,2",30
1,8,1,3,79,79,3660,3768,8,28673,2005-08-31,"-47,54073022","-21,57248324",4326,500,1,28,1,0,Normal,"22,06","29,5",1,1,"28,78","29,5"
1,8,1,3,79,79,3661,3769,8,28673,2005-08-31,"-47,54073022","-21,57248324",4326,500,1,29,1,0,Normal,"19,32",28,1,1,"26,66",28
1,8,1,3,79,79,3662,3770,8,28673,2005-08-31,"-47,54073022","-21,57248324",4326,500,1,30,1,6,Morta,"11,62",,0,0,"17,74","17,74"
1,8,1,3,79,79,3663,3771,8,28673,2005-08-31,"-47,54073022","-21,57248324",4326,500,1,31,1,0,Normal,"20,47","28,5",1,1,"27,6","28,5"
1,8,1,3,79,79,3664,3772,8,28673,2005-08-31,"-47,54073022","-21,57248324",4326,500,1,32,1,2,Dominante,"26,99",31,1,1,"31,75",31
1,8,1,3,79,79,3665,3773,8,28673,2005-08-31,"-47,54073022","-21,57248324",4326,500,1,33,1,0,Normal,"18,24",22,1,1,"25,71",22
1,8,1,3,79,79,3666,3774,8,28673,2005-08-31,"-47,54073022","-21,57248324",4326,500,1,34,1,1,Falha,0,,0,0,,
1,8,1,3,79,79,3667,3775,8,28673,2005-08-31,"-47,54073022","-21,57248324",4326,500,1,35,1,1,Falha,0,,0,0,,
1,8,1,3,79,79,3668,3776,8,28673,2005-08-31,"-47,54073022","-21,57248324",4326,500,1,36,1,1,Falha,0,,0,0,,
1,8,1,3,79,79,3669,3777,8,28673,2005-08-31,"-47,54073022","-21,57248324",4326,500,1,37,1,0,Normal,"16,01",23,1,1,"23,48",23
1,8,1,3,79,79,3670,3778,8,28673,2005-08-31,"-47,54073022","-21,57248324",4326,500,1,38,1,0,Normal,"18,37",,0,1,"25,83","25,83"
1,8,1,3,79,79,3671,3779,8,28673,2005-08-31,"-47,54073022","-21,57248324",4326,500,1,39,1,5,Inclinadas,"13,43",,0,1,"20,36","20,36"
1,8,1,3,79,79,3672,3780,8,28673,2005-08-31,"-47,54073022","-21,57248324",4326,500,1,40,1,0,Normal,"18,27",,0,1,"25,74","25,74"
1,8,1,3,79,79,3673,3781,8,28673,2005-08-31,"-47,54073022","-21,57248324",4326,500,1,41,1,2,Dominante,"27,15",30,1,1,"31,84",30
1,8,1,3,79,79,3674,3782,8,28673,2005-08-31,"-47,54073022","-21,57248324",4326,500,1,42,1,6,Morta,"11,71",,0,0,"17,88","17,88"
1,8,1,3,79,79,3675,3783,8,28673,2005-08-31,"-47,54073022","-21,57248324",4326,500,1,43,1,1,Falha,0,,0,0,,
1,8,1,3,79,79,3676,3784,8,28673,2005-08-31,"-47,54073022","-21,57248324",4326,500,1,44,1,0,Normal,"19,77",,0,1,"27,04","27,04"
1,8,1,3,79,79,3677,3785,8,28673,2005-08-31,"-47,54073022","-21,57248324",4326,500,1,45,1,2,Dominante,"26,1",31,1,1,"31,28",31
1,8,1,3,79,79,3678,3786,8,28673,2005-08-31,"-47,54073022","-21,57248324",4326,500,1,46,1,6,Morta,"12,32",,0,0,"18,8","18,8"
1,9,1,4,83,83,3816,3928,9,28677,2005-08-31,"-47,53906081","-21,57250868",4326,500,1,1,1,2,Dominante,"23,4",29,1,1,"28,57",29
1,9,1,4,83,83,3817,3929,9,28677,2005-08-31,"-47,53906081","-21,57250868",4326,500,1,2,1,0,Normal,"22,12",,0,1,"27,98","27,98"
1,9,1,4,83,83,3818,3930,9,28677,2005-08-31,"-47,53906081","-21,57250868",4326,500,1,3,1,3,Bifurcada Abaixo,"21,1",,0,1,"27,46","27,46"
1,9,1,4,83,83,3818,3931,9,28677,2005-08-31,"-47,53906081","-21,57250868",4326,500,1,3,2,3,Bifurcada Abaixo,"7,35",,0,1,"12,96","12,96"
1,9,1,4,83,83,3819,3932,9,28677,2005-08-31,"-47,53906081","-21,57250868",4326,500,1,4,1,0,Normal,"19,26",,0,1,"26,43","26,43"
1,9,1,4,83,83,3820,3933,9,28677,2005-08-31,"-47,53906081","-21,57250868",4326,500,1,5,1,2,Dominante,"23,65","27,7",1,1,"28,68","27,7"
1,9,1,4,83,83,3821,3934,9,28677,2005-08-31,"-47,53906081","-21,57250868",4326,500,1,6,1,0,Normal,"20,53",,0,1,"27,16","27,16"
1,9,1,4,83,83,3822,3935,9,28677,2005-08-31,"-47,53906081","-21,57250868",4326,500,1,7,1,0,Normal,"21,23",,0,1,"27,53","27,53"
1,9,1,4,83,83,3823,3936,9,28677,2005-08-31,"-47,53906081","-21,57250868",4326,500,1,8,1,0,Normal,"21,87",,0,1,"27,85","27,85"
1,9,1,4,83,83,3824,3937,9,28677,2005-08-31,"-47,53906081","-21,57250868",4326,500,1,9,1,0,Normal,"19,99",,0,1,"26,86","26,86"
1,9,1,4,83,83,3825,3938,9,28677,2005-08-31,"-47,53906081","-21,57250868",4326,500,1,10,1,0,Normal,"14,23",,0,1,"22,62","22,62"
1,9,1,4,83,83,3826,3939,9,28677,2005-08-31,"-47,53906081","-21,57250868",4326,500,1,11,1,2,Dominante,"24,73","30,1",1,1,"29,13","30,1"
1,9,1,4,83,83,3827,3940,9,28677,2005-08-31,"-47,53906081","-21,57250868",4326,500,1,12,1,1,Falha,0,,0,0,,
1,9,1,4,83,83,3828,3941,9,28677,2005-08-31,"-47,53906081","-21,57250868",4326,500,1,13,1,2,Dominante,"23,65",27,1,1,"28,68",27
1,9,1,4,83,83,3829,3942,9,28677,2005-08-31,"-47,53906081","-21,57250868",4326,500,1,14,1,0,Normal,"19,32",27,1,1,"26,46",27
1,9,1,4,83,83,3830,3943,9,28677,2005-08-31,"-47,53906081","-21,57250868",4326,500,1,15,1,3,Bifurcada Abaixo,"18,56","25,8",1,1,"25,99","25,8"
1,9,1,4,83,83,3830,3944,9,28677,2005-08-31,"-47,53906081","-21,57250868",4326,500,1,15,2,3,Bifurcada Abaixo,"14,83",23,1,1,"23,17",23
1,9,1,4,83,83,3830,3945,9,28677,2005-08-31,"-47,53906081","-21,57250868",4326,500,1,15,3,3,Bifurcada Abaixo,"7,42",13,1,1,"13,1",13
1,9,1,4,83,83,3831,3946,9,28677,2005-08-31,"-47,53906081","-21,57250868",4326,500,1,16,1,0,Normal,"18,11",25,1,1,"25,7",25
1,9,1,4,83,83,3832,3947,9,28677,2005-08-31,"-47,53906081","-21,57250868",4326,500,1,17,1,0,Normal,"19,61",27,1,1,"26,64",27
1,9,1,4,83,83,3833,3948,9,28677,2005-08-31,"-47,53906081","-21,57250868",4326,500,1,18,1,0,Normal,"15,15","24,6",1,1,"23,46","24,6"
1,9,1,4,83,83,3834,3949,9,28677,2005-08-31,"-47,53906081","-21,57250868",4326,500,1,19,1,0,Normal,"19,64",26,1,1,"26,65",26
1,9,1,4,83,83,3835,3950,9,28677,2005-08-31,"-47,53906081","-21,57250868",4326,500,1,20,1,0,Normal,"16,93",25,1,1,"24,88",25
1,9,1,4,83,83,3836,3951,9,28677,2005-08-31,"-47,53906081","-21,57250868",4326,500,1,21,1,0,Normal,"19,74","26,6",1,1,"26,71","26,6"
1,9,1,4,83,83,3837,3952,9,28677,2005-08-31,"-47,53906081","-21,57250868",4326,500,1,22,1,0,Normal,"14,23",,0,1,"22,62","22,62"
1,9,1,4,83,83,3838,3953,9,28677,2005-08-31,"-47,53906081","-21,57250868",4326,500,1,23,1,0,Normal,"19,19",,0,1,"26,39","26,39"
1,9,1,4,83,83,3839,3954,9,28677,2005-08-31,"-47,53906081","-21,57250868",4326,500,1,24,1,0,Normal,"19,26",,0,1,"26,43","26,43"
1,9,1,4,83,83,3840,3955,9,28677,2005-08-31,"-47,53906081","-21,57250868",4326,500,1,25,1,2,Dominante,"23,3","29,5",1,1,"28,52","29,5"
1,9,1,4,83,83,3841,3956,9,28677,2005-08-31,"-47,53906081","-21,57250868",4326,500,1,26,1,0,Normal,"20,69",,0,1,"27,24","27,24"
1,9,1,4,83,83,3842,3957,9,28677,2005-08-31,"-47,53906081","-21,57250868",4326,500,1,27,1,0,Normal,"14,13",,0,1,"22,53","22,53"
1,9,1,4,83,83,3843,3958,9,28677,2005-08-31,"-47,53906081","-21,57250868",4326,500,1,28,1,0,Normal,"17,7",,0,1,"25,42","25,42"
1,9,1,4,83,83,3844,3959,9,28677,2005-08-31,"-47,53906081","-21,57250868",4326,500,1,29,1,0,Normal,"20,59",,0,1,"27,19","27,19"
1,9,1,4,83,83,3845,3960,9,28677,2005-08-31,"-47,53906081","-21,57250868",4326,500,1,30,1,0,Normal,"20,12",,0,1,"26,93","26,93"
1,9,1,4,83,83,3846,3961,9,28677,2005-08-31,"-47,53906081","-21,57250868",4326,500,1,31,1,0,Normal,"19,89",,0,1,"26,8","26,8"
1,9,1,4,83,83,3847,3962,9,28677,2005-08-31,"-47,53906081","-21,57250868",4326,500,1,32,1,0,Normal,"22,85",,0,1,"28,32","28,32"
1,9,1,4,83,83,3848,3963,9,28677,2005-08-31,"-47,53906081","-21,57250868",4326,500,1,33,1,0,Normal,"17,51",,0,1,"25,29","25,29"
1,9,1,4,83,83,3849,3964,9,28677,2005-08-31,"-47,53906081","-21,57250868",4326,500,1,34,1,0,Normal,"22,63",,0,1,"28,22","28,22"
1,9,1,4,84,84,3850,3965,9,28678,2005-08-31,"-47,53908787","-21,57406114",4326,500,1,1,1,0,Normal,"10,82","17,8",1,1,"18,95","17,8"
1,9,1,4,84,84,3851,3966,9,28678,2005-08-31,"-47,53908787","-21,57406114",4326,500,1,2,1,2,Dominante,"23,87","27,6",1,1,"28,67","27,6"
1,9,1,4,84,84,3852,3967,9,28678,2005-08-31,"-47,53908787","-21,57406114",4326,500,1,3,1,2,Dominante,"21,96","27,5",1,1,"27,83","27,5"
1,9,1,4,84,84,3853,3968,9,28678,2005-08-31,"-47,53908787","-21,57406114",4326,500,1,4,1,0,Normal,"19,74",28,1,1,"26,68",28
1,9,1,4,84,84,3854,3969,9,28678,2005-08-31,"-47,53908787","-21,57406114",4326,500,1,5,1,0,Normal,"19,32","27,4",1,1,"26,44","27,4"
1,9,1,4,84,84,3855,3970,9,28678,2005-08-31,"-47,53908787","-21,57406114",4326,500,1,6,1,0,Normal,"15,6","26,3",1,1,"23,9","26,3"
1,9,1,4,84,84,3856,3971,9,28678,2005-08-31,"-47,53908787","-21,57406114",4326,500,1,7,1,2,Dominante,"21,01",27,1,1,"27,36",27
1,9,1,4,84,84,3857,3972,9,28678,2005-08-31,"-47,53908787","-21,57406114",4326,500,1,8,1,2,Dominante,"24,51",27,1,1,"28,93",27
1,9,1,4,84,84,3858,3973,9,28678,2005-08-31,"-47,53908787","-21,57406114",4326,500,1,9,1,0,Normal,"18,21","25,8",1,1,"25,77","25,8"
1,9,1,4,84,84,3859,3974,9,28678,2005-08-31,"-47,53908787","-21,57406114",4326,500,1,10,1,0,Normal,"19,64","27,8",1,1,"26,63","27,8"
1,9,1,4,84,84,3860,3975,9,28678,2005-08-31,"-47,53908787","-21,57406114",4326,500,1,11,1,0,Normal,"17,92",,0,1,"25,58","25,58"
1,9,1,4,84,84,3861,3976,9,28678,2005-08-31,"-47,53908787","-21,57406114",4326,500,1,12,1,2,Dominante,"20,69",26,1,1,"27,2",26
1,9,1,4,84,84,3862,3977,9,28678,2005-08-31,"-47,53908787","-21,57406114",4326,500,1,13,1,0,Normal,"20,69",,0,1,"27,2","27,2"
1,9,1,4,84,84,3863,3978,9,28678,2005-08-31,"-47,53908787","-21,57406114",4326,500,1,14,1,0,Normal,"17,03",,0,1,"24,98","24,98"
1,9,1,4,84,84,3864,3979,9,28678,2005-08-31,"-47,53908787","-21,57406114",4326,500,1,15,1,0,Normal,"18,46",,0,1,"25,93","25,93"
1,9,1,4,84,84,3865,3980,9,28678,2005-08-31,"-47,53908787","-21,57406114",4326,500,1,16,1,6,Morta,"21,33",,0,0,"27,52","27,52"
1,9,1,4,84,84,3866,3981,9,28678,2005-08-31,"-47,53908787","-21,57406114",4326,500,1,17,1,0,Normal,"16,87",,0,1,"24,86","24,86"
1,9,1,4,84,84,3867,3982,9,28678,2005-08-31,"-47,53908787","-21,57406114",4326,500,1,18,1,0,Normal,"19,16",,0,1,"26,35","26,35"
1,9,1,4,84,84,3868,3983,9,28678,2005-08-31,"-47,53908787","-21,57406114",4326,500,1,19,1,0,Normal,"18,78",,0,1,"26,12","26,12"
1,9,1,4,84,84,3869,3984,9,28678,2005-08-31,"-47,53908787","-21,57406114",4326,500,1,20,1,0,Normal,"19,03",,0,1,"26,27","26,27"
1,9,1,4,84,84,3870,3985,9,28678,2005-08-31,"-47,53908787","-21,57406114",4326,500,1,21,1,0,Normal,"20,24",,0,1,"26,96","26,96"
1,9,1,4,84,84,3871,3986,9,28678,2005-08-31,"-47,53908787","-21,57406114",4326,500,1,22,1,0,Normal,"18,62",,0,1,"26,03","26,03"
1,9,1,4,85,85,3872,3987,9,28679,2005-08-31,"-47,53736245","-21,57253454",4326,500,1,1,1,0,Normal,"16,14",,0,1,"24,89","24,89"
1,9,1,4,85,85,3873,3988,9,28679,2005-08-31,"-47,53736245","-21,57253454",4326,500,1,2,1,0,Normal,"16,42",,0,1,"25,09","25,09"
1,9,1,4,85,85,3874,3989,9,28679,2005-08-31,"-47,53736245","-21,57253454",4326,500,1,3,1,0,Normal,"15,98",,0,1,"24,77","24,77"
1,9,1,4,85,85,3875,3990,9,28679,2005-08-31,"-47,53736245","-21,57253454",4326,500,1,4,1,3,Bifurcada Abaixo,"10,35",,0,1,"19,04","19,04"
1,9,1,4,85,85,3875,3991,9,28679,2005-08-31,"-47,53736245","-21,57253454",4326,500,1,4,2,3,Bifurcada Abaixo,"15,22",,0,1,"24,18","24,18"
1,9,1,4,85,85,3876,3992,9,28679,2005-08-31,"-47,53736245","-21,57253454",4326,500,1,5,1,0,Normal,"16,68",,0,1,"25,27","25,27"
1,9,1,4,85,85,3877,3993,9,28679,2005-08-31,"-47,53736245","-21,57253454",4326,500,1,6,1,0,Normal,"10,35",,0,1,"19,04","19,04"
1,9,1,4,85,85,3878,3994,9,28679,2005-08-31,"-47,53736245","-21,57253454",4326,500,1,7,1,0,Normal,"22,98",,0,1,"28,69","28,69"
1,9,1,4,85,85,3879,3995,9,28679,2005-08-31,"-47,53736245","-21,57253454",4326,500,1,8,1,0,Normal,"17,06",,0,1,"25,54","25,54"
1,9,1,4,85,85,3880,3996,9,28679,2005-08-31,"-47,53736245","-21,57253454",4326,500,1,9,1,0,Normal,"12,54",,0,1,"21,69","21,69"
1,9,1,4,85,85,3881,3997,9,28679,2005-08-31,"-47,53736245","-21,57253454",4326,500,1,10,1,0,Normal,"18,65",,0,1,"26,54","26,54"
1,9,1,4,85,85,3882,3998,9,28679,2005-08-31,"-47,53736245","-21,57253454",4326,500,1,11,1,0,Normal,"8,82",,0,1,"16,73","16,73"
1,9,1,4,85,85,3883,3999,9,28679,2005-08-31,"-47,53736245","-21,57253454",4326,500,1,12,1,0,Normal,"13,27",22,1,1,"22,44",22
1,9,1,4,85,85,3884,4000,9,28679,2005-08-31,"-47,53736245","-21,57253454",4326,500,1,13,1,0,Normal,"19,35","26,5",1,1,"26,94","26,5"
1,9,1,4,85,85,3885,4001,9,28679,2005-08-31,"-47,53736245","-21,57253454",4326,500,1,14,1,0,Normal,"16,9","25,9",1,1,"25,43","25,9"
1,9,1,4,85,85,3886,4002,9,28679,2005-08-31,"-47,53736245","-21,57253454",4326,500,1,15,1,0,Normal,"16,11","25,8",1,1,"24,86","25,8"
1,9,1,4,85,85,3887,4003,9,28679,2005-08-31,"-47,53736245","-21,57253454",4326,500,1,16,1,3,Bifurcada Abaixo,"16,87","22,6",1,1,"25,41","22,6"
1,9,1,4,85,85,3887,4004,9,28679,2005-08-31,"-47,53736245","-21,57253454",4326,500,1,16,2,3,Bifurcada Abaixo,"19,99",26,1,1,"27,29",26
1,9,1,4,85,85,3888,4005,9,28679,2005-08-31,"-47,53736245","-21,57253454",4326,500,1,17,1,0,Normal,"13,62","23,9",1,1,"22,78","23,9"
1,9,1,4,85,85,3889,4006,9,28679,2005-08-31,"-47,53736245","-21,57253454",4326,500,1,18,1,0,Normal,"15,37",25,1,1,"24,3",25
1,9,1,4,85,85,3890,4007,9,28679,2005-08-31,"-47,53736245","-21,57253454",4326,500,1,19,1,0,Normal,"16,36","24,5",1,1,"25,05","24,5"
1,9,1,4,85,85,3891,4008,9,28679,2005-08-31,"-47,53736245","-21,57253454",4326,500,1,20,1,0,Normal,"17,51","25,4",1,1,"25,83","25,4"
1,9,1,4,85,85,3892,4009,9,28679,2005-08-31,"-47,53736245","-21,57253454",4326,500,1,21,1,0,Normal,"17,73","26,6",1,1,"25,98","26,6"
1,9,1,4,85,85,3893,4010,9,28679,2005-08-31,"-47,53736245","-21,57253454",4326,500,1,22,1,0,Normal,"14,26",,0,1,"23,36","23,36"
1,9,1,4,85,85,3894,4011,9,28679,2005-08-31,"-47,53736245","-21,57253454",4326,500,1,23,1,3,Bifurcada Abaixo,"16,93",,0,1,"25,45","25,45"
1,9,1,4,85,85,3894,4012,9,28679,2005-08-31,"-47,53736245","-21,57253454",4326,500,1,23,2,3,Bifurcada Abaixo,"16,07",,0,1,"24,83","24,83"
1,9,1,4,85,85,3895,4013,9,28679,2005-08-31,"-47,53736245","-21,57253454",4326,500,1,24,1,0,Normal,"18,75",,0,1,"26,6","26,6"
1,9,1,4,85,85,3896,4014,9,28679,2005-08-31,"-47,53736245","-21,57253454",4326,500,1,25,1,0,Normal,"20,12",,0,1,"27,36","27,36"
1,9,1,4,85,85,3897,4015,9,28679,2005-08-31,"-47,53736245","-21,57253454",4326,500,1,26,1,0,Normal,"22,95",,0,1,"28,68","28,68"
1,9,1,4,85,85,3898,4016,9,28679,2005-08-31,"-47,53736245","-21,57253454",4326,500,1,27,1,2,Dominante,"23,81",30,1,1,"29,03",30
1,9,1,4,85,85,3899,4017,9,28679,2005-08-31,"-47,53736245","-21,57253454",4326,500,1,28,1,2,Dominante,"25,66",30,1,1,"29,72",30
1,9,1,4,85,85,3900,4018,9,28679,2005-08-31,"-47,53736245","-21,57253454",4326,500,1,29,1,2,Dominante,"23,2","30,2",1,1,"28,79","30,2"
1,9,1,4,85,85,3901,4019,9,28679,2005-08-31,"-47,53736245","-21,57253454",4326,500,1,30,1,1,Falha,0,,0,0,,
1,9,1,4,85,85,3902,4020,9,28679,2005-08-31,"-47,53736245","-21,57253454",4326,500,1,31,1,2,Dominante,"28,81","30,4",1,1,"30,71","30,4"
1,9,1,4,85,85,3903,4021,9,28679,2005-08-31,"-47,53736245","-21,57253454",4326,500,1,32,1,1,Falha,0,,0,0,,
1,9,1,4,85,85,3904,4022,9,28679,2005-08-31,"-47,53736245","-21,57253454",4326,500,1,33,1,2,Dominante,"27,44",30,1,1,"30,3",30
1,9,1,4,87,87,3941,4068,9,28681,2005-08-31,"-47,54242504","-21,57557216",4326,500,1,1,1,0,Normal,"19,83",,0,1,"26,01","26,01"
1,9,1,4,87,87,3942,4069,9,28681,2005-08-31,"-47,54242504","-21,57557216",4326,500,1,2,1,2,Dominante,"20,5",25,1,1,"26,15",25
1,9,1,4,87,87,3943,4070,9,28681,2005-08-31,"-47,54242504","-21,57557216",4326,500,1,3,1,3,Bifurcada Abaixo,"13,31",,0,1,"24,05","24,05"
1,9,1,4,87,87,3943,4071,9,28681,2005-08-31,"-47,54242504","-21,57557216",4326,500,1,3,2,3,Bifurcada Abaixo,"14,04",,0,1,"24,35","24,35"
1,9,1,4,87,87,3944,4072,9,28681,2005-08-31,"-47,54242504","-21,57557216",4326,500,1,4,1,0,Normal,"18,46",,0,1,"25,71","25,71"
1,9,1,4,87,87,3945,4073,9,28681,2005-08-31,"-47,54242504","-21,57557216",4326,500,1,5,1,0,Normal,"18,24",,0,1,"25,65","25,65"
1,9,1,4,87,87,3946,4074,9,28681,2005-08-31,"-47,54242504","-21,57557216",4326,500,1,6,1,0,Normal,"19,51",,0,1,"25,94","25,94"
1,9,1,4,87,87,3947,4075,9,28681,2005-08-31,"-47,54242504","-21,57557216",4326,500,1,7,1,0,Normal,"18,08",,0,1,"25,61","25,61"
1,9,1,4,87,87,3948,4076,9,28681,2005-08-31,"-47,54242504","-21,57557216",4326,500,1,8,1,0,Normal,"18,56",,0,1,"25,73","25,73"
1,9,1,4,87,87,3949,4077,9,28681,2005-08-31,"-47,54242504","-21,57557216",4326,500,1,9,1,0,Normal,"18,24",,0,1,"25,65","25,65"
1,9,1,4,87,87,3950,4078,9,28681,2005-08-31,"-47,54242504","-21,57557216",4326,500,1,10,1,3,Bifurcada Abaixo,"12,8",,0,1,"23,83","23,83"
1,9,1,4,87,87,3950,4079,9,28681,2005-08-31,"-47,54242504","-21,57557216",4326,500,1,10,2,3,Bifurcada Abaixo,"12,61",,0,1,"23,74","23,74"
1,9,1,4,87,87,3951,4080,9,28681,2005-08-31,"-47,54242504","-21,57557216",4326,500,1,11,1,0,Normal,"19,58",,0,1,"25,96","25,96"
1,9,1,4,87,87,3952,4081,9,28681,2005-08-31,"-47,54242504","-21,57557216",4326,500,1,12,1,0,Normal,"17,92","26,8",1,1,"25,57","26,8"
1,9,1,4,87,87,3953,4082,9,28681,2005-08-31,"-47,54242504","-21,57557216",4326,500,1,13,1,0,Normal,"17,51","25,8",1,1,"25,47","25,8"
1,9,1,4,87,87,3954,4083,9,28681,2005-08-31,"-47,54242504","-21,57557216",4326,500,1,14,1,2,Dominante,"20,47","26,2",1,1,"26,14","26,2"
1,9,1,4,87,87,3955,4084,9,28681,2005-08-31,"-47,54242504","-21,57557216",4326,500,1,15,1,0,Normal,"19,19","24,4",1,1,"25,87","24,4"
1,9,1,4,87,87,3956,4085,9,28681,2005-08-31,"-47,54242504","-21,57557216",4326,500,1,16,1,0,Normal,"19,1","24,6",1,1,"25,85","24,6"
1,9,1,4,87,87,3957,4086,9,28681,2005-08-31,"-47,54242504","-21,57557216",4326,500,1,17,1,3,Bifurcada Abaixo,"12,8","23,4",1,1,"23,83","23,4"
1,9,1,4,87,87,3957,4087,9,28681,2005-08-31,"-47,54242504","-21,57557216",4326,500,1,17,2,3,Bifurcada Abaixo,"16,62",26,1,1,"25,22",26
1,9,1,4,87,87,3958,4088,9,28681,2005-08-31,"-47,54242504","-21,57557216",4326,500,1,18,1,2,Dominante,"20,4","24,8",1,1,"26,13","24,8"
1,9,1,4,87,87,3959,4089,9,28681,2005-08-31,"-47,54242504","-21,57557216",4326,500,1,19,1,0,Normal,"18,4",25,1,1,"25,69",25
1,9,1,4,87,87,3960,4090,9,28681,2005-08-31,"-47,54242504","-21,57557216",4326,500,1,20,1,0,Normal,"19,58","26,7",1,1,"25,96","26,7"
1,9,1,4,87,87,3961,4091,9,28681,2005-08-31,"-47,54242504","-21,57557216",4326,500,1,21,1,0,Normal,"18,56","26,3",1,1,"25,73","26,3"
1,9,1,4,87,87,3962,4092,9,28681,2005-08-31,"-47,54242504","-21,57557216",4326,500,1,22,1,2,Dominante,"20,24",27,1,1,"26,1",27
1,9,1,4,87,87,3963,4093,9,28681,2005-08-31,"-47,54242504","-21,57557216",4326,500,1,23,1,3,Bifurcada Abaixo,"19,1",,0,1,"25,85","25,85"
1,9,1,4,87,87,3963,4094,9,28681,2005-08-31,"-47,54242504","-21,57557216",4326,500,1,23,2,3,Bifurcada Abaixo,"12,73",,0,1,"23,79","23,79"
1,9,1,4,87,87,3964,4095,9,28681,2005-08-31,"-47,54242504","-21,57557216",4326,500,1,24,1,0,Normal,"18,56",,0,1,"25,73","25,73"
1,9,1,4,87,87,3965,4096,9,28681,2005-08-31,"-47,54242504","-21,57557216",4326,500,1,25,1,0,Normal,"19,03",,0,1,"25,84","25,84"
1,9,1,4,87,87,3966,4097,9,28681,2005-08-31,"-47,54242504","-21,57557216",4326,500,1,26,1,0,Normal,"18,56",,0,1,"25,73","25,73"
1,9,1,4,87,87,3967,4098,9,28681,2005-08-31,"-47,54242504","-21,57557216",4326,500,1,27,1,0,Normal,"19,86",,0,1,"26,02","26,02"
1,9,1,4,87,87,3968,4099,9,28681,2005-08-31,"-47,54242504","-21,57557216",4326,500,1,28,1,3,Bifurcada Abaixo,"13,31",,0,1,"24,05","24,05"
1,9,1,4,87,87,3968,4100,9,28681,2005-08-31,"-47,54242504","-21,57557216",4326,500,1,28,2,3,Bifurcada Abaixo,"13,46",,0,1,"24,12","24,12"
1,9,1,4,87,87,3969,4101,9,28681,2005-08-31,"-47,54242504","-21,57557216",4326,500,1,29,1,0,Normal,"18,88",,0,1,"25,8","25,8"
1,9,1,4,87,87,3970,4102,9,28681,2005-08-31,"-47,54242504","-21,57557216",4326,500,1,30,1,0,Normal,"17,95",,0,1,"25,58","25,58"
1,9,1,4,87,87,3971,4103,9,28681,2005-08-31,"-47,54242504","-21,57557216",4326,500,1,31,1,3,Bifurcada Abaixo,"10,38",,0,1,"22,49","22,49"
1,9,1,4,87,87,3971,4104,9,28681,2005-08-31,"-47,54242504","-21,57557216",4326,500,1,31,2,3,Bifurcada Abaixo,"19,67",,0,1,"25,98","25,98"
1,9,1,4,87,87,3972,4105,9,28681,2005-08-31,"-47,54242504","-21,57557216",4326,500,1,32,1,1,Falha,0,,0,0,,
1,9,1,4,87,87,3973,4106,9,28681,2005-08-31,"-47,54242504","-21,57557216",4326,500,1,33,1,2,Dominante,"20,37","27,8",1,1,"26,12","27,8"
1,9,1,4,87,87,3974,4107,9,28681,2005-08-31,"-47,54242504","-21,57557216",4326,500,1,34,1,0,Normal,"17,63",,0,1,"25,5","25,5"
1,9,1,4,89,89,4024,4161,9,28683,2005-08-31,"-47,54248125","-21,5771332",4326,500,1,1,1,0,Normal,"16,36",,0,1,"24,94","24,94"
1,9,1,4,89,89,4025,4162,9,28683,2005-08-31,"-47,54248125","-21,5771332",4326,500,1,2,1,2,Dominante,"24,61","27,4",1,1,"29,07","27,4"
1,9,1,4,89,89,4026,4163,9,28683,2005-08-31,"-47,54248125","-21,5771332",4326,500,1,3,1,0,Normal,"15,25",,0,1,"24,12","24,12"
1,9,1,4,89,89,4027,4164,9,28683,2005-08-31,"-47,54248125","-21,5771332",4326,500,1,4,1,0,Normal,"17,7",,0,1,"25,82","25,82"
1,9,1,4,89,89,4028,4165,9,28683,2005-08-31,"-47,54248125","-21,5771332",4326,500,1,5,1,0,Normal,"18,88",,0,1,"26,51","26,51"
1,9,1,4,89,89,4029,4166,9,28683,2005-08-31,"-47,54248125","-21,5771332",4326,500,1,6,1,0,Normal,"17,28",,0,1,"25,55","25,55"
1,9,1,4,89,89,4030,4167,9,28683,2005-08-31,"-47,54248125","-21,5771332",4326,500,1,7,1,3,Bifurcada Abaixo,"9,39",,0,1,"17,75","17,75"
1,9,1,4,89,89,4030,4168,9,28683,2005-08-31,"-47,54248125","-21,5771332",4326,500,1,7,2,3,Bifurcada Abaixo,"13,37",,0,1,"22,51","22,51"
1,9,1,4,89,89,4031,4169,9,28683,2005-08-31,"-47,54248125","-21,5771332",4326,500,1,8,1,2,Dominante,"24,92","28,2",1,1,"29,19","28,2"
1,9,1,4,89,89,4032,4170,9,28683,2005-08-31,"-47,54248125","-21,5771332",4326,500,1,9,1,0,Normal,"16,23",,0,1,"24,84","24,84"
1,9,1,4,89,89,4033,4171,9,28683,2005-08-31,"-47,54248125","-21,5771332",4326,500,1,10,1,0,Normal,"15,85",,0,1,"24,57","24,57"
1,9,1,4,89,89,4034,4172,9,28683,2005-08-31,"-47,54248125","-21,5771332",4326,500,1,11,1,3,Bifurcada Abaixo,"12,25",,0,1,"21,38","21,38"
1,9,1,4,89,89,4034,4173,9,28683,2005-08-31,"-47,54248125","-21,5771332",4326,500,1,11,2,3,Bifurcada Abaixo,"18,14",,0,1,"26,08","26,08"
1,9,1,4,89,89,4035,4174,9,28683,2005-08-31,"-47,54248125","-21,5771332",4326,500,1,12,1,0,Normal,"17,98",,0,1,"25,99","25,99"
1,9,1,4,89,89,4036,4175,9,28683,2005-08-31,"-47,54248125","-21,5771332",4326,500,1,13,1,0,Normal,"19,83","27,8",1,1,"27,02","27,8"
1,9,1,4,89,89,4037,4176,9,28683,2005-08-31,"-47,54248125","-21,5771332",4326,500,1,14,1,0,Normal,"18,62","26,5",1,1,"26,36","26,5"
1,9,1,4,89,89,4038,4177,9,28683,2005-08-31,"-47,54248125","-21,5771332",4326,500,1,15,1,3,Bifurcada Abaixo,"15,92","26,2",1,1,"24,62","26,2"
1,9,1,4,89,89,4038,4178,9,28683,2005-08-31,"-47,54248125","-21,5771332",4326,500,1,15,2,3,Bifurcada Abaixo,"11,3","19,7",1,1,"20,31","19,7"
1,9,1,4,89,89,4039,4179,9,28683,2005-08-31,"-47,54248125","-21,5771332",4326,500,1,16,1,3,Bifurcada Abaixo,"8,91","16,1",1,1,17,"16,1"
1,9,1,4,89,89,4039,4180,9,28683,2005-08-31,"-47,54248125","-21,5771332",4326,500,1,16,2,3,Bifurcada Abaixo,"19,1",28,1,1,"26,63",28
1,9,1,4,89,89,4040,4181,9,28683,2005-08-31,"-47,54248125","-21,5771332",4326,500,1,17,1,0,Normal,"16,93",27,1,1,"25,32",27
1,9,1,4,89,89,4041,4182,9,28683,2005-08-31,"-47,54248125","-21,5771332",4326,500,1,18,1,0,Normal,"18,84","27,1",1,1,"26,49","27,1"
1,9,1,4,89,89,4042,4183,9,28683,2005-08-31,"-47,54248125","-21,5771332",4326,500,1,19,1,2,Dominante,"23,01","28,3",1,1,"28,47","28,3"
1,9,1,4,89,89,4043,4184,9,28683,2005-08-31,"-47,54248125","-21,5771332",4326,500,1,20,1,1,Falha,0,,0,0,,
1,9,1,4,89,89,4044,4185,9,28683,2005-08-31,"-47,54248125","-21,5771332",4326,500,1,21,1,7,Bifurcada Acima,"19,51",27,1,1,"26,85",27
1,9,1,4,89,89,4045,4186,9,28683,2005-08-31,"-47,54248125","-21,5771332",4326,500,1,22,1,3,Bifurcada Abaixo,"10,6","19,5",1,1,"19,44","19,5"
1,9,1,4,89,89,4045,4187,9,28683,2005-08-31,"-47,54248125","-21,5771332",4326,500,1,22,2,3,Bifurcada Abaixo,"18,14","27,3",1,1,"26,08","27,3"
1,9,1,4,89,89,4046,4188,9,28683,2005-08-31,"-47,54248125","-21,5771332",4326,500,1,23,1,0,Normal,"14,2","23,7",1,1,"23,26","23,7"
1,9,1,4,89,89,4047,4189,9,28683,2005-08-31,"-47,54248125","-21,5771332",4326,500,1,24,1,2,Dominante,"23,65","27,9",1,1,"28,72","27,9"
1,9,1,4,89,89,4048,4190,9,28683,2005-08-31,"-47,54248125","-21,5771332",4326,500,1,25,1,1,Falha,0,,0,0,,
1,9,1,4,89,89,4049,4191,9,28683,2005-08-31,"-47,54248125","-21,5771332",4326,500,1,26,1,3,Bifurcada Abaixo,"14,64",,0,1,"23,63","23,63"
1,9,1,4,89,89,4049,4192,9,28683,2005-08-31,"-47,54248125","-21,5771332",4326,500,1,26,2,2,Dominante,"23,55","25,6",1,1,"28,68","25,6"
1,9,1,4,89,89,4050,4193,9,28683,2005-08-31,"-47,54248125","-21,5771332",4326,500,1,27,1,0,Normal,"13,75",,0,1,"22,86","22,86"
1,9,1,4,89,89,4051,4194,9,28683,2005-08-31,"-47,54248125","-21,5771332",4326,500,1,28,1,0,Normal,"20,63",,0,1,"27,42","27,42"
1,9,1,4,89,89,4052,4195,9,28683,2005-08-31,"-47,54248125","-21,5771332",4326,500,1,29,1,0,Normal,"21,65",,0,1,"27,89","27,89"
1,9,1,4,89,89,4053,4196,9,28683,2005-08-31,"-47,54248125","-21,5771332",4326,500,1,30,1,0,Normal,"18,88",,0,1,"26,51","26,51"
1,9,1,4,89,89,4054,4197,9,28683,2005-08-31,"-47,54248125","-21,5771332",4326,500,1,31,1,1,Falha,0,,0,0,,
1,9,1,4,89,89,4055,4198,9,28683,2005-08-31,"-47,54248125","-21,5771332",4326,500,1,32,1,1,Falha,0,,0,0,,
1,9,1,4,89,89,4056,4199,9,28683,2005-08-31,"-47,54248125","-21,5771332",4326,500,1,33,1,0,Normal,"21,49",,0,1,"27,82","27,82"
1,9,1,4,89,89,4057,4200,9,28683,2005-08-31,"-47,54248125","-21,5771332",4326,500,1,34,1,3,Bifurcada Abaixo,"16,55",,0,1,"25,07","25,07"
1,9,1,4,89,89,4057,4201,9,28683,2005-08-31,"-47,54248125","-21,5771332",4326,500,1,34,2,3,Bifurcada Abaixo,"20,63",,0,1,"27,42","27,42"
1,9,1,4,89,89,4058,4202,9,28683,2005-08-31,"-47,54248125","-21,5771332",4326,500,1,35,1,0,Normal,"12,03",,0,1,"21,15","21,15"
1,9,1,4,89,89,4059,4203,9,28683,2005-08-31,"-47,54248125","-21,5771332",4326,500,1,36,1,0,Normal,"15,5",,0,1,"24,31","24,31"
1,9,1,4,89,89,4060,4204,9,28683,2005-08-31,"-47,54248125","-21,5771332",4326,500,1,37,1,0,Normal,"21,1",,0,1,"27,64","27,64"
1,9,1,4,90,90,4061,4205,9,28684,2005-08-31,"-47,54081178","-21,57715866",4326,500,1,1,1,0,Normal,"21,42",,0,1,"27,96","27,96"
1,9,1,4,90,90,4062,4206,9,28684,2005-08-31,"-47,54081178","-21,57715866",4326,500,1,2,1,0,Normal,"19,86",,0,1,"27,31","27,31"
1,9,1,4,90,90,4063,4207,9,28684,2005-08-31,"-47,54081178","-21,57715866",4326,500,1,3,1,0,Normal,"19,23",,0,1,"27,02","27,02"
1,9,1,4,90,90,4064,4208,9,28684,2005-08-31,"-47,54081178","-21,57715866",4326,500,1,4,1,0,Normal,"15,28",,0,1,"24,78","24,78"
1,9,1,4,90,90,4065,4209,9,28684,2005-08-31,"-47,54081178","-21,57715866",4326,500,1,5,1,0,Normal,"21,96",,0,1,"28,17","28,17"
1,9,1,4,90,90,4066,4210,9,28684,2005-08-31,"-47,54081178","-21,57715866",4326,500,1,6,1,0,Normal,"18,4",,0,1,"26,62","26,62"
1,9,1,4,90,90,4067,4211,9,28684,2005-08-31,"-47,54081178","-21,57715866",4326,500,1,7,1,0,Normal,"18,46",,0,1,"26,65","26,65"
1,9,1,4,90,90,4068,4212,9,28684,2005-08-31,"-47,54081178","-21,57715866",4326,500,1,8,1,0,Normal,"18,88",,0,1,"26,86","26,86"
1,9,1,4,90,90,4069,4213,9,28684,2005-08-31,"-47,54081178","-21,57715866",4326,500,1,9,1,0,Normal,"21,74",,0,1,"28,09","28,09"
1,9,1,4,90,90,4070,4214,9,28684,2005-08-31,"-47,54081178","-21,57715866",4326,500,1,10,1,0,Normal,"20,69",,0,1,"27,67","27,67"
1,9,1,4,90,90,4071,4215,9,28684,2005-08-31,"-47,54081178","-21,57715866",4326,500,1,11,1,0,Normal,"17,28",,0,1,"26,02","26,02"
1,9,1,4,90,90,4072,4216,9,28684,2005-08-31,"-47,54081178","-21,57715866",4326,500,1,12,1,1,Falha,0,,0,0,,
1,9,1,4,90,90,4073,4217,9,28684,2005-08-31,"-47,54081178","-21,57715866",4326,500,1,13,1,2,Dominante,"28,39","29,5",1,1,"30,11","29,5"
1,9,1,4,90,90,4074,4218,9,28684,2005-08-31,"-47,54081178","-21,57715866",4326,500,1,14,1,0,Normal,"15,47","26,4",1,1,"24,91","26,4"
1,9,1,4,90,90,4075,4219,9,28684,2005-08-31,"-47,54081178","-21,57715866",4326,500,1,15,1,0,Normal,"26,2",30,1,1,"29,54",30
1,9,1,4,90,90,4076,4220,9,28684,2005-08-31,"-47,54081178","-21,57715866",4326,500,1,16,1,2,Dominante,"26,83","29,4",1,1,"29,71","29,4"
1,9,1,4,90,90,4077,4221,9,28684,2005-08-31,"-47,54081178","-21,57715866",4326,500,1,17,1,2,Dominante,"26,99","29,1",1,1,"29,75","29,1"
1,9,1,4,90,90,4078,4222,9,28684,2005-08-31,"-47,54081178","-21,57715866",4326,500,1,18,1,0,Normal,"13,62","22,3",1,1,"23,54","22,3"
1,9,1,4,90,90,4079,4223,9,28684,2005-08-31,"-47,54081178","-21,57715866",4326,500,1,19,1,0,Normal,"24,51","29,3",1,1,"29,04","29,3"
1,9,1,4,90,90,4080,4224,9,28684,2005-08-31,"-47,54081178","-21,57715866",4326,500,1,20,1,0,Normal,"25,18","29,7",1,1,"29,25","29,7"
1,9,1,4,90,90,4081,4225,9,28684,2005-08-31,"-47,54081178","-21,57715866",4326,500,1,21,1,0,Normal,"23,01","29,2",1,1,"28,55","29,2"
1,9,1,4,90,90,4082,4226,9,28684,2005-08-31,"-47,54081178","-21,57715866",4326,500,1,22,1,2,Dominante,"26,67","29,7",1,1,"29,67","29,7"
1,9,1,4,90,90,4083,4227,9,28684,2005-08-31,"-47,54081178","-21,57715866",4326,500,1,23,1,0,Normal,"11,65",,0,1,"21,73","21,73"
1,9,1,4,90,90,4084,4228,9,28684,2005-08-31,"-47,54081178","-21,57715866",4326,500,1,24,1,2,Dominante,"29,54","29,8",1,1,"30,37","29,8"
1,9,1,4,90,90,4085,4229,9,28684,2005-08-31,"-47,54081178","-21,57715866",4326,500,1,25,1,0,Normal,"18,24",,0,1,"26,54","26,54"
1,9,1,4,90,90,4086,4230,9,28684,2005-08-31,"-47,54081178","-21,57715866",4326,500,1,26,1,0,Normal,"18,59",,0,1,"26,71","26,71"
1,9,1,4,90,90,4087,4231,9,28684,2005-08-31,"-47,54081178","-21,57715866",4326,500,1,27,1,3,Bifurcada Abaixo,"8,05",,0,1,"16,97","16,97"
1,9,1,4,90,90,4087,4232,9,28684,2005-08-31,"-47,54081178","-21,57715866",4326,500,1,27,2,3,Bifurcada Abaixo,"16,74",,0,1,"25,71","25,71"
1,9,1,4,90,90,4088,4233,9,28684,2005-08-31,"-47,54081178","-21,57715866",4326,500,1,28,1,0,Normal,"20,05",,0,1,"27,4","27,4"
1,9,1,4,90,90,4089,4234,9,28684,2005-08-31,"-47,54081178","-21,57715866",4326,500,1,29,1,0,Normal,"21,33",,0,1,"27,93","27,93"
1,9,1,4,90,90,4090,4235,9,28684,2005-08-31,"-47,54081178","-21,57715866",4326,500,1,30,1,1,Falha,0,,0,0,,
1,9,1,4,90,90,4091,4236,9,28684,2005-08-31,"-47,54081178","-21,57715866",4326,500,1,31,1,1,Falha,0,,0,0,,
1,9,1,4,90,90,4092,4237,9,28684,2005-08-31,"-47,54081178","-21,57715866",4326,500,1,32,1,0,Normal,"20,5",,0,1,"27,59","27,59"
1,9,1,4,90,90,4093,4238,9,28684,2005-08-31,"-47,54081178","-21,57715866",4326,500,1,33,1,3,Bifurcada Abaixo,"13,15",,0,1,"23,15","23,15"
1,9,1,4,90,90,4093,4239,9,28684,2005-08-31,"-47,54081178","-21,57715866",4326,500,1,33,2,3,Bifurcada Abaixo,"8,75",,0,1,"18,09","18,09"
1,9,1,4,90,90,4094,4240,9,28684,2005-08-31,"-47,54081178","-21,57715866",4326,500,1,34,1,0,Normal,"18,14",,0,1,"26,48","26,48"
1,9,1,4,90,90,4095,4241,9,28684,2005-08-31,"-47,54081178","-21,57715866",4326,500,1,35,1,0,Normal,"19,42",,0,1,"27,11","27,11"
1,9,1,4,91,91,4096,4242,9,28685,2005-08-31,"-47,53911509","-21,57562263",4326,500,1,1,1,2,Dominante,"26,26","29,3",1,1,"29,75","29,3"
1,9,1,4,91,91,4097,4243,9,28685,2005-08-31,"-47,53911509","-21,57562263",4326,500,1,2,1,0,Normal,"14,32",,0,1,"24,88","24,88"
1,9,1,4,91,91,4098,4244,9,28685,2005-08-31,"-47,53911509","-21,57562263",4326,500,1,3,1,2,Dominante,"31,99","29,5",1,1,"30,92","29,5"
1,9,1,4,91,91,4099,4245,9,28685,2005-08-31,"-47,53911509","-21,57562263",4326,500,1,4,1,0,Normal,"20,79",,0,1,"28,12","28,12"
1,9,1,4,91,91,4100,4246,9,28685,2005-08-31,"-47,53911509","-21,57562263",4326,500,1,5,1,0,Normal,"23,33",,0,1,"28,96","28,96"
1,9,1,4,91,91,4101,4247,9,28685,2005-08-31,"-47,53911509","-21,57562263",4326,500,1,6,1,0,Normal,"22,63",,0,1,"28,75","28,75"
1,9,1,4,91,91,4102,4248,9,28685,2005-08-31,"-47,53911509","-21,57562263",4326,500,1,7,1,2,Dominante,"25,5","29,5",1,1,"29,56","29,5"
1,9,1,4,91,91,4103,4249,9,28685,2005-08-31,"-47,53911509","-21,57562263",4326,500,1,8,1,0,Normal,"22,38",,0,1,"28,67","28,67"
1,9,1,4,91,91,4104,4250,9,28685,2005-08-31,"-47,53911509","-21,57562263",4326,500,1,9,1,2,Dominante,"24,76","28,7",1,1,"29,37","28,7"
1,9,1,4,91,91,4105,4251,9,28685,2005-08-31,"-47,53911509","-21,57562263",4326,500,1,10,1,0,Normal,"23,84",,0,1,"29,11","29,11"
1,9,1,4,91,91,4106,4252,9,28685,2005-08-31,"-47,53911509","-21,57562263",4326,500,1,11,1,2,Dominante,"24,61",29,1,1,"29,33",29
1,9,1,4,91,91,4107,4253,9,28685,2005-08-31,"-47,53911509","-21,57562263",4326,500,1,12,1,0,Normal,"20,69","28,8",1,1,"28,08","28,8"
1,9,1,4,91,91,4108,4254,9,28685,2005-08-31,"-47,53911509","-21,57562263",4326,500,1,13,1,0,Normal,"18,97",28,1,1,"27,4",28
1,9,1,4,91,91,4109,4255,9,28685,2005-08-31,"-47,53911509","-21,57562263",4326,500,1,14,1,0,Normal,"19,89","28,7",1,1,"27,78","28,7"
1,9,1,4,91,91,4110,4256,9,28685,2005-08-31,"-47,53911509","-21,57562263",4326,500,1,15,1,0,Normal,"19,35","28,4",1,1,"27,56","28,4"
1,9,1,4,91,91,4111,4257,9,28685,2005-08-31,"-47,53911509","-21,57562263",4326,500,1,16,1,0,Normal,"15,12","23,5",1,1,"25,4","23,5"
1,9,1,4,91,91,4112,4258,9,28685,2005-08-31,"-47,53911509","-21,57562263",4326,500,1,17,1,0,Normal,"21,01","28,5",1,1,"28,2","28,5"
1,9,1,4,91,91,4113,4259,9,28685,2005-08-31,"-47,53911509","-21,57562263",4326,500,1,18,1,0,Normal,"22,76",29,1,1,"28,79",29
1,9,1,4,91,91,4114,4260,9,28685,2005-08-31,"-47,53911509","-21,57562263",4326,500,1,19,1,0,Normal,"20,15","28,1",1,1,"27,88","28,1"
1,9,1,4,91,91,4115,4261,9,28685,2005-08-31,"-47,53911509","-21,57562263",4326,500,1,20,1,0,Normal,"21,77","29,3",1,1,"28,47","29,3"
1,9,1,4,91,91,4116,4262,9,28685,2005-08-31,"-47,53911509","-21,57562263",4326,500,1,21,1,0,Normal,"21,49","28,5",1,1,"28,37","28,5"
1,9,1,4,91,91,4117,4263,9,28685,2005-08-31,"-47,53911509","-21,57562263",4326,500,1,22,1,0,Normal,"17,28",,0,1,"26,61","26,61"
1,9,1,4,91,91,4118,4264,9,28685,2005-08-31,"-47,53911509","-21,57562263",4326,500,1,23,1,0,Normal,"22,6",,0,1,"28,74","28,74"
1,9,1,4,91,91,4119,4265,9,28685,2005-08-31,"-47,53911509","-21,57562263",4326,500,1,24,1,3,Bifurcada Abaixo,"15,06",,0,1,"25,36","25,36"
1,9,1,4,91,91,4119,4266,9,28685,2005-08-31,"-47,53911509","-21,57562263",4326,500,1,24,2,3,Bifurcada Abaixo,"14,39",,0,1,"24,93","24,93"
1,9,1,4,91,91,4120,4267,9,28685,2005-08-31,"-47,53911509","-21,57562263",4326,500,1,25,1,0,Normal,"20,05",,0,1,"27,84","27,84"
1,9,1,4,91,91,4121,4268,9,28685,2005-08-31,"-47,53911509","-21,57562263",4326,500,1,26,1,0,Normal,"22,12",,0,1,"28,58","28,58"
1,9,1,4,91,91,4122,4269,9,28685,2005-08-31,"-47,53911509","-21,57562263",4326,500,1,27,1,0,Normal,"21,9",,0,1,"28,51","28,51"
1,9,1,4,91,91,4123,4270,9,28685,2005-08-31,"-47,53911509","-21,57562263",4326,500,1,28,1,0,Normal,"20,69",,0,1,"28,08","28,08"
1,9,1,4,91,91,4124,4271,9,28685,2005-08-31,"-47,53911509","-21,57562263",4326,500,1,29,1,0,Normal,"19,51",,0,1,"27,62","27,62"
1,9,1,4,91,91,4125,4272,9,28685,2005-08-31,"-47,53911509","-21,57562263",4326,500,1,30,1,0,Normal,"21,01",,0,1,"28,2","28,2"
1,9,1,4,91,91,4126,4273,9,28685,2005-08-31,"-47,53911509","-21,57562263",4326,500,1,31,1,0,Normal,"22,06",,0,1,"28,56","28,56"
1,9,1,4,91,91,4127,4274,9,28685,2005-08-31,"-47,53911509","-21,57562263",4326,500,1,32,1,0,Normal,"15,28",,0,1,"25,5","25,5"
1,9,1,4,91,91,4128,4275,9,28685,2005-08-31,"-47,53911509","-21,57562263",4326,500,1,33,1,0,Normal,"22,6",,0,1,"28,74","28,74"
1,9,1,4,91,91,4129,4276,9,28685,2005-08-31,"-47,53911509","-21,57562263",4326,500,1,34,1,0,Normal,"22,06",,0,1,"28,56","28,56"
1,9,1,4,91,91,4130,4277,9,28685,2005-08-31,"-47,53911509","-21,57562263",4326,500,1,35,1,0,Normal,"20,82",,0,1,"28,13","28,13"
1,9,1,4,92,92,4131,4278,9,28686,2005-08-31,"-47,54078454","-21,57559718",4326,500,1,1,1,0,Normal,"20,85",,0,1,"27,5","27,5"
1,9,1,4,92,92,4132,4279,9,28686,2005-08-31,"-47,54078454","-21,57559718",4326,500,1,2,1,2,Dominante,"23,65","27,5",1,1,"28,81","27,5"
1,9,1,4,92,92,4133,4280,9,28686,2005-08-31,"-47,54078454","-21,57559718",4326,500,1,3,1,0,Normal,"20,82",,0,1,"27,49","27,49"
1,9,1,4,92,92,4134,4281,9,28686,2005-08-31,"-47,54078454","-21,57559718",4326,500,1,4,1,0,Normal,"19,99",,0,1,"27,04","27,04"
1,9,1,4,92,92,4135,4282,9,28686,2005-08-31,"-47,54078454","-21,57559718",4326,500,1,5,1,0,Normal,"16,71",,0,1,"24,96","24,96"
1,9,1,4,92,92,4136,4283,9,28686,2005-08-31,"-47,54078454","-21,57559718",4326,500,1,6,1,0,Normal,"16,97",,0,1,"25,15","25,15"
1,9,1,4,92,92,4137,4284,9,28686,2005-08-31,"-47,54078454","-21,57559718",4326,500,1,7,1,0,Normal,"13,88",,0,1,"22,59","22,59"
1,9,1,4,92,92,4138,4285,9,28686,2005-08-31,"-47,54078454","-21,57559718",4326,500,1,8,1,2,Dominante,"25,08","27,5",1,1,"29,38","27,5"
1,9,1,4,92,92,4139,4286,9,28686,2005-08-31,"-47,54078454","-21,57559718",4326,500,1,9,1,0,Normal,"12,19",,0,1,"20,83","20,83"
1,9,1,4,92,92,4140,4287,9,28686,2005-08-31,"-47,54078454","-21,57559718",4326,500,1,10,1,2,Dominante,"22,41","26,5",1,1,"28,26","26,5"
1,9,1,4,92,92,4141,4288,9,28686,2005-08-31,"-47,54078454","-21,57559718",4326,500,1,11,1,0,Normal,"17,92",,0,1,"25,8","25,8"
1,9,1,4,92,92,4142,4289,9,28686,2005-08-31,"-47,54078454","-21,57559718",4326,500,1,12,1,0,Normal,"20,56",,0,1,"27,35","27,35"
1,9,1,4,92,92,4143,4290,9,28686,2005-08-31,"-47,54078454","-21,57559718",4326,500,1,13,1,0,Normal,"18,59",,0,1,"26,22","26,22"
1,9,1,4,92,92,4144,4291,9,28686,2005-08-31,"-47,54078454","-21,57559718",4326,500,1,14,1,0,Normal,"20,37",27,1,1,"27,25",27
1,9,1,4,92,92,4145,4292,9,28686,2005-08-31,"-47,54078454","-21,57559718",4326,500,1,15,1,0,Normal,"19,83","27,3",1,1,"26,95","27,3"
1,9,1,4,92,92,4146,4293,9,28686,2005-08-31,"-47,54078454","-21,57559718",4326,500,1,16,1,0,Normal,"18,88","26,9",1,1,"26,4","26,9"
1,9,1,4,92,92,4147,4294,9,28686,2005-08-31,"-47,54078454","-21,57559718",4326,500,1,17,1,0,Normal,"18,91",27,1,1,"26,42",27
1,9,1,4,92,92,4148,4295,9,28686,2005-08-31,"-47,54078454","-21,57559718",4326,500,1,18,1,0,Normal,"19,26","26,8",1,1,"26,63","26,8"
1,9,1,4,92,92,4149,4296,9,28686,2005-08-31,"-47,54078454","-21,57559718",4326,500,1,19,1,0,Normal,"19,83","27,4",1,1,"26,95","27,4"
1,9,1,4,92,92,4150,4297,9,28686,2005-08-31,"-47,54078454","-21,57559718",4326,500,1,20,1,0,Normal,"19,23",27,1,1,"26,61",27
1,9,1,4,92,92,4151,4298,9,28686,2005-08-31,"-47,54078454","-21,57559718",4326,500,1,21,1,2,Dominante,"23,05","27,5",1,1,"28,55","27,5"
1,9,1,4,92,92,4152,4299,9,28686,2005-08-31,"-47,54078454","-21,57559718",4326,500,1,22,1,1,Falha,0,,0,0,,
1,9,1,4,92,92,4153,4300,9,28686,2005-08-31,"-47,54078454","-21,57559718",4326,500,1,23,1,0,Normal,"21,1","27,2",1,1,"27,63","27,2"
1,9,1,4,92,92,4154,4301,9,28686,2005-08-31,"-47,54078454","-21,57559718",4326,500,1,24,1,1,Falha,0,,0,0,,
1,9,1,4,92,92,4155,4302,9,28686,2005-08-31,"-47,54078454","-21,57559718",4326,500,1,25,1,0,Normal,"19,99","26,6",1,1,"27,04","26,6"
1,9,1,4,92,92,4156,4303,9,28686,2005-08-31,"-47,54078454","-21,57559718",4326,500,1,26,1,0,Normal,"20,05",,0,1,"27,08","27,08"
1,9,1,4,92,92,4157,4304,9,28686,2005-08-31,"-47,54078454","-21,57559718",4326,500,1,27,1,0,Normal,"15,6",,0,1,"24,11","24,11"
1,9,1,4,92,92,4158,4305,9,28686,2005-08-31,"-47,54078454","-21,57559718",4326,500,1,28,1,2,Dominante,"21,14","24,8",1,1,"27,65","24,8"
1,9,1,4,92,92,4158,4306,9,28686,2005-08-31,"-47,54078454","-21,57559718",4326,500,1,28,2,3,Bifurcada Abaixo,"14,1",,0,1,"22,8","22,8"
1,9,1,4,92,92,4159,4307,9,28686,2005-08-31,"-47,54078454","-21,57559718",4326,500,1,29,1,0,Normal,"14,93",,0,1,"23,55","23,55"
1,9,1,4,92,92,4160,4308,9,28686,2005-08-31,"-47,54078454","-21,57559718",4326,500,1,30,1,0,Normal,"19,26",,0,1,"26,63","26,63"
1,9,1,4,92,92,4161,4309,9,28686,2005-08-31,"-47,54078454","-21,57559718",4326,500,1,31,1,0,Normal,"19,7",,0,1,"26,88","26,88"
1,9,1,4,92,92,4162,4310,9,28686,2005-08-31,"-47,54078454","-21,57559718",4326,500,1,32,1,0,Normal,"19,83",,0,1,"26,95","26,95"
1,9,1,4,92,92,4163,4311,9,28686,2005-08-31,"-47,54078454","-21,57559718",4326,500,1,33,1,0,Normal,"17,95",,0,1,"25,82","25,82"
1,9,1,4,92,92,4164,4312,9,28686,2005-08-31,"-47,54078454","-21,57559718",4326,500,1,34,1,0,Normal,"19,54",,0,1,"26,79","26,79"
1,9,1,4,92,92,4165,4313,9,28686,2005-08-31,"-47,54078454","-21,57559718",4326,500,1,35,1,1,Falha,0,,0,0,,
1,9,1,4,92,92,4166,4314,9,28686,2005-08-31,"-47,54078454","-21,57559718",4326,500,1,36,1,0,Normal,"21,1",,0,1,"27,63","27,63"
1,9,1,4,92,92,4167,4315,9,28686,2005-08-31,"-47,54078454","-21,57559718",4326,500,1,37,1,0,Normal,"18,24",,0,1,26,26
1,9,1,4,92,92,4168,4316,9,28686,2005-08-31,"-47,54078454","-21,57559718",4326,500,1,38,1,3,Bifurcada Abaixo,"19,42",,0,1,"26,72","26,72"
1,9,1,4,92,92,4168,4317,9,28686,2005-08-31,"-47,54078454","-21,57559718",4326,500,1,38,2,3,Bifurcada Abaixo,"11,4",,0,1,"19,88","19,88"
1,10,1,1,93,93,4169,4318,10,28687,2005-08-31,"-47,54737042","-21,5707929",4326,500,1,1,1,0,Normal,"11,55",,0,1,"25,74","25,74"
1,10,1,1,93,93,4170,4319,10,28687,2005-08-31,"-47,54737042","-21,5707929",4326,500,1,2,1,2,Dominante,"22,38","28,7",1,1,"28,79","28,7"
1,10,1,1,93,93,4171,4320,10,28687,2005-08-31,"-47,54737042","-21,5707929",4326,500,1,3,1,0,Normal,"19,23",,0,1,"28,23","28,23"
1,10,1,1,93,93,4172,4321,10,28687,2005-08-31,"-47,54737042","-21,5707929",4326,500,1,4,1,0,Normal,"17,6",,0,1,"27,87","27,87"
1,10,1,1,93,93,4173,4322,10,28687,2005-08-31,"-47,54737042","-21,5707929",4326,500,1,5,1,2,Dominante,"20,75","27,8",1,1,"28,52","27,8"
1,10,1,1,93,93,4174,4323,10,28687,2005-08-31,"-47,54737042","-21,5707929",4326,500,1,6,1,0,Normal,"20,47",,0,1,"28,47","28,47"
1,10,1,1,93,93,4175,4324,10,28687,2005-08-31,"-47,54737042","-21,5707929",4326,500,1,7,1,0,Normal,"18,97",,0,1,"28,18","28,18"
1,10,1,1,93,93,4176,4325,10,28687,2005-08-31,"-47,54737042","-21,5707929",4326,500,1,8,1,0,Normal,"18,56",,0,1,"28,09","28,09"
1,10,1,1,93,93,4177,4326,10,28687,2005-08-31,"-47,54737042","-21,5707929",4326,500,1,9,1,0,Normal,"18,24",,0,1,"28,02","28,02"
1,10,1,1,93,93,4178,4327,10,28687,2005-08-31,"-47,54737042","-21,5707929",4326,500,1,10,1,0,Normal,"18,46",,0,1,"28,07","28,07"
1,10,1,1,93,93,4179,4328,10,28687,2005-08-31,"-47,54737042","-21,5707929",4326,500,1,11,1,0,Normal,"14,39",,0,1,"26,94","26,94"
1,10,1,1,93,93,4180,4329,10,28687,2005-08-31,"-47,54737042","-21,5707929",4326,500,1,12,1,0,Normal,"18,24",,0,1,"28,02","28,02"
1,10,1,1,93,93,4181,4330,10,28687,2005-08-31,"-47,54737042","-21,5707929",4326,500,1,13,1,0,Normal,"15,34",,0,1,"27,25","27,25"
1,10,1,1,93,93,4182,4331,10,28687,2005-08-31,"-47,54737042","-21,5707929",4326,500,1,14,1,0,Normal,"15,22",,0,1,"27,22","27,22"
1,10,1,1,93,93,4183,4332,10,28687,2005-08-31,"-47,54737042","-21,5707929",4326,500,1,15,1,0,Normal,"17,92",,0,1,"27,95","27,95"
1,10,1,1,93,93,4184,4333,10,28687,2005-08-31,"-47,54737042","-21,5707929",4326,500,1,16,1,0,Normal,"15,72",,0,1,"27,37","27,37"
1,10,1,1,93,93,4185,4334,10,28687,2005-08-31,"-47,54737042","-21,5707929",4326,500,1,17,1,0,Normal,"10,82",,0,1,"25,34","25,34"
1,10,1,1,93,93,4186,4335,10,28687,2005-08-31,"-47,54737042","-21,5707929",4326,500,1,18,1,0,Normal,"15,72",,0,1,"27,37","27,37"
1,10,1,1,93,93,4187,4336,10,28687,2005-08-31,"-47,54737042","-21,5707929",4326,500,1,19,1,0,Normal,"12,51",,0,1,"26,2","26,2"
1,10,1,1,93,93,4188,4337,10,28687,2005-08-31,"-47,54737042","-21,5707929",4326,500,1,20,1,0,Normal,"16,93",,0,1,"27,71","27,71"
1,10,1,1,93,93,4189,4338,10,28687,2005-08-31,"-47,54737042","-21,5707929",4326,500,1,21,1,0,Normal,"19,19","27,8",1,1,"28,23","27,8"
1,10,1,1,93,93,4190,4339,10,28687,2005-08-31,"-47,54737042","-21,5707929",4326,500,1,22,1,0,Normal,"18,91","28,6",1,1,"28,17","28,6"
1,10,1,1,93,93,4191,4340,10,28687,2005-08-31,"-47,54737042","-21,5707929",4326,500,1,23,1,2,Dominante,"20,63",29,1,1,"28,5",29
1,10,1,1,93,93,4192,4341,10,28687,2005-08-31,"-47,54737042","-21,5707929",4326,500,1,24,1,0,Normal,"19,19","28,4",1,1,"28,23","28,4"
1,10,1,1,93,93,4193,4342,10,28687,2005-08-31,"-47,54737042","-21,5707929",4326,500,1,25,1,0,Normal,"20,28","28,2",1,1,"28,44","28,2"
1,10,1,1,93,93,4194,4343,10,28687,2005-08-31,"-47,54737042","-21,5707929",4326,500,1,26,1,0,Normal,"18,56","27,6",1,1,"28,09","27,6"
1,10,1,1,93,93,4195,4344,10,28687,2005-08-31,"-47,54737042","-21,5707929",4326,500,1,27,1,0,Normal,"17,51",28,1,1,"27,85",28
1,10,1,1,93,93,4196,4345,10,28687,2005-08-31,"-47,54737042","-21,5707929",4326,500,1,28,1,0,Normal,"17,76","27,3",1,1,"27,91","27,3"
1,10,1,1,93,93,4197,4346,10,28687,2005-08-31,"-47,54737042","-21,5707929",4326,500,1,29,1,0,Normal,"19,1","28,4",1,1,"28,21","28,4"
1,10,1,1,93,93,4198,4347,10,28687,2005-08-31,"-47,54737042","-21,5707929",4326,500,1,30,1,0,Normal,"17,76","28,5",1,1,"27,91","28,5"
1,10,1,1,93,93,4199,4348,10,28687,2005-08-31,"-47,54737042","-21,5707929",4326,500,1,31,1,0,Normal,"14,07",,0,1,"26,83","26,83"
1,10,1,1,93,93,4200,4349,10,28687,2005-08-31,"-47,54737042","-21,5707929",4326,500,1,32,1,0,Normal,"19,8",,0,1,"28,35","28,35"
1,10,1,1,93,93,4201,4350,10,28687,2005-08-31,"-47,54737042","-21,5707929",4326,500,1,33,1,0,Normal,"15,79",,0,1,"27,39","27,39"
1,10,1,1,93,93,4202,4351,10,28687,2005-08-31,"-47,54737042","-21,5707929",4326,500,1,34,1,0,Normal,"11,78",,0,1,"25,85","25,85"
1,10,1,1,93,93,4203,4352,10,28687,2005-08-31,"-47,54737042","-21,5707929",4326,500,1,35,1,2,Dominante,"20,79","28,8",1,1,"28,53","28,8"
1,10,1,1,93,93,4204,4353,10,28687,2005-08-31,"-47,54737042","-21,5707929",4326,500,1,36,1,0,Normal,"18,46",,0,1,"28,07","28,07"
1,10,1,1,93,93,4205,4354,10,28687,2005-08-31,"-47,54737042","-21,5707929",4326,500,1,37,1,1,Falha,0,,0,0,,
1,10,1,1,93,93,4206,4355,10,28687,2005-08-31,"-47,54737042","-21,5707929",4326,500,1,38,1,2,Dominante,"21,33","28,9",1,1,"28,62","28,9"
1,10,1,1,93,93,4207,4356,10,28687,2005-08-31,"-47,54737042","-21,5707929",4326,500,1,39,1,0,Normal,"16,39",,0,1,"27,56","27,56"
1,10,1,1,93,93,4208,4357,10,28687,2005-08-31,"-47,54737042","-21,5707929",4326,500,1,40,1,0,Normal,"13,69",,0,1,"26,69","26,69"
1,10,1,1,93,93,4209,4358,10,28687,2005-08-31,"-47,54737042","-21,5707929",4326,500,1,41,1,0,Normal,"18,21",,0,1,"28,02","28,02"
1,10,1,1,93,93,4210,4359,10,28687,2005-08-31,"-47,54737042","-21,5707929",4326,500,1,42,1,0,Normal,"15,53",,0,1,"27,31","27,31"
1,10,1,1,93,93,4211,4360,10,28687,2005-08-31,"-47,54737042","-21,5707929",4326,500,1,43,1,0,Normal,"18,33",,0,1,"28,04","28,04"
1,10,1,1,93,93,4212,4361,10,28687,2005-08-31,"-47,54737042","-21,5707929",4326,500,1,44,1,0,Normal,"20,05",,0,1,"28,4","28,4"
1,10,1,1,93,93,4213,4362,10,28687,2005-08-31,"-47,54737042","-21,5707929",4326,500,1,45,1,0,Normal,"14,99",,0,1,"27,14","27,14"
1,10,1,1,93,93,4214,4363,10,28687,2005-08-31,"-47,54737042","-21,5707929",4326,500,1,46,1,0,Normal,"19,83",,0,1,"28,35","28,35"
1,10,1,1,93,93,4215,4364,10,28687,2005-08-31,"-47,54737042","-21,5707929",4326,500,1,47,1,0,Normal,"18,59",,0,1,"28,1","28,1"
1,10,1,1,93,93,4216,4365,10,28687,2005-08-31,"-47,54737042","-21,5707929",4326,500,1,48,1,0,Normal,"20,15",,0,1,"28,41","28,41"
1,10,1,1,93,93,4217,4366,10,28687,2005-08-31,"-47,54737042","-21,5707929",4326,500,1,49,1,0,Normal,"18,72",,0,1,"28,13","28,13"
1,10,1,1,93,93,4218,4367,10,28687,2005-08-31,"-47,54737042","-21,5707929",4326,500,1,50,1,0,Normal,"18,68",,0,1,"28,12","28,12"
1,10,1,1,94,94,4219,4368,10,28688,2005-08-31,"-47,54570151","-21,57084548",4326,500,1,1,1,0,Normal,"19,29",,0,1,"27,17","27,17"
1,10,1,1,94,94,4220,4369,10,28688,2005-08-31,"-47,54570151","-21,57084548",4326,500,1,2,1,0,Normal,"17,92",,0,1,"26,14","26,14"
1,10,1,1,94,94,4221,4370,10,28688,2005-08-31,"-47,54570151","-21,57084548",4326,500,1,3,1,2,Dominante,"20,98","27,1",1,1,"28,3","27,1"
1,10,1,1,94,94,4222,4371,10,28688,2005-08-31,"-47,54570151","-21,57084548",4326,500,1,4,1,0,Normal,"18,33",,0,1,"26,46","26,46"
1,10,1,1,94,94,4223,4372,10,28688,2005-08-31,"-47,54570151","-21,57084548",4326,500,1,5,1,2,Dominante,"22,6","28,2",1,1,"29,25","28,2"
1,10,1,1,94,94,4224,4373,10,28688,2005-08-31,"-47,54570151","-21,57084548",4326,500,1,6,1,0,Normal,"18,11",,0,1,"26,29","26,29"
1,10,1,1,94,94,4225,4374,10,28688,2005-08-31,"-47,54570151","-21,57084548",4326,500,1,7,1,2,Dominante,"20,53","27,1",1,1,"28,01","27,1"
1,10,1,1,94,94,4226,4375,10,28688,2005-08-31,"-47,54570151","-21,57084548",4326,500,1,8,1,5,Inclinadas,"10,25",,0,1,"17,4","17,4"
1,10,1,1,94,94,4227,4376,10,28688,2005-08-31,"-47,54570151","-21,57084548",4326,500,1,9,1,0,Normal,"18,94",,0,1,"26,91","26,91"
1,10,1,1,94,94,4228,4377,10,28688,2005-08-31,"-47,54570151","-21,57084548",4326,500,1,10,1,0,Normal,"19,8",,0,1,"27,52","27,52"
1,10,1,1,94,94,4229,4378,10,28688,2005-08-31,"-47,54570151","-21,57084548",4326,500,1,11,1,0,Normal,"17,63",,0,1,"25,91","25,91"
1,10,1,1,94,94,4230,4379,10,28688,2005-08-31,"-47,54570151","-21,57084548",4326,500,1,12,1,0,Normal,"17,16",,0,1,"25,52","25,52"
1,10,1,1,94,94,4231,4380,10,28688,2005-08-31,"-47,54570151","-21,57084548",4326,500,1,13,1,0,Normal,"17,54",,0,1,"25,83","25,83"
1,10,1,1,94,94,4232,4381,10,28688,2005-08-31,"-47,54570151","-21,57084548",4326,500,1,14,1,0,Normal,"15,28",,0,1,"23,79","23,79"
1,10,1,1,94,94,4233,4382,10,28688,2005-08-31,"-47,54570151","-21,57084548",4326,500,1,15,1,0,Normal,"18,02",,0,1,"26,22","26,22"
1,10,1,1,94,94,4234,4383,10,28688,2005-08-31,"-47,54570151","-21,57084548",4326,500,1,16,1,0,Normal,"16,14",,0,1,"24,62","24,62"
1,10,1,1,94,94,4235,4384,10,28688,2005-08-31,"-47,54570151","-21,57084548",4326,500,1,17,1,0,Normal,"17,83",,0,1,"26,07","26,07"
1,10,1,1,94,94,4236,4385,10,28688,2005-08-31,"-47,54570151","-21,57084548",4326,500,1,18,1,0,Normal,"17,51",,0,1,"25,81","25,81"
1,10,1,1,94,94,4237,4386,10,28688,2005-08-31,"-47,54570151","-21,57084548",4326,500,1,19,1,0,Normal,"18,05",,0,1,"26,24","26,24"
1,10,1,1,94,94,4238,4387,10,28688,2005-08-31,"-47,54570151","-21,57084548",4326,500,1,20,1,0,Normal,"15,31",,0,1,"23,82","23,82"
1,10,1,1,94,94,4239,4388,10,28688,2005-08-31,"-47,54570151","-21,57084548",4326,500,1,21,1,0,Normal,"19,23",,0,1,"27,12","27,12"
1,10,1,1,94,94,4240,4389,10,28688,2005-08-31,"-47,54570151","-21,57084548",4326,500,1,22,1,0,Normal,"18,27","26,3",1,1,"26,41","26,3"
1,10,1,1,94,94,4241,4390,10,28688,2005-08-31,"-47,54570151","-21,57084548",4326,500,1,23,1,0,Normal,"16,49",27,1,1,"24,93",27
1,10,1,1,94,94,4242,4391,10,28688,2005-08-31,"-47,54570151","-21,57084548",4326,500,1,24,1,0,Normal,"17,25","25,9",1,1,"25,59","25,9"
1,10,1,1,94,94,4243,4392,10,28688,2005-08-31,"-47,54570151","-21,57084548",4326,500,1,25,1,0,Normal,"17,03",26,1,1,"25,41",26
1,10,1,1,94,94,4244,4393,10,28688,2005-08-31,"-47,54570151","-21,57084548",4326,500,1,26,1,0,Normal,"13,59","19,4",1,1,"21,98","19,4"
1,10,1,1,94,94,4245,4394,10,28688,2005-08-31,"-47,54570151","-21,57084548",4326,500,1,27,1,0,Normal,"15,44","24,7",1,1,"23,95","24,7"
1,10,1,1,94,94,4246,4395,10,28688,2005-08-31,"-47,54570151","-21,57084548",4326,500,1,28,1,0,Normal,"19,35","27,3",1,1,"27,21","27,3"
1,10,1,1,94,94,4247,4396,10,28688,2005-08-31,"-47,54570151","-21,57084548",4326,500,1,29,1,0,Normal,"16,27",26,1,1,"24,74",26
1,10,1,1,94,94,4248,4397,10,28688,2005-08-31,"-47,54570151","-21,57084548",4326,500,1,30,1,0,Normal,"18,81","26,8",1,1,"26,82","26,8"
1,10,1,1,94,94,4249,4398,10,28688,2005-08-31,"-47,54570151","-21,57084548",4326,500,1,31,1,0,Normal,"17,67","26,7",1,1,"25,94","26,7"
1,10,1,1,94,94,4250,4399,10,28688,2005-08-31,"-47,54570151","-21,57084548",4326,500,1,32,1,0,Normal,"18,24",,0,1,"26,39","26,39"
1,10,1,1,94,94,4251,4400,10,28688,2005-08-31,"-47,54570151","-21,57084548",4326,500,1,33,1,0,Normal,"17,92",,0,1,"26,14","26,14"
1,10,1,1,94,94,4252,4401,10,28688,2005-08-31,"-47,54570151","-21,57084548",4326,500,1,34,1,0,Normal,"19,74","27,3",1,1,"27,48","27,3"
1,10,1,1,94,94,4253,4402,10,28688,2005-08-31,"-47,54570151","-21,57084548",4326,500,1,35,1,0,Normal,"17,83",,0,1,"26,07","26,07"
1,10,1,1,94,94,4254,4403,10,28688,2005-08-31,"-47,54570151","-21,57084548",4326,500,1,36,1,0,Normal,"17,35",,0,1,"25,68","25,68"
1,10,1,1,94,94,4255,4404,10,28688,2005-08-31,"-47,54570151","-21,57084548",4326,500,1,37,1,0,Normal,"19,54",,0,1,"27,34","27,34"
1,10,1,1,94,94,4256,4405,10,28688,2005-08-31,"-47,54570151","-21,57084548",4326,500,1,38,1,2,Dominante,"19,96","28,8",1,1,"27,63","28,8"
1,10,1,1,94,94,4257,4406,10,28688,2005-08-31,"-47,54570151","-21,57084548",4326,500,1,39,1,6,Morta,"12,61",,0,0,"20,79","20,79"
1,10,1,1,94,94,4258,4407,10,28688,2005-08-31,"-47,54570151","-21,57084548",4326,500,1,40,1,0,Normal,"19,07",,0,1,"27,01","27,01"
1,10,1,1,94,94,4259,4408,10,28688,2005-08-31,"-47,54570151","-21,57084548",4326,500,1,41,1,0,Normal,"14,48",,0,1,"22,97","22,97"
1,10,1,1,94,94,4260,4409,10,28688,2005-08-31,"-47,54570151","-21,57084548",4326,500,1,42,1,0,Normal,"18,62",,0,1,"26,68","26,68"
1,10,1,1,94,94,4261,4410,10,28688,2005-08-31,"-47,54570151","-21,57084548",4326,500,1,43,1,0,Normal,"19,26",,0,1,"27,15","27,15"
1,10,1,1,94,94,4262,4411,10,28688,2005-08-31,"-47,54570151","-21,57084548",4326,500,1,44,1,0,Normal,"11,9",,0,1,"19,85","19,85"
1,10,1,1,94,94,4263,4412,10,28688,2005-08-31,"-47,54570151","-21,57084548",4326,500,1,45,1,2,Dominante,"21,65","27,6",1,1,"28,7","27,6"
1,10,1,1,94,94,4264,4413,10,28688,2005-08-31,"-47,54570151","-21,57084548",4326,500,1,46,1,0,Normal,"18,3",,0,1,"26,44","26,44"
1,10,1,1,94,94,4265,4414,10,28688,2005-08-31,"-47,54570151","-21,57084548",4326,500,1,47,1,0,Normal,"19,48",,0,1,"27,3","27,3"
1,10,1,1,96,96,4311,4461,10,28690,2005-08-31,"-47,54406904","-21,5724323",4326,500,1,1,1,0,Normal,"20,37",,0,1,"28,07","28,07"
1,10,1,1,96,96,4312,4462,10,28690,2005-08-31,"-47,54406904","-21,5724323",4326,500,1,2,1,0,Normal,"17,73",,0,1,"26,53","26,53"
1,10,1,1,96,96,4313,4463,10,28690,2005-08-31,"-47,54406904","-21,5724323",4326,500,1,3,1,0,Normal,"18,56",,0,1,"27,06","27,06"
1,10,1,1,96,96,4314,4464,10,28690,2005-08-31,"-47,54406904","-21,5724323",4326,500,1,4,1,2,Dominante,"21,26","28,3",1,1,"28,52","28,3"
1,10,1,1,96,96,4315,4465,10,28690,2005-08-31,"-47,54406904","-21,5724323",4326,500,1,5,1,0,Normal,"20,37",,0,1,"28,07","28,07"
1,10,1,1,96,96,4316,4466,10,28690,2005-08-31,"-47,54406904","-21,5724323",4326,500,1,6,1,0,Normal,"19,74",,0,1,"27,74","27,74"
1,10,1,1,96,96,4317,4467,10,28690,2005-08-31,"-47,54406904","-21,5724323",4326,500,1,7,1,2,Dominante,"20,44","28,5",1,1,"28,11","28,5"
1,10,1,1,96,96,4318,4468,10,28690,2005-08-31,"-47,54406904","-21,5724323",4326,500,1,8,1,0,Normal,"17,06",,0,1,"26,08","26,08"
1,10,1,1,96,96,4319,4469,10,28690,2005-08-31,"-47,54406904","-21,5724323",4326,500,1,9,1,2,Dominante,"21,58","29,5",1,1,"28,68","29,5"
1,10,1,1,96,96,4320,4470,10,28690,2005-08-31,"-47,54406904","-21,5724323",4326,500,1,10,1,0,Normal,"18,53",,0,1,"27,04","27,04"
1,10,1,1,96,96,4321,4471,10,28690,2005-08-31,"-47,54406904","-21,5724323",4326,500,1,11,1,2,Dominante,"20,69",29,1,1,"28,24",29
1,10,1,1,96,96,4322,4472,10,28690,2005-08-31,"-47,54406904","-21,5724323",4326,500,1,12,1,0,Normal,"18,68",,0,1,"27,13","27,13"
1,10,1,1,96,96,4323,4473,10,28690,2005-08-31,"-47,54406904","-21,5724323",4326,500,1,13,1,0,Normal,"19,23",,0,1,"27,45","27,45"
1,10,1,1,96,96,4324,4474,10,28690,2005-08-31,"-47,54406904","-21,5724323",4326,500,1,14,1,0,Normal,"19,54",,0,1,"27,63","27,63"
1,10,1,1,96,96,4325,4475,10,28690,2005-08-31,"-47,54406904","-21,5724323",4326,500,1,15,1,0,Normal,19,,0,1,"27,32","27,32"
1,10,1,1,96,96,4326,4476,10,28690,2005-08-31,"-47,54406904","-21,5724323",4326,500,1,16,1,0,Normal,"19,77",,0,1,"27,75","27,75"
1,10,1,1,96,96,4327,4477,10,28690,2005-08-31,"-47,54406904","-21,5724323",4326,500,1,17,1,0,Normal,"12,8",,0,1,"22,44","22,44"
1,10,1,1,96,96,4328,4478,10,28690,2005-08-31,"-47,54406904","-21,5724323",4326,500,1,18,1,0,Normal,"19,29",,0,1,"27,48","27,48"
1,10,1,1,96,96,4329,4479,10,28690,2005-08-31,"-47,54406904","-21,5724323",4326,500,1,19,1,0,Normal,"12,54","22,5",1,1,"22,16","22,5"
1,10,1,1,96,96,4330,4480,10,28690,2005-08-31,"-47,54406904","-21,5724323",4326,500,1,20,1,0,Normal,"18,53","27,6",1,1,"27,04","27,6"
1,10,1,1,96,96,4331,4481,10,28690,2005-08-31,"-47,54406904","-21,5724323",4326,500,1,21,1,0,Normal,"16,74",25,1,1,"25,86",25
1,10,1,1,96,96,4332,4482,10,28690,2005-08-31,"-47,54406904","-21,5724323",4326,500,1,22,1,0,Normal,"16,36",26,1,1,"25,58",26
1,10,1,1,96,96,4333,4483,10,28690,2005-08-31,"-47,54406904","-21,5724323",4326,500,1,23,1,0,Normal,"18,14",27,1,1,"26,8",27
1,10,1,1,96,96,4334,4484,10,28690,2005-08-31,"-47,54406904","-21,5724323",4326,500,1,24,1,6,Morta,"14,83",,0,0,"24,37","24,37"
1,10,1,1,96,96,4335,4485,10,28690,2005-08-31,"-47,54406904","-21,5724323",4326,500,1,25,1,1,Falha,0,,0,0,,
1,10,1,1,96,96,4336,4486,10,28690,2005-08-31,"-47,54406904","-21,5724323",4326,500,1,26,1,2,Dominante,"20,85",28,1,1,"28,32",28
1,10,1,1,96,96,4337,4487,10,28690,2005-08-31,"-47,54406904","-21,5724323",4326,500,1,27,1,0,Normal,"17,7","25,3",1,1,"26,51","25,3"
1,10,1,1,96,96,4338,4488,10,28690,2005-08-31,"-47,54406904","-21,5724323",4326,500,1,28,1,6,Morta,"13,91",,0,0,"23,54","23,54"
1,10,1,1,96,96,4339,4489,10,28690,2005-08-31,"-47,54406904","-21,5724323",4326,500,1,29,1,0,Normal,"18,78","27,2",1,1,"27,19","27,2"
1,10,1,1,96,96,4340,4490,10,28690,2005-08-31,"-47,54406904","-21,5724323",4326,500,1,30,1,0,Normal,"19,74","26,6",1,1,"27,74","26,6"
1,10,1,1,96,96,4341,4491,10,28690,2005-08-31,"-47,54406904","-21,5724323",4326,500,1,31,1,6,Morta,"13,72",,0,0,"23,36","23,36"
1,10,1,1,96,96,4342,4492,10,28690,2005-08-31,"-47,54406904","-21,5724323",4326,500,1,32,1,6,Morta,"13,43",,0,0,"23,08","23,08"
1,10,1,1,96,96,4343,4493,10,28690,2005-08-31,"-47,54406904","-21,5724323",4326,500,1,33,1,0,Normal,"19,8",28,1,1,"27,77",28
1,10,1,1,96,96,4344,4494,10,28690,2005-08-31,"-47,54406904","-21,5724323",4326,500,1,34,1,6,Morta,"14,96",,0,0,"24,48","24,48"
1,10,1,1,96,96,4345,4495,10,28690,2005-08-31,"-47,54406904","-21,5724323",4326,500,1,35,1,6,Morta,"13,24",,0,0,"22,89","22,89"
1,10,1,1,96,96,4346,4496,10,28690,2005-08-31,"-47,54406904","-21,5724323",4326,500,1,36,1,6,Morta,"14,23",,0,0,"23,84","23,84"
1,10,1,1,96,96,4347,4497,10,28690,2005-08-31,"-47,54406904","-21,5724323",4326,500,1,37,1,0,Normal,"15,18",,0,1,"24,66","24,66"
1,10,1,1,96,96,4348,4498,10,28690,2005-08-31,"-47,54406904","-21,5724323",4326,500,1,38,1,6,Morta,"14,55",,0,0,"24,13","24,13"
1,10,1,1,96,96,4349,4499,10,28690,2005-08-31,"-47,54406904","-21,5724323",4326,500,1,39,1,6,Morta,"10,22",,0,0,"19,27","19,27"
1,10,1,1,96,96,4350,4500,10,28690,2005-08-31,"-47,54406904","-21,5724323",4326,500,1,40,1,6,Morta,"12,48",,0,0,"22,09","22,09"
1,10,1,1,96,96,4351,4501,10,28690,2005-08-31,"-47,54406904","-21,5724323",4326,500,1,41,1,6,Morta,"14,83",,0,0,"24,37","24,37"
1,10,1,1,96,96,4352,4502,10,28690,2005-08-31,"-47,54406904","-21,5724323",4326,500,1,42,1,1,Falha,0,,0,0,,
1,10,1,1,96,96,4353,4503,10,28690,2005-08-31,"-47,54406904","-21,5724323",4326,500,1,43,1,0,Normal,"18,05",,0,1,"26,74","26,74"
1,10,1,1,96,96,4354,4504,10,28690,2005-08-31,"-47,54406904","-21,5724323",4326,500,1,44,1,6,Morta,"13,62",,0,0,"23,27","23,27"
1,10,1,1,98,98,4397,4548,10,28692,2005-08-31,"-47,54242673","-21,57401024",4326,500,1,1,1,0,Normal,"19,74",,0,1,"27,79","27,79"
1,10,1,1,98,98,4398,4549,10,28692,2005-08-31,"-47,54242673","-21,57401024",4326,500,1,2,1,1,Falha,0,,0,0,,
1,10,1,1,98,98,4399,4550,10,28692,2005-08-31,"-47,54242673","-21,57401024",4326,500,1,3,1,0,Normal,"18,81",,0,1,"27,03","27,03"
1,10,1,1,98,98,4400,4551,10,28692,2005-08-31,"-47,54242673","-21,57401024",4326,500,1,4,1,0,Normal,"11,27",,0,1,"18,23","18,23"
1,10,1,1,98,98,4401,4552,10,28692,2005-08-31,"-47,54242673","-21,57401024",4326,500,1,5,1,0,Normal,"19,51",,0,1,"27,61","27,61"
1,10,1,1,98,98,4402,4553,10,28692,2005-08-31,"-47,54242673","-21,57401024",4326,500,1,6,1,0,Normal,"18,18",,0,1,"26,48","26,48"
1,10,1,1,98,98,4403,4554,10,28692,2005-08-31,"-47,54242673","-21,57401024",4326,500,1,7,1,0,Normal,"9,84",,0,1,"15,81","15,81"
1,10,1,1,98,98,4404,4555,10,28692,2005-08-31,"-47,54242673","-21,57401024",4326,500,1,8,1,0,Normal,"17,16",,0,1,"25,54","25,54"
1,10,1,1,98,98,4405,4556,10,28692,2005-08-31,"-47,54242673","-21,57401024",4326,500,1,9,1,0,Normal,"20,53",,0,1,"28,39","28,39"
1,10,1,1,98,98,4406,4557,10,28692,2005-08-31,"-47,54242673","-21,57401024",4326,500,1,10,1,0,Normal,"14,58",,0,1,"22,79","22,79"
1,10,1,1,98,98,4407,4558,10,28692,2005-08-31,"-47,54242673","-21,57401024",4326,500,1,11,1,2,Dominante,"21,61",29,1,1,"29,17",29
1,10,1,1,98,98,4408,4559,10,28692,2005-08-31,"-47,54242673","-21,57401024",4326,500,1,12,1,2,Dominante,"21,01",29,1,1,"28,75",29
1,10,1,1,98,98,4409,4560,10,28692,2005-08-31,"-47,54242673","-21,57401024",4326,500,1,13,1,0,Normal,"15,79",,0,1,"24,15","24,15"
1,10,1,1,98,98,4410,4561,10,28692,2005-08-31,"-47,54242673","-21,57401024",4326,500,1,14,1,0,Normal,"19,86",,0,1,"27,88","27,88"
1,10,1,1,98,98,4411,4562,10,28692,2005-08-31,"-47,54242673","-21,57401024",4326,500,1,15,1,0,Normal,"15,82",,0,1,"24,18","24,18"
1,10,1,1,98,98,4412,4563,10,28692,2005-08-31,"-47,54242673","-21,57401024",4326,500,1,16,1,0,Normal,"13,85",,0,1,"21,89","21,89"
1,10,1,1,98,98,4413,4564,10,28692,2005-08-31,"-47,54242673","-21,57401024",4326,500,1,17,1,0,Normal,"18,37",,0,1,"26,65","26,65"
1,10,1,1,98,98,4414,4565,10,28692,2005-08-31,"-47,54242673","-21,57401024",4326,500,1,18,1,0,Normal,"18,72",,0,1,"26,95","26,95"
1,10,1,1,98,98,4415,4566,10,28692,2005-08-31,"-47,54242673","-21,57401024",4326,500,1,19,1,0,Normal,"18,94",,0,1,"27,14","27,14"
1,10,1,1,98,98,4416,4567,10,28692,2005-08-31,"-47,54242673","-21,57401024",4326,500,1,20,1,0,Normal,"18,62",,0,1,"26,87","26,87"
1,10,1,1,98,98,4417,4568,10,28692,2005-08-31,"-47,54242673","-21,57401024",4326,500,1,21,1,0,Normal,"15,12",,0,1,"23,41","23,41"
1,10,1,1,98,98,4418,4569,10,28692,2005-08-31,"-47,54242673","-21,57401024",4326,500,1,22,1,0,Normal,"19,42","28,5",1,1,"27,53","28,5"
1,10,1,1,98,98,4419,4570,10,28692,2005-08-31,"-47,54242673","-21,57401024",4326,500,1,23,1,0,Normal,"17,95",28,1,1,"26,28",28
1,10,1,1,98,98,4420,4571,10,28692,2005-08-31,"-47,54242673","-21,57401024",4326,500,1,24,1,1,Falha,0,,0,0,,
1,10,1,1,98,98,4421,4572,10,28692,2005-08-31,"-47,54242673","-21,57401024",4326,500,1,25,1,0,Normal,"20,15","28,6",1,1,"28,11","28,6"
1,10,1,1,98,98,4422,4573,10,28692,2005-08-31,"-47,54242673","-21,57401024",4326,500,1,26,1,0,Normal,"18,91","27,5",1,1,"27,11","27,5"
1,10,1,1,98,98,4423,4574,10,28692,2005-08-31,"-47,54242673","-21,57401024",4326,500,1,27,1,2,Dominante,"21,74","28,6",1,1,"29,26","28,6"
1,10,1,1,98,98,4424,4575,10,28692,2005-08-31,"-47,54242673","-21,57401024",4326,500,1,28,1,0,Normal,"14,1","23,5",1,1,"22,21","23,5"
1,10,1,1,98,98,4425,4576,10,28692,2005-08-31,"-47,54242673","-21,57401024",4326,500,1,29,1,1,Falha,0,,0,0,,
1,10,1,1,98,98,4426,4577,10,28692,2005-08-31,"-47,54242673","-21,57401024",4326,500,1,30,1,0,Normal,"17,44","24,5",1,1,"25,81","24,5"
1,10,1,1,98,98,4427,4578,10,28692,2005-08-31,"-47,54242673","-21,57401024",4326,500,1,31,1,0,Normal,"20,53",27,1,1,"28,39",27
1,10,1,1,98,98,4428,4579,10,28692,2005-08-31,"-47,54242673","-21,57401024",4326,500,1,32,1,0,Normal,"17,06",26,1,1,"25,45",26
1,10,1,1,98,98,4429,4580,10,28692,2005-08-31,"-47,54242673","-21,57401024",4326,500,1,33,1,0,Normal,"13,05","19,5",1,1,"20,85","19,5"
1,10,1,1,98,98,4430,4581,10,28692,2005-08-31,"-47,54242673","-21,57401024",4326,500,1,34,1,0,Normal,"19,29",,0,1,"27,43","27,43"
1,10,1,1,98,98,4431,4582,10,28692,2005-08-31,"-47,54242673","-21,57401024",4326,500,1,35,1,0,Normal,"19,74",,0,1,"27,79","27,79"
1,10,1,1,98,98,4432,4583,10,28692,2005-08-31,"-47,54242673","-21,57401024",4326,500,1,36,1,0,Normal,19,,0,1,"27,19","27,19"
1,10,1,1,98,98,4433,4584,10,28692,2005-08-31,"-47,54242673","-21,57401024",4326,500,1,37,1,0,Normal,"11,55",,0,1,"18,67","18,67"
1,10,1,1,98,98,4434,4585,10,28692,2005-08-31,"-47,54242673","-21,57401024",4326,500,1,38,1,0,Normal,"18,05",,0,1,"26,37","26,37"
1,10,1,1,98,98,4435,4586,10,28692,2005-08-31,"-47,54242673","-21,57401024",4326,500,1,39,1,0,Normal,"19,96",,0,1,"27,96","27,96"
1,10,1,1,98,98,4436,4587,10,28692,2005-08-31,"-47,54242673","-21,57401024",4326,500,1,40,1,0,Normal,"17,44",,0,1,"25,81","25,81"
1,10,1,1,98,98,4437,4588,10,28692,2005-08-31,"-47,54242673","-21,57401024",4326,500,1,41,1,6,Morta,"6,72",,0,0,"9,38","9,38"
1,10,1,1,98,98,4438,4589,10,28692,2005-08-31,"-47,54242673","-21,57401024",4326,500,1,42,1,2,Dominante,"21,04","28,6",1,1,"28,77","28,6"
1,10,1,1,98,98,4439,4590,10,28692,2005-08-31,"-47,54242673","-21,57401024",4326,500,1,43,1,2,Dominante,"22,28","28,9",1,1,"29,62","28,9"
1,10,1,1,98,98,4440,4591,10,28692,2005-08-31,"-47,54242673","-21,57401024",4326,500,1,44,1,0,Normal,"17,03",,0,1,"25,42","25,42"
1,10,1,1,98,98,4441,4592,10,28692,2005-08-31,"-47,54242673","-21,57401024",4326,500,1,45,1,0,Normal,"20,28",,0,1,"28,21","28,21"
1,10,1,1,98,98,4442,4593,10,28692,2005-08-31,"-47,54242673","-21,57401024",4326,500,1,46,1,0,Normal,"15,09",,0,1,"23,38","23,38"
1,10,1,1,100,100,4490,4642,10,28694,2005-08-31,"-47,55081935","-21,57703285",4326,500,1,1,1,0,Normal,"16,23",,0,1,"23,45","23,45"
1,10,1,1,100,100,4491,4643,10,28694,2005-08-31,"-47,55081935","-21,57703285",4326,500,1,2,1,0,Normal,"18,65",,0,1,"24,55","24,55"
1,10,1,1,100,100,4492,4644,10,28694,2005-08-31,"-47,55081935","-21,57703285",4326,500,1,3,1,0,Normal,"17,54",,0,1,"24,08","24,08"
1,10,1,1,100,100,4493,4645,10,28694,2005-08-31,"-47,55081935","-21,57703285",4326,500,1,4,1,0,Normal,"17,51",,0,1,"24,06","24,06"
1,10,1,1,100,100,4494,4646,10,28694,2005-08-31,"-47,55081935","-21,57703285",4326,500,1,5,1,0,Normal,"15,95",,0,1,"23,3","23,3"
1,10,1,1,100,100,4495,4647,10,28694,2005-08-31,"-47,55081935","-21,57703285",4326,500,1,6,1,0,Normal,"17,86",,0,1,"24,22","24,22"
1,10,1,1,100,100,4496,4648,10,28694,2005-08-31,"-47,55081935","-21,57703285",4326,500,1,7,1,1,Falha,0,,0,0,,
1,10,1,1,100,100,4497,4649,10,28694,2005-08-31,"-47,55081935","-21,57703285",4326,500,1,8,1,0,Normal,"18,81",,0,1,"24,62","24,62"
1,10,1,1,100,100,4498,4650,10,28694,2005-08-31,"-47,55081935","-21,57703285",4326,500,1,9,1,0,Normal,"18,37",,0,1,"24,44","24,44"
1,10,1,1,100,100,4499,4651,10,28694,2005-08-31,"-47,55081935","-21,57703285",4326,500,1,10,1,0,Normal,17,,0,1,"23,83","23,83"
1,10,1,1,100,100,4500,4652,10,28694,2005-08-31,"-47,55081935","-21,57703285",4326,500,1,11,1,0,Normal,"14,32",,0,1,"22,36","22,36"
1,10,1,1,100,100,4501,4653,10,28694,2005-08-31,"-47,55081935","-21,57703285",4326,500,1,12,1,0,Normal,"10,92",,0,1,"19,72","19,72"
1,10,1,1,100,100,4502,4654,10,28694,2005-08-31,"-47,55081935","-21,57703285",4326,500,1,13,1,1,Falha,0,,0,0,,
1,10,1,1,100,100,4503,4655,10,28694,2005-08-31,"-47,55081935","-21,57703285",4326,500,1,14,1,0,Normal,"15,85",,0,1,"23,25","23,25"
1,10,1,1,100,100,4504,4656,10,28694,2005-08-31,"-47,55081935","-21,57703285",4326,500,1,15,1,0,Normal,"17,51",,0,1,"24,06","24,06"
1,10,1,1,100,100,4505,4657,10,28694,2005-08-31,"-47,55081935","-21,57703285",4326,500,1,16,1,0,Normal,"14,58",,0,1,"22,52","22,52"
1,10,1,1,100,100,4506,4658,10,28694,2005-08-31,"-47,55081935","-21,57703285",4326,500,1,17,1,0,Normal,"15,98",,0,1,"23,32","23,32"
1,10,1,1,100,100,4507,4659,10,28694,2005-08-31,"-47,55081935","-21,57703285",4326,500,1,18,1,0,Normal,"17,32",,0,1,"23,98","23,98"
1,10,1,1,100,100,4508,4660,10,28694,2005-08-31,"-47,55081935","-21,57703285",4326,500,1,19,1,3,Bifurcada Abaixo,"16,52","23,4",1,1,"23,59","23,4"
1,10,1,1,100,100,4508,4661,10,28694,2005-08-31,"-47,55081935","-21,57703285",4326,500,1,19,2,3,Bifurcada Abaixo,"7,26",15,1,1,"15,11",15
1,10,1,1,100,100,4509,4662,10,28694,2005-08-31,"-47,55081935","-21,57703285",4326,500,1,20,1,0,Normal,"16,04",23,1,1,"23,35",23
1,10,1,1,100,100,4510,4663,10,28694,2005-08-31,"-47,55081935","-21,57703285",4326,500,1,21,1,0,Normal,"18,18","24,4",1,1,"24,36","24,4"
1,10,1,1,100,100,4511,4664,10,28694,2005-08-31,"-47,55081935","-21,57703285",4326,500,1,22,1,2,Dominante,"19,07",25,1,1,"24,72",25
1,10,1,1,100,100,4512,4665,10,28694,2005-08-31,"-47,55081935","-21,57703285",4326,500,1,23,1,0,Normal,"18,75","24,5",1,1,"24,59","24,5"
1,10,1,1,100,100,4513,4666,10,28694,2005-08-31,"-47,55081935","-21,57703285",4326,500,1,24,1,0,Normal,"17,7","23,6",1,1,"24,15","23,6"
1,10,1,1,100,100,4514,4667,10,28694,2005-08-31,"-47,55081935","-21,57703285",4326,500,1,25,1,0,Normal,"17,83",24,1,1,"24,21",24
1,10,1,1,100,100,4515,4668,10,28694,2005-08-31,"-47,55081935","-21,57703285",4326,500,1,26,1,0,Normal,"18,56","24,4",1,1,"24,52","24,4"
1,10,1,1,100,100,4516,4669,10,28694,2005-08-31,"-47,55081935","-21,57703285",4326,500,1,27,1,0,Normal,"14,01","22,8",1,1,"22,16","22,8"
1,10,1,1,100,100,4517,4670,10,28694,2005-08-31,"-47,55081935","-21,57703285",4326,500,1,28,1,0,Normal,"15,34","23,4",1,1,"22,97","23,4"
1,10,1,1,100,100,4518,4671,10,28694,2005-08-31,"-47,55081935","-21,57703285",4326,500,1,29,1,0,Normal,"14,45",,0,1,"22,44","22,44"
1,10,1,1,100,100,4519,4672,10,28694,2005-08-31,"-47,55081935","-21,57703285",4326,500,1,30,1,0,Normal,"9,39",,0,1,"18,1","18,1"
1,10,1,1,100,100,4520,4673,10,28694,2005-08-31,"-47,55081935","-21,57703285",4326,500,1,31,1,0,Normal,"15,41",,0,1,"23,01","23,01"
1,10,1,1,100,100,4521,4674,10,28694,2005-08-31,"-47,55081935","-21,57703285",4326,500,1,32,1,0,Normal,"15,76",,0,1,"23,2","23,2"
1,10,1,1,100,100,4522,4675,10,28694,2005-08-31,"-47,55081935","-21,57703285",4326,500,1,33,1,0,Normal,"12,41",,0,1,"21,02","21,02"
1,10,1,1,100,100,4523,4676,10,28694,2005-08-31,"-47,55081935","-21,57703285",4326,500,1,34,1,0,Normal,"16,52",,0,1,"23,59","23,59"
1,10,1,1,100,100,4524,4677,10,28694,2005-08-31,"-47,55081935","-21,57703285",4326,500,1,35,1,0,Normal,"16,65",,0,1,"23,66","23,66"
1,10,1,1,100,100,4525,4678,10,28694,2005-08-31,"-47,55081935","-21,57703285",4326,500,1,36,1,0,Normal,"16,62",,0,1,"23,64","23,64"
1,10,1,1,100,100,4526,4679,10,28694,2005-08-31,"-47,55081935","-21,57703285",4326,500,1,37,1,0,Normal,"13,46",,0,1,"21,79","21,79"
1,10,1,1,100,100,4527,4680,10,28694,2005-08-31,"-47,55081935","-21,57703285",4326,500,1,38,1,0,Normal,"18,49",,0,1,"24,49","24,49"
1,10,1,1,100,100,4528,4681,10,28694,2005-08-31,"-47,55081935","-21,57703285",4326,500,1,39,1,0,Normal,"9,14",,0,1,"17,8","17,8"
1,10,1,1,100,100,4529,4682,10,28694,2005-08-31,"-47,55081935","-21,57703285",4326,500,1,40,1,0,Normal,"14,07",,0,1,"22,2","22,2"
1,10,1,1,100,100,4530,4683,10,28694,2005-08-31,"-47,55081935","-21,57703285",4326,500,1,41,1,2,Dominante,"19,89",27,1,1,"25,03",27
1,10,1,1,100,100,4531,4684,10,28694,2005-08-31,"-47,55081935","-21,57703285",4326,500,1,42,1,0,Normal,"17,79",,0,1,"24,19","24,19"
1,10,1,1,100,100,4532,4685,10,28694,2005-08-31,"-47,55081935","-21,57703285",4326,500,1,43,1,0,Normal,"17,57",,0,1,"24,09","24,09"
1,10,1,1,100,100,4533,4686,10,28694,2005-08-31,"-47,55081935","-21,57703285",4326,500,1,44,1,2,Dominante,"20,69","24,3",1,1,"25,31","24,3"
1,10,1,1,100,100,4534,4687,10,28694,2005-08-31,"-47,55081935","-21,57703285",4326,500,1,45,1,0,Normal,"17,7",,0,1,"24,15","24,15"
1,10,1,1,100,100,4535,4688,10,28694,2005-08-31,"-47,55081935","-21,57703285",4326,500,1,46,1,2,Dominante,"21,26",25,1,1,"25,5",25
1,10,1,1,100,100,4536,4689,10,28694,2005-08-31,"-47,55081935","-21,57703285",4326,500,1,47,1,0,Normal,"18,4",,0,1,"24,45","24,45"
1,10,1,1,100,100,4537,4690,10,28694,2005-08-31,"-47,55081935","-21,57703285",4326,500,1,48,1,2,Dominante,"20,56",25,1,1,"25,27",25
1,10,1,1,101,101,4538,4691,10,28695,2005-08-31,"-47,5491499","-21,5770584",4326,500,1,1,1,0,Normal,"21,1",,0,1,"26,84","26,84"
1,10,1,1,101,101,4539,4692,10,28695,2005-08-31,"-47,5491499","-21,5770584",4326,500,1,2,1,0,Normal,"21,07",,0,1,"26,82","26,82"
1,10,1,1,101,101,4540,4693,10,28695,2005-08-31,"-47,5491499","-21,5770584",4326,500,1,3,1,0,Normal,"11,08",,0,1,"16,52","16,52"
1,10,1,1,101,101,4541,4694,10,28695,2005-08-31,"-47,5491499","-21,5770584",4326,500,1,4,1,0,Normal,"18,56",,0,1,"24,94","24,94"
1,10,1,1,101,101,4542,4695,10,28695,2005-08-31,"-47,5491499","-21,5770584",4326,500,1,5,1,0,Normal,"22,41",,0,1,"27,7","27,7"
1,10,1,1,101,101,4543,4696,10,28695,2005-08-31,"-47,5491499","-21,5770584",4326,500,1,6,1,0,Normal,"21,8",,0,1,"27,31","27,31"
1,10,1,1,101,101,4544,4697,10,28695,2005-08-31,"-47,5491499","-21,5770584",4326,500,1,7,1,0,Normal,"20,88",,0,1,"26,69","26,69"
1,10,1,1,101,101,4545,4698,10,28695,2005-08-31,"-47,5491499","-21,5770584",4326,500,1,8,1,0,Normal,"23,05",,0,1,"28,09","28,09"
1,10,1,1,101,101,4546,4699,10,28695,2005-08-31,"-47,5491499","-21,5770584",4326,500,1,9,1,2,Dominante,"28,36","31,6",1,1,"30,79","31,6"
1,10,1,1,101,101,4547,4700,10,28695,2005-08-31,"-47,5491499","-21,5770584",4326,500,1,10,1,4,Quebrada,"11,68","2,2",0,0,"17,41","2,2"
1,10,1,1,101,101,4548,4701,10,28695,2005-08-31,"-47,5491499","-21,5770584",4326,500,1,11,1,0,Normal,"22,54",,0,1,"27,78","27,78"
1,10,1,1,101,101,4549,4702,10,28695,2005-08-31,"-47,5491499","-21,5770584",4326,500,1,12,1,1,Falha,0,,0,0,,
1,10,1,1,101,101,4550,4703,10,28695,2005-08-31,"-47,5491499","-21,5770584",4326,500,1,13,1,1,Falha,0,,0,0,,
1,10,1,1,101,101,4551,4704,10,28695,2005-08-31,"-47,5491499","-21,5770584",4326,500,1,14,1,4,Quebrada,"8,4",,0,0,"11,93","11,93"
1,10,1,1,101,101,4552,4705,10,28695,2005-08-31,"-47,5491499","-21,5770584",4326,500,1,15,1,4,Quebrada,"7,96",6,0,0,"11,07",6
1,10,1,1,101,101,4553,4706,10,28695,2005-08-31,"-47,5491499","-21,5770584",4326,500,1,16,1,0,Normal,"18,02",,0,1,"24,49","24,49"
1,10,1,1,101,101,4554,4707,10,28695,2005-08-31,"-47,5491499","-21,5770584",4326,500,1,17,1,3,Bifurcada Abaixo,"7,96",,0,1,"11,07","11,07"
1,10,1,1,101,101,4554,4708,10,28695,2005-08-31,"-47,5491499","-21,5770584",4326,500,1,17,2,3,Bifurcada Abaixo,"17,44",,0,1,"23,98","23,98"
1,10,1,1,101,101,4555,4709,10,28695,2005-08-31,"-47,5491499","-21,5770584",4326,500,1,18,1,0,Normal,"6,91",,0,1,"8,92","8,92"
1,10,1,1,101,101,4556,4710,10,28695,2005-08-31,"-47,5491499","-21,5770584",4326,500,1,19,1,5,Inclinadas,"8,12",,0,1,"11,39","11,39"
1,10,1,1,101,101,4557,4711,10,28695,2005-08-31,"-47,5491499","-21,5770584",4326,500,1,20,1,0,Normal,"23,68",29,1,1,"28,46",29
1,10,1,1,101,101,4558,4712,10,28695,2005-08-31,"-47,5491499","-21,5770584",4326,500,1,21,1,0,Normal,"25,11","29,8",1,1,"29,24","29,8"
1,10,1,1,101,101,4559,4713,10,28695,2005-08-31,"-47,5491499","-21,5770584",4326,500,1,22,1,0,Normal,"24,51","29,6",1,1,"28,92","29,6"
1,10,1,1,101,101,4560,4714,10,28695,2005-08-31,"-47,5491499","-21,5770584",4326,500,1,23,1,0,Normal,"16,93","21,7",1,1,"23,52","21,7"
1,10,1,1,101,101,4561,4715,10,28695,2005-08-31,"-47,5491499","-21,5770584",4326,500,1,24,1,0,Normal,"24,73","28,8",1,1,"29,04","28,8"
1,10,1,1,101,101,4562,4716,10,28695,2005-08-31,"-47,5491499","-21,5770584",4326,500,1,25,1,0,Normal,"25,5","29,5",1,1,"29,44","29,5"
1,10,1,1,101,101,4563,4717,10,28695,2005-08-31,"-47,5491499","-21,5770584",4326,500,1,26,1,2,Dominante,"30,24","31,5",1,1,"31,57","31,5"
1,10,1,1,101,101,4564,4718,10,28695,2005-08-31,"-47,5491499","-21,5770584",4326,500,1,27,1,5,Inclinadas,"13,31","2,5",0,1,"19,61","2,5"
1,10,1,1,101,101,4565,4719,10,28695,2005-08-31,"-47,5491499","-21,5770584",4326,500,1,28,1,4,Quebrada,"17,44",4,0,0,"23,98",4
1,10,1,1,101,101,4566,4720,10,28695,2005-08-31,"-47,5491499","-21,5770584",4326,500,1,29,1,4,Quebrada,"16,39",4,0,0,"23,01",4
1,10,1,1,101,101,4567,4721,10,28695,2005-08-31,"-47,5491499","-21,5770584",4326,500,1,30,1,2,Dominante,"27,5",30,1,1,"30,41",30
1,10,1,1,101,101,4568,4722,10,28695,2005-08-31,"-47,5491499","-21,5770584",4326,500,1,31,1,2,Dominante,"27,44","29,8",1,1,"30,38","29,8"
1,10,1,1,101,101,4569,4723,10,28695,2005-08-31,"-47,5491499","-21,5770584",4326,500,1,32,1,0,Normal,"13,37","20,5",1,1,"19,68","20,5"
1,10,1,1,101,101,4570,4724,10,28695,2005-08-31,"-47,5491499","-21,5770584",4326,500,1,33,1,2,Dominante,"26,99","29,8",1,1,"30,17","29,8"
1,10,1,1,101,101,4571,4725,10,28695,2005-08-31,"-47,5491499","-21,5770584",4326,500,1,34,1,0,Normal,"17,89",,0,1,"24,38","24,38"
1,10,1,1,101,101,4572,4726,10,28695,2005-08-31,"-47,5491499","-21,5770584",4326,500,1,35,1,0,Normal,"23,97",,0,1,"28,62","28,62"
1,10,1,1,101,101,4573,4727,10,28695,2005-08-31,"-47,5491499","-21,5770584",4326,500,1,36,1,0,Normal,"24,83",,0,1,"29,09","29,09"
1,10,1,1,102,102,4574,4728,10,28696,2005-08-31,"-47,5474515","-21,57708437",4326,500,1,1,1,0,Normal,"22,82",,0,1,"28,19","28,19"
1,10,1,1,102,102,4575,4729,10,28696,2005-08-31,"-47,5474515","-21,57708437",4326,500,1,2,1,1,Falha,0,,0,0,,
1,10,1,1,102,102,4576,4730,10,28696,2005-08-31,"-47,5474515","-21,57708437",4326,500,1,3,1,0,Normal,"22,35",,0,1,"28,02","28,02"
1,10,1,1,102,102,4577,4731,10,28696,2005-08-31,"-47,5474515","-21,57708437",4326,500,1,4,1,0,Normal,"13,05",,0,1,"22,65","22,65"
1,10,1,1,102,102,4578,4732,10,28696,2005-08-31,"-47,5474515","-21,57708437",4326,500,1,5,1,0,Normal,"11,36",,0,1,"20,99","20,99"
1,10,1,1,102,102,4579,4733,10,28696,2005-08-31,"-47,5474515","-21,57708437",4326,500,1,6,1,2,Dominante,"23,71","28,3",1,1,"28,5","28,3"
1,10,1,1,102,102,4580,4734,10,28696,2005-08-31,"-47,5474515","-21,57708437",4326,500,1,7,1,0,Normal,"13,91",,0,1,"23,37","23,37"
1,10,1,1,102,102,4581,4735,10,28696,2005-08-31,"-47,5474515","-21,57708437",4326,500,1,8,1,1,Falha,0,,0,0,,
1,10,1,1,102,102,4582,4736,10,28696,2005-08-31,"-47,5474515","-21,57708437",4326,500,1,9,1,0,Normal,"21,07",,0,1,"27,52","27,52"
1,10,1,1,102,102,4583,4737,10,28696,2005-08-31,"-47,5474515","-21,57708437",4326,500,1,10,1,0,Normal,"18,84",,0,1,"26,5","26,5"
1,10,1,1,102,102,4584,4738,10,28696,2005-08-31,"-47,5474515","-21,57708437",4326,500,1,11,1,0,Normal,"18,11",,0,1,"26,13","26,13"
1,10,1,1,102,102,4585,4739,10,28696,2005-08-31,"-47,5474515","-21,57708437",4326,500,1,12,1,1,Falha,0,,0,0,,
1,10,1,1,102,102,4586,4740,10,28696,2005-08-31,"-47,5474515","-21,57708437",4326,500,1,13,1,1,Falha,0,,0,0,,
1,10,1,1,102,102,4587,4741,10,28696,2005-08-31,"-47,5474515","-21,57708437",4326,500,1,14,1,2,Dominante,"23,94",29,1,1,"28,58",29
1,10,1,1,102,102,4588,4742,10,28696,2005-08-31,"-47,5474515","-21,57708437",4326,500,1,15,1,0,Normal,"22,6",,0,1,"28,11","28,11"
1,10,1,1,102,102,4589,4743,10,28696,2005-08-31,"-47,5474515","-21,57708437",4326,500,1,16,1,0,Normal,"19,86",,0,1,"26,99","26,99"
1,10,1,1,102,102,4590,4744,10,28696,2005-08-31,"-47,5474515","-21,57708437",4326,500,1,17,1,0,Normal,"22,22",,0,1,"27,97","27,97"
1,10,1,1,102,102,4591,4745,10,28696,2005-08-31,"-47,5474515","-21,57708437",4326,500,1,18,1,1,Falha,0,,0,0,,
1,10,1,1,102,102,4592,4746,10,28696,2005-08-31,"-47,5474515","-21,57708437",4326,500,1,19,1,0,Normal,"19,8",,0,1,"26,96","26,96"
1,10,1,1,102,102,4593,4747,10,28696,2005-08-31,"-47,5474515","-21,57708437",4326,500,1,20,1,0,Normal,"19,74","25,4",1,1,"26,93","25,4"
1,10,1,1,102,102,4594,4748,10,28696,2005-08-31,"-47,5474515","-21,57708437",4326,500,1,21,1,2,Dominante,"23,94",28,1,1,"28,58",28
1,10,1,1,102,102,4595,4749,10,28696,2005-08-31,"-47,5474515","-21,57708437",4326,500,1,22,1,0,Normal,"19,51",27,1,1,"26,83",27
1,10,1,1,102,102,4596,4750,10,28696,2005-08-31,"-47,5474515","-21,57708437",4326,500,1,23,1,0,Normal,"21,07",28,1,1,"27,52",28
1,10,1,1,102,102,4597,4751,10,28696,2005-08-31,"-47,5474515","-21,57708437",4326,500,1,24,1,0,Normal,"22,06","28,3",1,1,"27,91","28,3"
1,10,1,1,102,102,4598,4752,10,28696,2005-08-31,"-47,5474515","-21,57708437",4326,500,1,25,1,0,Normal,"7,86","16,2",1,1,"16,15","16,2"
1,10,1,1,102,102,4599,4753,10,28696,2005-08-31,"-47,5474515","-21,57708437",4326,500,1,26,1,0,Normal,"21,77",28,1,1,"27,8",28
1,10,1,1,102,102,4600,4754,10,28696,2005-08-31,"-47,5474515","-21,57708437",4326,500,1,27,1,0,Normal,"22,03","27,9",1,1,"27,9","27,9"
1,10,1,1,102,102,4601,4755,10,28696,2005-08-31,"-47,5474515","-21,57708437",4326,500,1,28,1,0,Normal,"22,19","28,1",1,1,"27,96","28,1"
1,10,1,1,102,102,4602,4756,10,28696,2005-08-31,"-47,5474515","-21,57708437",4326,500,1,29,1,2,Dominante,"24,29",29,1,1,"28,7",29
1,10,1,1,102,102,4603,4757,10,28696,2005-08-31,"-47,5474515","-21,57708437",4326,500,1,30,1,1,Falha,0,,0,0,,
1,10,1,1,102,102,4604,4758,10,28696,2005-08-31,"-47,5474515","-21,57708437",4326,500,1,31,1,0,Normal,"20,69",,0,1,"27,36","27,36"
1,10,1,1,102,102,4605,4759,10,28696,2005-08-31,"-47,5474515","-21,57708437",4326,500,1,32,1,0,Normal,"18,08",,0,1,"26,11","26,11"
1,10,1,1,102,102,4606,4760,10,28696,2005-08-31,"-47,5474515","-21,57708437",4326,500,1,33,1,0,Normal,"22,76",,0,1,"28,17","28,17"
1,10,1,1,102,102,4607,4761,10,28696,2005-08-31,"-47,5474515","-21,57708437",4326,500,1,34,1,6,Morta,"14,32",,0,0,"23,7","23,7"
1,10,1,1,102,102,4608,4762,10,28696,2005-08-31,"-47,5474515","-21,57708437",4326,500,1,35,1,0,Normal,"20,63",,0,1,"27,33","27,33"
1,10,1,1,102,102,4609,4763,10,28696,2005-08-31,"-47,5474515","-21,57708437",4326,500,1,36,1,1,Falha,0,,0,0,,
1,10,1,1,102,102,4610,4764,10,28696,2005-08-31,"-47,5474515","-21,57708437",4326,500,1,37,1,0,Normal,"22,76",,0,1,"28,17","28,17"
1,10,1,1,102,102,4611,4765,10,28696,2005-08-31,"-47,5474515","-21,57708437",4326,500,1,38,1,1,Falha,0,,0,0,,
1,10,1,1,102,102,4612,4766,10,28696,2005-08-31,"-47,5474515","-21,57708437",4326,500,1,39,1,2,Dominante,"23,55","28,6",1,1,"28,45","28,6"
1,10,1,1,102,102,4613,4767,10,28696,2005-08-31,"-47,5474515","-21,57708437",4326,500,1,40,1,1,Falha,0,,0,0,,
1,10,1,1,102,102,4614,4768,10,28696,2005-08-31,"-47,5474515","-21,57708437",4326,500,1,41,1,0,Normal,"20,18",,0,1,"27,13","27,13"
1,10,1,1,102,102,4615,4769,10,28696,2005-08-31,"-47,5474515","-21,57708437",4326,500,1,42,1,5,Inclinadas,"11,94",3,0,1,"21,59",3
1,10,1,1,102,102,4616,4770,10,28696,2005-08-31,"-47,5474515","-21,57708437",4326,500,1,43,1,0,Normal,"22,85",,0,1,"28,2","28,2"
1,10,1,1,102,102,4617,4771,10,28696,2005-08-31,"-47,5474515","-21,57708437",4326,500,1,44,1,0,Normal,"22,92",,0,1,"28,23","28,23"
1,10,1,1,102,102,4618,4772,10,28696,2005-08-31,"-47,5474515","-21,57708437",4326,500,1,45,1,0,Normal,"22,44",,0,1,"28,05","28,05"
1,10,1,1,103,103,4619,4773,10,28697,2005-08-31,"-47,54742371","-21,57549582",4326,500,1,1,1,1,Falha,0,,0,0,,
1,10,1,1,103,103,4620,4774,10,28697,2005-08-31,"-47,54742371","-21,57549582",4326,500,1,2,1,0,Normal,"21,42",,0,1,"28,92","28,92"
1,10,1,1,103,103,4621,4775,10,28697,2005-08-31,"-47,54742371","-21,57549582",4326,500,1,3,1,0,Normal,"12,1",,0,1,"23,32","23,32"
1,10,1,1,103,103,4622,4776,10,28697,2005-08-31,"-47,54742371","-21,57549582",4326,500,1,4,1,0,Normal,"10,98",,0,1,"22,17","22,17"
1,10,1,1,103,103,4623,4777,10,28697,2005-08-31,"-47,54742371","-21,57549582",4326,500,1,5,1,0,Normal,"18,56",,0,1,"27,7","27,7"
1,10,1,1,103,103,4624,4778,10,28697,2005-08-31,"-47,54742371","-21,57549582",4326,500,1,6,1,0,Normal,"15,09",,0,1,"25,72","25,72"
1,10,1,1,103,103,4625,4779,10,28697,2005-08-31,"-47,54742371","-21,57549582",4326,500,1,7,1,3,Bifurcada Abaixo,"11,55",,0,1,"22,77","22,77"
1,10,1,1,103,103,4625,4780,10,28697,2005-08-31,"-47,54742371","-21,57549582",4326,500,1,7,2,3,Bifurcada Abaixo,"15,6",,0,1,"26,06","26,06"
1,10,1,1,103,103,4626,4781,10,28697,2005-08-31,"-47,54742371","-21,57549582",4326,500,1,8,1,4,Quebrada,"12,73","10,7",0,0,"23,9","10,7"
1,10,1,1,103,103,4627,4782,10,28697,2005-08-31,"-47,54742371","-21,57549582",4326,500,1,9,1,0,Normal,"19,26",,0,1,"28,03","28,03"
1,10,1,1,103,103,4628,4783,10,28697,2005-08-31,"-47,54742371","-21,57549582",4326,500,1,10,1,0,Normal,"16,87",,0,1,"26,82","26,82"
1,10,1,1,103,103,4629,4784,10,28697,2005-08-31,"-47,54742371","-21,57549582",4326,500,1,11,1,0,Normal,"18,88",,0,1,"27,85","27,85"
1,10,1,1,103,103,4630,4785,10,28697,2005-08-31,"-47,54742371","-21,57549582",4326,500,1,12,1,0,Normal,"20,09",,0,1,"28,39","28,39"
1,10,1,1,103,103,4631,4786,10,28697,2005-08-31,"-47,54742371","-21,57549582",4326,500,1,13,1,0,Normal,"17,63",,0,1,"27,24","27,24"
1,10,1,1,103,103,4632,4787,10,28697,2005-08-31,"-47,54742371","-21,57549582",4326,500,1,14,1,0,Normal,"18,08",,0,1,"27,47","27,47"
1,10,1,1,103,103,4633,4788,10,28697,2005-08-31,"-47,54742371","-21,57549582",4326,500,1,15,1,0,Normal,"17,28",,0,1,"27,05","27,05"
1,10,1,1,103,103,4634,4789,10,28697,2005-08-31,"-47,54742371","-21,57549582",4326,500,1,16,1,0,Normal,"20,31",,0,1,"28,48","28,48"
1,10,1,1,103,103,4635,4790,10,28697,2005-08-31,"-47,54742371","-21,57549582",4326,500,1,17,1,0,Normal,"15,92",,0,1,"26,26","26,26"
1,10,1,1,103,103,4636,4791,10,28697,2005-08-31,"-47,54742371","-21,57549582",4326,500,1,18,1,0,Normal,"18,56",,0,1,"27,7","27,7"
1,10,1,1,103,103,4637,4792,10,28697,2005-08-31,"-47,54742371","-21,57549582",4326,500,1,19,1,1,Falha,0,,0,0,,
1,10,1,1,103,103,4638,4793,10,28697,2005-08-31,"-47,54742371","-21,57549582",4326,500,1,20,1,0,Normal,"21,04",,0,1,"28,78","28,78"
1,10,1,1,103,103,4639,4794,10,28697,2005-08-31,"-47,54742371","-21,57549582",4326,500,1,21,1,0,Normal,"16,49",,0,1,"26,6","26,6"
1,10,1,1,103,103,4640,4795,10,28697,2005-08-31,"-47,54742371","-21,57549582",4326,500,1,22,1,0,Normal,"19,19",,0,1,28,28
1,10,1,1,103,103,4641,4796,10,28697,2005-08-31,"-47,54742371","-21,57549582",4326,500,1,23,1,0,Normal,"16,62",,0,1,"26,68","26,68"
1,10,1,1,103,103,4642,4797,10,28697,2005-08-31,"-47,54742371","-21,57549582",4326,500,1,24,1,0,Normal,"14,2",26,1,1,"25,09",26
1,10,1,1,103,103,4643,4798,10,28697,2005-08-31,"-47,54742371","-21,57549582",4326,500,1,25,1,0,Normal,"17,6","27,6",1,1,"27,22","27,6"
1,10,1,1,103,103,4644,4799,10,28697,2005-08-31,"-47,54742371","-21,57549582",4326,500,1,26,1,0,Normal,"10,25","20,6",1,1,"21,32","20,6"
1,10,1,1,103,103,4645,4800,10,28697,2005-08-31,"-47,54742371","-21,57549582",4326,500,1,27,1,0,Normal,"17,35","28,3",1,1,"27,09","28,3"
1,10,1,1,103,103,4646,4801,10,28697,2005-08-31,"-47,54742371","-21,57549582",4326,500,1,28,1,0,Normal,"18,43","28,4",1,1,"27,64","28,4"
1,10,1,1,103,103,4647,4802,10,28697,2005-08-31,"-47,54742371","-21,57549582",4326,500,1,29,1,0,Normal,"17,38","27,3",1,1,"27,1","27,3"
1,10,1,1,103,103,4648,4803,10,28697,2005-08-31,"-47,54742371","-21,57549582",4326,500,1,30,1,1,Falha,0,,0,0,,
1,10,1,1,103,103,4649,4804,10,28697,2005-08-31,"-47,54742371","-21,57549582",4326,500,1,31,1,0,Normal,"21,58","28,8",1,1,"28,98","28,8"
1,10,1,1,103,103,4650,4805,10,28697,2005-08-31,"-47,54742371","-21,57549582",4326,500,1,32,1,0,Normal,"21,55",28,1,1,"28,97",28
1,10,1,1,103,103,4651,4806,10,28697,2005-08-31,"-47,54742371","-21,57549582",4326,500,1,33,1,1,Falha,0,,0,0,,
1,10,1,1,103,103,4652,4807,10,28697,2005-08-31,"-47,54742371","-21,57549582",4326,500,1,34,1,0,Normal,"20,15","27,4",1,1,"28,42","27,4"
1,10,1,1,103,103,4653,4808,10,28697,2005-08-31,"-47,54742371","-21,57549582",4326,500,1,35,1,0,Normal,"18,24","27,5",1,1,"27,55","27,5"
1,10,1,1,103,103,4654,4809,10,28697,2005-08-31,"-47,54742371","-21,57549582",4326,500,1,36,1,0,Normal,"19,67",,0,1,"28,21","28,21"
1,10,1,1,103,103,4655,4810,10,28697,2005-08-31,"-47,54742371","-21,57549582",4326,500,1,37,1,0,Normal,"18,88",,0,1,"27,85","27,85"
1,10,1,1,103,103,4656,4811,10,28697,2005-08-31,"-47,54742371","-21,57549582",4326,500,1,38,1,2,Dominante,"23,24","29,4",1,1,"29,56","29,4"
1,10,1,1,103,103,4657,4812,10,28697,2005-08-31,"-47,54742371","-21,57549582",4326,500,1,39,1,2,Dominante,"21,96",29,1,1,"29,12",29
1,10,1,1,103,103,4658,4813,10,28697,2005-08-31,"-47,54742371","-21,57549582",4326,500,1,40,1,0,Normal,"21,58",,0,1,"28,98","28,98"
1,10,1,1,103,103,4659,4814,10,28697,2005-08-31,"-47,54742371","-21,57549582",4326,500,1,41,1,2,Dominante,"22,25","29,3",1,1,"29,23","29,3"
1,10,1,1,103,103,4660,4815,10,28697,2005-08-31,"-47,54742371","-21,57549582",4326,500,1,42,1,0,Normal,"18,88",,0,1,"27,85","27,85"
1,10,1,1,103,103,4661,4816,10,28697,2005-08-31,"-47,54742371","-21,57549582",4326,500,1,43,1,0,Normal,"20,28",,0,1,"28,47","28,47"
1,10,1,1,103,103,4662,4817,10,28697,2005-08-31,"-47,54742371","-21,57549582",4326,500,1,44,1,0,Normal,"17,92",,0,1,"27,39","27,39"
1,10,1,1,103,103,4663,4818,10,28697,2005-08-31,"-47,54742371","-21,57549582",4326,500,1,45,1,2,Dominante,"23,87","29,3",1,1,"29,77","29,3"
1,10,1,1,103,103,4664,4819,10,28697,2005-08-31,"-47,54742371","-21,57549582",4326,500,1,46,1,1,Falha,0,,0,0,,
1,10,1,1,103,103,4665,4820,10,28697,2005-08-31,"-47,54742371","-21,57549582",4326,500,1,47,1,0,Normal,"13,69",,0,1,"24,7","24,7"
1,10,1,1,103,103,4666,4821,10,28697,2005-08-31,"-47,54742371","-21,57549582",4326,500,1,48,1,2,Dominante,"23,33","29,7",1,1,"29,59","29,7"
1,10,1,1,103,103,4667,4822,10,28697,2005-08-31,"-47,54742371","-21,57549582",4326,500,1,49,1,0,Normal,"20,94",,0,1,"28,74","28,74"
1,10,1,1,103,103,4668,4823,10,28697,2005-08-31,"-47,54742371","-21,57549582",4326,500,1,50,1,0,Normal,"17,19",,0,1,27,27
1,10,1,1,104,104,4669,4824,10,28698,2005-08-31,"-47,54912209","-21,57546985",4326,500,1,1,1,0,Normal,"19,26",,0,1,"26,83","26,83"
1,10,1,1,104,104,4670,4825,10,28698,2005-08-31,"-47,54912209","-21,57546985",4326,500,1,2,1,0,Normal,"20,31",,0,1,"27,17","27,17"
1,10,1,1,104,104,4671,4826,10,28698,2005-08-31,"-47,54912209","-21,57546985",4326,500,1,3,1,0,Normal,"19,74",,0,1,"26,99","26,99"
1,10,1,1,104,104,4672,4827,10,28698,2005-08-31,"-47,54912209","-21,57546985",4326,500,1,4,1,4,Quebrada,"20,24",14,0,0,"27,15",14
1,10,1,1,104,104,4673,4828,10,28698,2005-08-31,"-47,54912209","-21,57546985",4326,500,1,5,1,1,Falha,0,,0,0,,
1,10,1,1,104,104,4674,4829,10,28698,2005-08-31,"-47,54912209","-21,57546985",4326,500,1,6,1,1,Falha,0,,0,0,,
1,10,1,1,104,104,4675,4830,10,28698,2005-08-31,"-47,54912209","-21,57546985",4326,500,1,7,1,0,Normal,"15,66",,0,1,"25,35","25,35"
1,10,1,1,104,104,4676,4831,10,28698,2005-08-31,"-47,54912209","-21,57546985",4326,500,1,8,1,0,Normal,"16,93",,0,1,"25,93","25,93"
1,10,1,1,104,104,4677,4832,10,28698,2005-08-31,"-47,54912209","-21,57546985",4326,500,1,9,1,0,Normal,"19,19",,0,1,"26,8","26,8"
1,10,1,1,104,104,4678,4833,10,28698,2005-08-31,"-47,54912209","-21,57546985",4326,500,1,10,1,0,Normal,"16,55",,0,1,"25,77","25,77"
1,10,1,1,104,104,4679,4834,10,28698,2005-08-31,"-47,54912209","-21,57546985",4326,500,1,11,1,0,Normal,"18,56",,0,1,"26,58","26,58"
1,10,1,1,104,104,4680,4835,10,28698,2005-08-31,"-47,54912209","-21,57546985",4326,500,1,12,1,1,Falha,0,,0,0,,
1,10,1,1,104,104,4681,4836,10,28698,2005-08-31,"-47,54912209","-21,57546985",4326,500,1,13,1,3,Bifurcada Abaixo,"18,56",,0,1,"26,58","26,58"
1,10,1,1,104,104,4681,4837,10,28698,2005-08-31,"-47,54912209","-21,57546985",4326,500,1,13,2,3,Bifurcada Abaixo,"8,69",,0,1,"19,87","19,87"
1,10,1,1,104,104,4682,4838,10,28698,2005-08-31,"-47,54912209","-21,57546985",4326,500,1,14,1,0,Normal,"12,99",,0,1,"23,82","23,82"
1,10,1,1,104,104,4683,4839,10,28698,2005-08-31,"-47,54912209","-21,57546985",4326,500,1,15,1,0,Normal,"14,2",,0,1,"24,57","24,57"
1,10,1,1,104,104,4684,4840,10,28698,2005-08-31,"-47,54912209","-21,57546985",4326,500,1,16,1,0,Normal,"20,37",,0,1,"27,19","27,19"
1,10,1,1,104,104,4685,4841,10,28698,2005-08-31,"-47,54912209","-21,57546985",4326,500,1,17,1,3,Bifurcada Abaixo,"17,6",,0,1,"26,21","26,21"
1,10,1,1,104,104,4685,4842,10,28698,2005-08-31,"-47,54912209","-21,57546985",4326,500,1,17,2,3,Bifurcada Abaixo,"11,78",,0,1,"22,94","22,94"
1,10,1,1,104,104,4686,4843,10,28698,2005-08-31,"-47,54912209","-21,57546985",4326,500,1,18,1,0,Normal,"8,91",,0,1,"20,14","20,14"
1,10,1,1,104,104,4687,4844,10,28698,2005-08-31,"-47,54912209","-21,57546985",4326,500,1,19,1,0,Normal,"19,99","26,7",1,1,"27,07","26,7"
1,10,1,1,104,104,4688,4845,10,28698,2005-08-31,"-47,54912209","-21,57546985",4326,500,1,20,1,0,Normal,"18,08","26,4",1,1,"26,4","26,4"
1,10,1,1,104,104,4689,4846,10,28698,2005-08-31,"-47,54912209","-21,57546985",4326,500,1,21,1,0,Normal,"20,79","27,6",1,1,"27,32","27,6"
1,10,1,1,104,104,4690,4847,10,28698,2005-08-31,"-47,54912209","-21,57546985",4326,500,1,22,1,2,Dominante,"22,12","28,1",1,1,"27,7","28,1"
1,10,1,1,104,104,4691,4848,10,28698,2005-08-31,"-47,54912209","-21,57546985",4326,500,1,23,1,2,Dominante,"22,38","27,5",1,1,"27,76","27,5"
1,10,1,1,104,104,4692,4849,10,28698,2005-08-31,"-47,54912209","-21,57546985",4326,500,1,24,1,0,Normal,"14,01","24,8",1,1,"24,46","24,8"
1,10,1,1,104,104,4693,4850,10,28698,2005-08-31,"-47,54912209","-21,57546985",4326,500,1,25,1,2,Dominante,"23,24","28,5",1,1,"27,98","28,5"
1,10,1,1,104,104,4694,4851,10,28698,2005-08-31,"-47,54912209","-21,57546985",4326,500,1,26,1,0,Normal,"19,51","26,8",1,1,"26,91","26,8"
1,10,1,1,104,104,4695,4852,10,28698,2005-08-31,"-47,54912209","-21,57546985",4326,500,1,27,1,0,Normal,"14,32","24,9",1,1,"24,64","24,9"
1,10,1,1,104,104,4696,4853,10,28698,2005-08-31,"-47,54912209","-21,57546985",4326,500,1,28,1,0,Normal,"10,92",22,1,1,"22,22",22
1,10,1,1,104,104,4697,4854,10,28698,2005-08-31,"-47,54912209","-21,57546985",4326,500,1,29,1,0,Normal,"18,24",,0,1,"26,46","26,46"
1,10,1,1,104,104,4698,4855,10,28698,2005-08-31,"-47,54912209","-21,57546985",4326,500,1,30,1,0,Normal,"17,19",,0,1,"26,04","26,04"
1,10,1,1,104,104,4699,4856,10,28698,2005-08-31,"-47,54912209","-21,57546985",4326,500,1,31,1,0,Normal,"12,03",,0,1,"23,13","23,13"
1,10,1,1,104,104,4700,4857,10,28698,2005-08-31,"-47,54912209","-21,57546985",4326,500,1,32,1,2,Dominante,"20,94","27,3",1,1,"27,36","27,3"
1,10,1,1,104,104,4701,4858,10,28698,2005-08-31,"-47,54912209","-21,57546985",4326,500,1,33,1,0,Normal,"17,51",,0,1,"26,17","26,17"
1,10,1,1,104,104,4702,4859,10,28698,2005-08-31,"-47,54912209","-21,57546985",4326,500,1,34,1,0,Normal,"11,78",,0,1,"22,94","22,94"
1,10,1,1,104,104,4703,4860,10,28698,2005-08-31,"-47,54912209","-21,57546985",4326,500,1,35,1,0,Normal,"19,1",,0,1,"26,77","26,77"
1,10,1,1,104,104,4704,4861,10,28698,2005-08-31,"-47,54912209","-21,57546985",4326,500,1,36,1,0,Normal,"18,88",,0,1,"26,69","26,69"
1,10,1,1,104,104,4705,4862,10,28698,2005-08-31,"-47,54912209","-21,57546985",4326,500,1,37,1,0,Normal,"18,62",,0,1,"26,6","26,6"
1,10,1,1,104,104,4706,4863,10,28698,2005-08-31,"-47,54912209","-21,57546985",4326,500,1,38,1,0,Normal,"18,78",,0,1,"26,66","26,66"
1,10,1,1,104,104,4707,4864,10,28698,2005-08-31,"-47,54912209","-21,57546985",4326,500,1,39,1,0,Normal,"10,66",,0,1,"21,99","21,99"
1,10,1,1,104,104,4708,4865,10,28698,2005-08-31,"-47,54912209","-21,57546985",4326,500,1,40,1,0,Normal,"17,13",,0,1,"26,02","26,02"
1,10,1,1,104,104,4709,4866,10,28698,2005-08-31,"-47,54912209","-21,57546985",4326,500,1,41,1,0,Normal,"19,1",,0,1,"26,77","26,77"
1,10,1,1,104,104,4710,4867,10,28698,2005-08-31,"-47,54912209","-21,57546985",4326,500,1,42,1,0,Normal,"18,46",,0,1,"26,54","26,54"
1,10,1,1,104,104,4711,4868,10,28698,2005-08-31,"-47,54912209","-21,57546985",4326,500,1,43,1,0,Normal,"20,15",,0,1,"27,12","27,12"
1,10,1,1,104,104,4712,4869,10,28698,2005-08-31,"-47,54912209","-21,57546985",4326,500,1,44,1,0,Normal,"19,1",,0,1,"26,77","26,77"
1,10,1,1,104,104,4713,4870,10,28698,2005-08-31,"-47,54912209","-21,57546985",4326,500,1,45,1,1,Falha,0,,0,0,,
1,10,1,1,104,104,4714,4871,10,28698,2005-08-31,"-47,54912209","-21,57546985",4326,500,1,46,1,2,Dominante,"21,01","26,6",1,1,"27,38","26,6"
1,10,1,1,105,105,4715,4872,10,28699,2005-08-31,"-47,54739671","-21,5739524",4326,500,1,1,1,1,Falha,0,,0,0,,
1,10,1,1,105,105,4716,4873,10,28699,2005-08-31,"-47,54739671","-21,5739524",4326,500,1,2,1,2,Dominante,"26,83","28,7",1,1,"30,01","28,7"
1,10,1,1,105,105,4717,4874,10,28699,2005-08-31,"-47,54739671","-21,5739524",4326,500,1,3,1,0,Normal,"12,89",,0,1,"26,29","26,29"
1,10,1,1,105,105,4718,4875,10,28699,2005-08-31,"-47,54739671","-21,5739524",4326,500,1,4,1,0,Normal,"22,76",,0,1,"29,36","29,36"
1,10,1,1,105,105,4719,4876,10,28699,2005-08-31,"-47,54739671","-21,5739524",4326,500,1,5,1,4,Quebrada,"14,13",2,0,0,"26,89",2
1,10,1,1,105,105,4720,4877,10,28699,2005-08-31,"-47,54739671","-21,5739524",4326,500,1,6,1,0,Normal,"22,22",,0,1,"29,26","29,26"
1,10,1,1,105,105,4721,4878,10,28699,2005-08-31,"-47,54739671","-21,5739524",4326,500,1,7,1,3,Bifurcada Abaixo,"13,4",,0,1,"26,55","26,55"
1,10,1,1,105,105,4721,4879,10,28699,2005-08-31,"-47,54739671","-21,5739524",4326,500,1,7,2,3,Bifurcada Abaixo,"14,51",,0,1,"27,05","27,05"
1,10,1,1,105,105,4722,4880,10,28699,2005-08-31,"-47,54739671","-21,5739524",4326,500,1,8,1,0,Normal,"24,45",,0,1,"29,66","29,66"
1,10,1,1,105,105,4723,4881,10,28699,2005-08-31,"-47,54739671","-21,5739524",4326,500,1,9,1,0,Normal,"17,48",,0,1,"28,11","28,11"
1,10,1,1,105,105,4724,4882,10,28699,2005-08-31,"-47,54739671","-21,5739524",4326,500,1,10,1,3,Bifurcada Abaixo,"9,01",,0,1,"23,56","23,56"
1,10,1,1,105,105,4724,4883,10,28699,2005-08-31,"-47,54739671","-21,5739524",4326,500,1,10,2,3,Bifurcada Abaixo,"20,66",,0,1,"28,94","28,94"
1,10,1,1,105,105,4725,4884,10,28699,2005-08-31,"-47,54739671","-21,5739524",4326,500,1,11,1,0,Normal,"19,42",,0,1,"28,65","28,65"
1,10,1,1,105,105,4726,4885,10,28699,2005-08-31,"-47,54739671","-21,5739524",4326,500,1,12,1,0,Normal,"22,54",,0,1,"29,32","29,32"
1,10,1,1,105,105,4727,4886,10,28699,2005-08-31,"-47,54739671","-21,5739524",4326,500,1,13,1,0,Normal,"20,94",,0,1,29,29
1,10,1,1,105,105,4728,4887,10,28699,2005-08-31,"-47,54739671","-21,5739524",4326,500,1,14,1,0,Normal,"24,13",,0,1,"29,61","29,61"
1,10,1,1,105,105,4729,4888,10,28699,2005-08-31,"-47,54739671","-21,5739524",4326,500,1,15,1,2,Dominante,"26,42","29,3",1,1,"29,96","29,3"
1,10,1,1,105,105,4730,4889,10,28699,2005-08-31,"-47,54739671","-21,5739524",4326,500,1,16,1,0,Normal,24,"29,7",1,1,"29,58","29,7"
1,10,1,1,105,105,4731,4890,10,28699,2005-08-31,"-47,54739671","-21,5739524",4326,500,1,17,1,1,Falha,0,,0,0,,
1,10,1,1,105,105,4732,4891,10,28699,2005-08-31,"-47,54739671","-21,5739524",4326,500,1,18,1,2,Dominante,"27,15","30,6",1,1,"30,06","30,6"
1,10,1,1,105,105,4733,4892,10,28699,2005-08-31,"-47,54739671","-21,5739524",4326,500,1,19,1,1,Falha,0,,0,0,,
1,10,1,1,105,105,4734,4893,10,28699,2005-08-31,"-47,54739671","-21,5739524",4326,500,1,20,1,2,Dominante,"26,04","30,6",1,1,"29,9","30,6"
1,10,1,1,105,105,4735,4894,10,28699,2005-08-31,"-47,54739671","-21,5739524",4326,500,1,21,1,0,Normal,"22,22","29,6",1,1,"29,26","29,6"
1,10,1,1,105,105,4736,4895,10,28699,2005-08-31,"-47,54739671","-21,5739524",4326,500,1,22,1,0,Normal,"22,54","28,9",1,1,"29,32","28,9"
1,10,1,1,105,105,4737,4896,10,28699,2005-08-31,"-47,54739671","-21,5739524",4326,500,1,23,1,0,Normal,"15,44","27,1",1,1,"27,42","27,1"
1,10,1,1,105,105,4738,4897,10,28699,2005-08-31,"-47,54739671","-21,5739524",4326,500,1,24,1,0,Normal,"18,88","28,9",1,1,"28,51","28,9"
1,10,1,1,105,105,4739,4898,10,28699,2005-08-31,"-47,54739671","-21,5739524",4326,500,1,25,1,0,Normal,"21,42","29,3",1,1,"29,1","29,3"
1,10,1,1,105,105,4740,4899,10,28699,2005-08-31,"-47,54739671","-21,5739524",4326,500,1,26,1,0,Normal,"22,38","29,1",1,1,"29,29","29,1"
1,10,1,1,105,105,4741,4900,10,28699,2005-08-31,"-47,54739671","-21,5739524",4326,500,1,27,1,0,Normal,"23,05",,0,1,"29,42","29,42"
1,10,1,1,105,105,4742,4901,10,28699,2005-08-31,"-47,54739671","-21,5739524",4326,500,1,28,1,0,Normal,"21,1",,0,1,"29,03","29,03"
1,10,1,1,105,105,4743,4902,10,28699,2005-08-31,"-47,54739671","-21,5739524",4326,500,1,29,1,2,Dominante,"24,61","30,3",1,1,"29,69","30,3"
1,10,1,1,105,105,4744,4903,10,28699,2005-08-31,"-47,54739671","-21,5739524",4326,500,1,30,1,7,Bifurcada Acima,"7,73",,0,1,"22,18","22,18"
1,10,1,1,105,105,4745,4904,10,28699,2005-08-31,"-47,54739671","-21,5739524",4326,500,1,31,1,0,Normal,"22,92",,0,1,"29,39","29,39"
1,10,1,1,105,105,4746,4905,10,28699,2005-08-31,"-47,54739671","-21,5739524",4326,500,1,32,1,0,Normal,"19,74",,0,1,"28,72","28,72"
1,10,1,1,105,105,4747,4906,10,28699,2005-08-31,"-47,54739671","-21,5739524",4326,500,1,33,1,0,Normal,"17,35",,0,1,"28,07","28,07"
1,10,1,1,105,105,4748,4907,10,28699,2005-08-31,"-47,54739671","-21,5739524",4326,500,1,34,1,0,Normal,"19,67",,0,1,"28,71","28,71"
1,10,1,1,105,105,4749,4908,10,28699,2005-08-31,"-47,54739671","-21,5739524",4326,500,1,35,1,0,Normal,"17,92",,0,1,"28,24","28,24"
1,10,1,1,105,105,4750,4909,10,28699,2005-08-31,"-47,54739671","-21,5739524",4326,500,1,36,1,0,Normal,"22,7",,0,1,"29,35","29,35"
1,10,1,1,105,105,4751,4910,10,28699,2005-08-31,"-47,54739671","-21,5739524",4326,500,1,37,1,0,Normal,"15,79",,0,1,"27,55","27,55"
1,10,1,1,105,105,4752,4911,10,28699,2005-08-31,"-47,54739671","-21,5739524",4326,500,1,38,1,0,Normal,"21,65",,0,1,"29,15","29,15"
1,10,1,1,105,105,4753,4912,10,28699,2005-08-31,"-47,54739671","-21,5739524",4326,500,1,39,1,0,Normal,"17,13",,0,1,28,28
1,10,1,1,105,105,4754,4913,10,28699,2005-08-31,"-47,54739671","-21,5739524",4326,500,1,40,1,0,Normal,"20,05",,0,1,"28,8","28,8"
1,10,1,1,107,107,4807,4966,10,28701,2005-08-31,"-47,54906775","-21,57236495",4326,500,1,1,1,0,Normal,"18,33",,0,1,"27,28","27,28"
1,10,1,1,107,107,4808,4967,10,28701,2005-08-31,"-47,54906775","-21,57236495",4326,500,1,2,1,1,Falha,0,,0,0,,
1,10,1,1,107,107,4809,4968,10,28701,2005-08-31,"-47,54906775","-21,57236495",4326,500,1,3,1,2,Dominante,"22,63","28,6",1,1,"29,98","28,6"
1,10,1,1,107,107,4810,4969,10,28701,2005-08-31,"-47,54906775","-21,57236495",4326,500,1,4,1,0,Normal,"15,34",,0,1,"24,76","24,76"
1,10,1,1,107,107,4811,4970,10,28701,2005-08-31,"-47,54906775","-21,57236495",4326,500,1,5,1,0,Normal,"14,16",,0,1,"23,57","23,57"
1,10,1,1,107,107,4812,4971,10,28701,2005-08-31,"-47,54906775","-21,57236495",4326,500,1,6,1,1,Falha,0,,0,0,,
1,10,1,1,107,107,4813,4972,10,28701,2005-08-31,"-47,54906775","-21,57236495",4326,500,1,7,1,1,Falha,0,,0,0,,
1,10,1,1,107,107,4814,4973,10,28701,2005-08-31,"-47,54906775","-21,57236495",4326,500,1,8,1,0,Normal,"17,73",,0,1,"26,83","26,83"
1,10,1,1,107,107,4815,4974,10,28701,2005-08-31,"-47,54906775","-21,57236495",4326,500,1,9,1,0,Normal,"18,37",,0,1,"27,31","27,31"
1,10,1,1,107,107,4816,4975,10,28701,2005-08-31,"-47,54906775","-21,57236495",4326,500,1,10,1,0,Normal,"18,08",,0,1,"27,09","27,09"
1,10,1,1,107,107,4817,4976,10,28701,2005-08-31,"-47,54906775","-21,57236495",4326,500,1,11,1,0,Normal,"14,07",,0,1,"23,47","23,47"
1,10,1,1,107,107,4818,4977,10,28701,2005-08-31,"-47,54906775","-21,57236495",4326,500,1,12,1,0,Normal,"17,48",,0,1,"26,63","26,63"
1,10,1,1,107,107,4819,4978,10,28701,2005-08-31,"-47,54906775","-21,57236495",4326,500,1,13,1,0,Normal,"18,46",,0,1,"27,38","27,38"
1,10,1,1,107,107,4820,4979,10,28701,2005-08-31,"-47,54906775","-21,57236495",4326,500,1,14,1,0,Normal,"18,84",,0,1,"27,65","27,65"
1,10,1,1,107,107,4821,4980,10,28701,2005-08-31,"-47,54906775","-21,57236495",4326,500,1,15,1,2,Dominante,"20,94","28,3",1,1,"29,02","28,3"
1,10,1,1,107,107,4822,4981,10,28701,2005-08-31,"-47,54906775","-21,57236495",4326,500,1,16,1,1,Falha,0,,0,0,,
1,10,1,1,107,107,4823,4982,10,28701,2005-08-31,"-47,54906775","-21,57236495",4326,500,1,17,1,2,Dominante,"21,96",29,1,1,"29,62",29
1,10,1,1,107,107,4824,4983,10,28701,2005-08-31,"-47,54906775","-21,57236495",4326,500,1,18,1,0,Normal,"18,37",,0,1,"27,31","27,31"
1,10,1,1,107,107,4825,4984,10,28701,2005-08-31,"-47,54906775","-21,57236495",4326,500,1,19,1,0,Normal,"16,2",,0,1,"25,56","25,56"
1,10,1,1,107,107,4826,4985,10,28701,2005-08-31,"-47,54906775","-21,57236495",4326,500,1,20,1,0,Normal,"17,98",,0,1,"27,02","27,02"
1,10,1,1,107,107,4827,4986,10,28701,2005-08-31,"-47,54906775","-21,57236495",4326,500,1,21,1,0,Normal,"17,44",,0,1,"26,6","26,6"
1,10,1,1,107,107,4828,4987,10,28701,2005-08-31,"-47,54906775","-21,57236495",4326,500,1,22,1,0,Normal,"18,75","28,2",1,1,"27,59","28,2"
1,10,1,1,107,107,4829,4988,10,28701,2005-08-31,"-47,54906775","-21,57236495",4326,500,1,23,1,1,Falha,0,,0,0,,
1,10,1,1,107,107,4830,4989,10,28701,2005-08-31,"-47,54906775","-21,57236495",4326,500,1,24,1,0,Normal,"17,48","27,7",1,1,"26,63","27,7"
1,10,1,1,107,107,4831,4990,10,28701,2005-08-31,"-47,54906775","-21,57236495",4326,500,1,25,1,0,Normal,"19,58","28,5",1,1,"28,16","28,5"
1,10,1,1,107,107,4832,4991,10,28701,2005-08-31,"-47,54906775","-21,57236495",4326,500,1,26,1,0,Normal,"13,78","19,8",1,1,"23,15","19,8"
1,10,1,1,107,107,4833,4992,10,28701,2005-08-31,"-47,54906775","-21,57236495",4326,500,1,27,1,0,Normal,"19,23","28,8",1,1,"27,92","28,8"
1,10,1,1,107,107,4834,4993,10,28701,2005-08-31,"-47,54906775","-21,57236495",4326,500,1,28,1,0,Normal,"15,72","25,7",1,1,"25,12","25,7"
1,10,1,1,107,107,4835,4994,10,28701,2005-08-31,"-47,54906775","-21,57236495",4326,500,1,29,1,4,Quebrada,"13,91","15,7",0,0,"23,3","15,7"
1,10,1,1,107,107,4836,4995,10,28701,2005-08-31,"-47,54906775","-21,57236495",4326,500,1,30,1,2,Dominante,"20,66",29,1,1,"28,85",29
1,10,1,1,107,107,4837,4996,10,28701,2005-08-31,"-47,54906775","-21,57236495",4326,500,1,31,1,0,Normal,"14,58","26,7",1,1,"24,01","26,7"
1,10,1,1,107,107,4838,4997,10,28701,2005-08-31,"-47,54906775","-21,57236495",4326,500,1,32,1,0,Normal,"20,34","28,7",1,1,"28,65","28,7"
1,10,1,1,107,107,4839,4998,10,28701,2005-08-31,"-47,54906775","-21,57236495",4326,500,1,33,1,0,Normal,"18,18","28,2",1,1,"27,17","28,2"
1,10,1,1,107,107,4840,4999,10,28701,2005-08-31,"-47,54906775","-21,57236495",4326,500,1,34,1,0,Normal,"19,89",,0,1,"28,37","28,37"
1,10,1,1,107,107,4841,5000,10,28701,2005-08-31,"-47,54906775","-21,57236495",4326,500,1,35,1,0,Normal,"14,71",,0,1,"24,14","24,14"
1,10,1,1,107,107,4842,5001,10,28701,2005-08-31,"-47,54906775","-21,57236495",4326,500,1,36,1,2,Dominante,"20,79","27,4",1,1,"28,93","27,4"
1,10,1,1,107,107,4843,5002,10,28701,2005-08-31,"-47,54906775","-21,57236495",4326,500,1,37,1,0,Normal,"14,67",,0,1,"24,1","24,1"
1,10,1,1,107,107,4844,5003,10,28701,2005-08-31,"-47,54906775","-21,57236495",4326,500,1,38,1,0,Normal,"18,59",,0,1,"27,47","27,47"
1,10,1,1,107,107,4845,5004,10,28701,2005-08-31,"-47,54906775","-21,57236495",4326,500,1,39,1,0,Normal,"15,12",,0,1,"24,55","24,55"
1,10,1,1,107,107,4846,5005,10,28701,2005-08-31,"-47,54906775","-21,57236495",4326,500,1,40,1,0,Normal,"17,54",,0,1,"26,68","26,68"
1,10,1,1,107,107,4847,5006,10,28701,2005-08-31,"-47,54906775","-21,57236495",4326,500,1,41,1,0,Normal,"15,66",,0,1,"25,07","25,07"
1,10,1,1,107,107,4848,5007,10,28701,2005-08-31,"-47,54906775","-21,57236495",4326,500,1,42,1,0,Normal,"18,56",,0,1,"27,45","27,45"
1,10,1,1,107,107,4849,5008,10,28701,2005-08-31,"-47,54906775","-21,57236495",4326,500,1,43,1,0,Normal,"19,1",,0,1,"27,83","27,83"
1,10,1,1,107,107,4850,5009,10,28701,2005-08-31,"-47,54906775","-21,57236495",4326,500,1,44,1,0,Normal,"19,83",,0,1,"28,33","28,33"
1,10,1,1,107,107,4851,5010,10,28701,2005-08-31,"-47,54906775","-21,57236495",4326,500,1,45,1,0,Normal,"17,76",,0,1,"26,85","26,85"
1,10,1,1,107,107,4852,5011,10,28701,2005-08-31,"-47,54906775","-21,57236495",4326,500,1,46,1,0,Normal,"18,65",,0,1,"27,52","27,52"
1,10,1,1,107,107,4853,5012,10,28701,2005-08-31,"-47,54906775","-21,57236495",4326,500,1,47,1,0,Normal,"16,49",,0,1,"25,81","25,81"
1,10,1,1,107,107,4854,5013,10,28701,2005-08-31,"-47,54906775","-21,57236495",4326,500,1,48,1,0,Normal,"19,58",,0,1,"28,16","28,16"
1,10,1,1,108,108,4855,5014,10,28702,2005-08-31,"-47,55073715","-21,57233941",4326,500,1,1,1,0,Normal,"18,65",,0,1,"26,89","26,89"
1,10,1,1,108,108,4856,5015,10,28702,2005-08-31,"-47,55073715","-21,57233941",4326,500,1,2,1,1,Falha,0,,0,0,,
1,10,1,1,108,108,4857,5016,10,28702,2005-08-31,"-47,55073715","-21,57233941",4326,500,1,3,1,0,Normal,"20,15",,0,1,"27,7","27,7"
1,10,1,1,108,108,4858,5017,10,28702,2005-08-31,"-47,55073715","-21,57233941",4326,500,1,4,1,1,Falha,0,,0,0,,
1,10,1,1,108,108,4859,5018,10,28702,2005-08-31,"-47,55073715","-21,57233941",4326,500,1,5,1,1,Falha,0,,0,0,,
1,10,1,1,108,108,4860,5019,10,28702,2005-08-31,"-47,55073715","-21,57233941",4326,500,1,6,1,4,Quebrada,"14,74",3,0,0,"24,19",3
1,10,1,1,108,108,4861,5020,10,28702,2005-08-31,"-47,55073715","-21,57233941",4326,500,1,7,1,0,Normal,"17,09",,0,1,"25,93","25,93"
1,10,1,1,108,108,4862,5021,10,28702,2005-08-31,"-47,55073715","-21,57233941",4326,500,1,8,1,0,Normal,"17,86",,0,1,"26,42","26,42"
1,10,1,1,108,108,4863,5022,10,28702,2005-08-31,"-47,55073715","-21,57233941",4326,500,1,9,1,0,Normal,"17,44",,0,1,"26,16","26,16"
1,10,1,1,108,108,4864,5023,10,28702,2005-08-31,"-47,55073715","-21,57233941",4326,500,1,10,1,0,Normal,"15,79",,0,1,"25,02","25,02"
1,10,1,1,108,108,4865,5024,10,28702,2005-08-31,"-47,55073715","-21,57233941",4326,500,1,11,1,0,Normal,"16,84",,0,1,"25,76","25,76"
1,10,1,1,108,108,4866,5025,10,28702,2005-08-31,"-47,55073715","-21,57233941",4326,500,1,12,1,0,Normal,"14,55",,0,1,"24,03","24,03"
1,10,1,1,108,108,4867,5026,10,28702,2005-08-31,"-47,55073715","-21,57233941",4326,500,1,13,1,0,Normal,"15,82",,0,1,"25,04","25,04"
1,10,1,1,108,108,4868,5027,10,28702,2005-08-31,"-47,55073715","-21,57233941",4326,500,1,14,1,0,Normal,"16,46",,0,1,"25,5","25,5"
1,10,1,1,108,108,4869,5028,10,28702,2005-08-31,"-47,55073715","-21,57233941",4326,500,1,15,1,2,Dominante,"21,36",29,1,1,"28,28",29
1,10,1,1,108,108,4870,5029,10,28702,2005-08-31,"-47,55073715","-21,57233941",4326,500,1,16,1,0,Normal,"19,74","28,5",1,1,"27,49","28,5"
1,10,1,1,108,108,4871,5030,10,28702,2005-08-31,"-47,55073715","-21,57233941",4326,500,1,17,1,4,Quebrada,"12,86","2,5",0,0,"22,47","2,5"
1,10,1,1,108,108,4872,5031,10,28702,2005-08-31,"-47,55073715","-21,57233941",4326,500,1,18,1,0,Normal,"15,6","24,7",1,1,"24,87","24,7"
1,10,1,1,108,108,4873,5032,10,28702,2005-08-31,"-47,55073715","-21,57233941",4326,500,1,19,1,0,Normal,"17,13",26,1,1,"25,96",26
1,10,1,1,108,108,4874,5033,10,28702,2005-08-31,"-47,55073715","-21,57233941",4326,500,1,20,1,0,Normal,"17,13",27,1,1,"25,96",27
1,10,1,1,108,108,4875,5034,10,28702,2005-08-31,"-47,55073715","-21,57233941",4326,500,1,21,1,0,Normal,"18,3","27,6",1,1,"26,69","27,6"
1,10,1,1,108,108,4876,5035,10,28702,2005-08-31,"-47,55073715","-21,57233941",4326,500,1,22,1,0,Normal,"11,87","22,4",1,1,"21,41","22,4"
1,10,1,1,108,108,4877,5036,10,28702,2005-08-31,"-47,55073715","-21,57233941",4326,500,1,23,1,2,Dominante,"20,72","27,5",1,1,"27,98","27,5"
1,10,1,1,108,108,4878,5037,10,28702,2005-08-31,"-47,55073715","-21,57233941",4326,500,1,24,1,0,Normal,"15,79",26,1,1,"25,02",26
1,10,1,1,108,108,4879,5038,10,28702,2005-08-31,"-47,55073715","-21,57233941",4326,500,1,25,1,3,Bifurcada Abaixo,"19,13",26,1,1,"27,16",26
1,10,1,1,108,108,4879,5039,10,28702,2005-08-31,"-47,55073715","-21,57233941",4326,500,1,25,2,3,Bifurcada Abaixo,"9,96",18,1,1,"18,99",18
1,10,1,1,108,108,4880,5040,10,28702,2005-08-31,"-47,55073715","-21,57233941",4326,500,1,26,1,4,Quebrada,"13,94","3,3",0,0,"23,5","3,3"
1,10,1,1,108,108,4881,5041,10,28702,2005-08-31,"-47,55073715","-21,57233941",4326,500,1,27,1,2,Dominante,"20,69",27,1,1,"27,97",27
1,10,1,1,108,108,4882,5042,10,28702,2005-08-31,"-47,55073715","-21,57233941",4326,500,1,28,1,0,Normal,"18,46",,0,1,"26,78","26,78"
1,10,1,1,108,108,4883,5043,10,28702,2005-08-31,"-47,55073715","-21,57233941",4326,500,1,29,1,0,Normal,"18,49",,0,1,"26,8","26,8"
1,10,1,1,108,108,4884,5044,10,28702,2005-08-31,"-47,55073715","-21,57233941",4326,500,1,30,1,0,Normal,"17,98",,0,1,"26,49","26,49"
1,10,1,1,108,108,4885,5045,10,28702,2005-08-31,"-47,55073715","-21,57233941",4326,500,1,31,1,0,Normal,"18,65",,0,1,"26,89","26,89"
1,10,1,1,108,108,4886,5046,10,28702,2005-08-31,"-47,55073715","-21,57233941",4326,500,1,32,1,3,Bifurcada Abaixo,"20,12",,0,1,"27,68","27,68"
1,10,1,1,108,108,4886,5047,10,28702,2005-08-31,"-47,55073715","-21,57233941",4326,500,1,32,2,3,Bifurcada Abaixo,"14,29",,0,1,"23,81","23,81"
1,10,1,1,108,108,4887,5048,10,28702,2005-08-31,"-47,55073715","-21,57233941",4326,500,1,33,1,1,Falha,0,,0,0,,
1,10,1,1,108,108,4888,5049,10,28702,2005-08-31,"-47,55073715","-21,57233941",4326,500,1,34,1,1,Falha,0,,0,0,,
1,10,1,1,108,108,4889,5050,10,28702,2005-08-31,"-47,55073715","-21,57233941",4326,500,1,35,1,2,Dominante,"21,1","27,1",1,1,"28,16","27,1"
1,10,1,1,108,108,4890,5051,10,28702,2005-08-31,"-47,55073715","-21,57233941",4326,500,1,36,1,2,Dominante,"21,52","27,4",1,1,"28,36","27,4"
1,10,1,1,108,108,4891,5052,10,28702,2005-08-31,"-47,55073715","-21,57233941",4326,500,1,37,1,0,Normal,"20,5",,0,1,"27,87","27,87"
1,10,1,1,108,108,4892,5053,10,28702,2005-08-31,"-47,55073715","-21,57233941",4326,500,1,38,1,1,Falha,0,,0,0,,
1,11,1,2,111,111,4984,5148,11,28705,2005-08-31,"-47,54583781","-21,57864385",4326,500,1,1,1,0,Normal,"18,14",,0,1,"25,5","25,5"
1,11,1,2,111,111,4985,5149,11,28705,2005-08-31,"-47,54583781","-21,57864385",4326,500,1,2,1,0,Normal,"16,07",,0,1,"24,43","24,43"
1,11,1,2,111,111,4986,5150,11,28705,2005-08-31,"-47,54583781","-21,57864385",4326,500,1,3,1,0,Normal,"13,85",,0,1,"22,99","22,99"
1,11,1,2,111,111,4987,5151,11,28705,2005-08-31,"-47,54583781","-21,57864385",4326,500,1,4,1,0,Normal,"17,51",,0,1,"25,2","25,2"
1,11,1,2,111,111,4988,5152,11,28705,2005-08-31,"-47,54583781","-21,57864385",4326,500,1,5,1,0,Normal,"18,14",,0,1,"25,5","25,5"
1,11,1,2,111,111,4989,5153,11,28705,2005-08-31,"-47,54583781","-21,57864385",4326,500,1,6,1,0,Normal,"19,74",,0,1,"26,2","26,2"
1,11,1,2,111,111,4990,5154,11,28705,2005-08-31,"-47,54583781","-21,57864385",4326,500,1,7,1,2,Dominante,"21,01","26,2",1,1,"26,69","26,2"
1,11,1,2,111,111,4991,5155,11,28705,2005-08-31,"-47,54583781","-21,57864385",4326,500,1,8,1,2,Dominante,"20,09","27,5",1,1,"26,34","27,5"
1,11,1,2,111,111,4992,5156,11,28705,2005-08-31,"-47,54583781","-21,57864385",4326,500,1,9,1,0,Normal,"17,63",,0,1,"25,26","25,26"
1,11,1,2,111,111,4993,5157,11,28705,2005-08-31,"-47,54583781","-21,57864385",4326,500,1,10,1,0,Normal,"17,67",,0,1,"25,27","25,27"
1,11,1,2,111,111,4994,5158,11,28705,2005-08-31,"-47,54583781","-21,57864385",4326,500,1,11,1,0,Normal,"18,94",,0,1,"25,86","25,86"
1,11,1,2,111,111,4995,5159,11,28705,2005-08-31,"-47,54583781","-21,57864385",4326,500,1,12,1,0,Normal,"17,44",,0,1,"25,16","25,16"
1,11,1,2,111,111,4996,5160,11,28705,2005-08-31,"-47,54583781","-21,57864385",4326,500,1,13,1,0,Normal,"16,23","25,2",1,1,"24,52","25,2"
1,11,1,2,111,111,4997,5161,11,28705,2005-08-31,"-47,54583781","-21,57864385",4326,500,1,14,1,1,Falha,0,,0,0,,
1,11,1,2,111,111,4998,5162,11,28705,2005-08-31,"-47,54583781","-21,57864385",4326,500,1,15,1,2,Dominante,"20,37","26,6",1,1,"26,45","26,6"
1,11,1,2,111,111,4999,5163,11,28705,2005-08-31,"-47,54583781","-21,57864385",4326,500,1,16,1,0,Normal,"12,1","22,4",1,1,"21,58","22,4"
1,11,1,2,111,111,5000,5164,11,28705,2005-08-31,"-47,54583781","-21,57864385",4326,500,1,17,1,0,Normal,"18,78","24,5",1,1,"25,79","24,5"
1,11,1,2,111,111,5001,5165,11,28705,2005-08-31,"-47,54583781","-21,57864385",4326,500,1,18,1,0,Normal,"11,08",19,1,1,"20,61",19
1,11,1,2,111,111,5002,5166,11,28705,2005-08-31,"-47,54583781","-21,57864385",4326,500,1,19,1,2,Dominante,"22,6","25,6",1,1,"27,24","25,6"
1,11,1,2,111,111,5003,5167,11,28705,2005-08-31,"-47,54583781","-21,57864385",4326,500,1,20,1,0,Normal,"18,78","25,4",1,1,"25,79","25,4"
1,11,1,2,111,111,5004,5168,11,28705,2005-08-31,"-47,54583781","-21,57864385",4326,500,1,21,1,0,Normal,"15,85","25,5",1,1,"24,3","25,5"
1,11,1,2,111,111,5005,5169,11,28705,2005-08-31,"-47,54583781","-21,57864385",4326,500,1,22,1,0,Normal,"19,1","26,6",1,1,"25,93","26,6"
1,11,1,2,111,111,5006,5170,11,28705,2005-08-31,"-47,54583781","-21,57864385",4326,500,1,23,1,0,Normal,"12,41","22,4",1,1,"21,85","22,4"
1,11,1,2,111,111,5007,5171,11,28705,2005-08-31,"-47,54583781","-21,57864385",4326,500,1,24,1,0,Normal,"13,37",,0,1,"22,63","22,63"
1,11,1,2,111,111,5008,5172,11,28705,2005-08-31,"-47,54583781","-21,57864385",4326,500,1,25,1,0,Normal,"18,78",,0,1,"25,79","25,79"
1,11,1,2,111,111,5009,5173,11,28705,2005-08-31,"-47,54583781","-21,57864385",4326,500,1,26,1,0,Normal,"17,35",,0,1,"25,12","25,12"
1,11,1,2,111,111,5010,5174,11,28705,2005-08-31,"-47,54583781","-21,57864385",4326,500,1,27,1,0,Normal,"19,35",,0,1,"26,04","26,04"
1,11,1,2,111,111,5011,5175,11,28705,2005-08-31,"-47,54583781","-21,57864385",4326,500,1,28,1,0,Normal,"17,83",,0,1,"25,35","25,35"
1,11,1,2,111,111,5012,5176,11,28705,2005-08-31,"-47,54583781","-21,57864385",4326,500,1,29,1,2,Dominante,"21,55",27,1,1,"26,89",27
1,11,1,2,111,111,5013,5177,11,28705,2005-08-31,"-47,54583781","-21,57864385",4326,500,1,30,1,0,Normal,"19,1",,0,1,"25,93","25,93"
1,11,1,2,111,111,5014,5178,11,28705,2005-08-31,"-47,54583781","-21,57864385",4326,500,1,31,1,0,Normal,"16,55",,0,1,"24,69","24,69"
1,11,1,2,111,111,5015,5179,11,28705,2005-08-31,"-47,54583781","-21,57864385",4326,500,1,32,1,0,Normal,"18,3",,0,1,"25,58","25,58"
1,11,1,2,111,111,5016,5180,11,28705,2005-08-31,"-47,54583781","-21,57864385",4326,500,1,33,1,0,Normal,"13,05",,0,1,"22,38","22,38"
1,11,1,2,111,111,5017,5181,11,28705,2005-08-31,"-47,54583781","-21,57864385",4326,500,1,34,1,0,Normal,7,,0,1,"14,97","14,97"
1,11,1,2,112,112,5018,5182,11,28706,2005-08-31,"-47,54417799","-21,5786692",4326,500,1,1,1,1,Falha,0,,0,0,,
1,11,1,2,112,112,5019,5183,11,28706,2005-08-31,"-47,54417799","-21,5786692",4326,500,1,2,1,0,Normal,"17,19",,0,1,"27,11","27,11"
1,11,1,2,112,112,5020,5184,11,28706,2005-08-31,"-47,54417799","-21,5786692",4326,500,1,3,1,0,Normal,"20,94",,0,1,"28,4","28,4"
1,11,1,2,112,112,5021,5185,11,28706,2005-08-31,"-47,54417799","-21,5786692",4326,500,1,4,1,1,Falha,0,,0,0,,
1,11,1,2,112,112,5022,5186,11,28706,2005-08-31,"-47,54417799","-21,5786692",4326,500,1,5,1,1,Falha,0,,0,0,,
1,11,1,2,112,112,5023,5187,11,28706,2005-08-31,"-47,54417799","-21,5786692",4326,500,1,6,1,0,Normal,"19,74",,0,1,"28,03","28,03"
1,11,1,2,112,112,5024,5188,11,28706,2005-08-31,"-47,54417799","-21,5786692",4326,500,1,7,1,0,Normal,"19,51",,0,1,"27,96","27,96"
1,11,1,2,112,112,5025,5189,11,28706,2005-08-31,"-47,54417799","-21,5786692",4326,500,1,8,1,0,Normal,"19,86",,0,1,"28,07","28,07"
1,11,1,2,112,112,5026,5190,11,28706,2005-08-31,"-47,54417799","-21,5786692",4326,500,1,9,1,3,Bifurcada Abaixo,"9,68",,0,1,"22,19","22,19"
1,11,1,2,112,112,5026,5191,11,28706,2005-08-31,"-47,54417799","-21,5786692",4326,500,1,9,2,3,Bifurcada Abaixo,"20,79",,0,1,"28,35","28,35"
1,11,1,2,112,112,5027,5192,11,28706,2005-08-31,"-47,54417799","-21,5786692",4326,500,1,10,1,2,Dominante,"22,6",29,1,1,"28,84",29
1,11,1,2,112,112,5028,5193,11,28706,2005-08-31,"-47,54417799","-21,5786692",4326,500,1,11,1,3,Bifurcada Abaixo,"16,07",,0,1,"26,63","26,63"
1,11,1,2,112,112,5028,5194,11,28706,2005-08-31,"-47,54417799","-21,5786692",4326,500,1,11,2,3,Bifurcada Abaixo,"9,87",,0,1,"22,39","22,39"
1,11,1,2,112,112,5029,5195,11,28706,2005-08-31,"-47,54417799","-21,5786692",4326,500,1,12,1,2,Dominante,"22,5","29,5",1,1,"28,82","29,5"
1,11,1,2,112,112,5030,5196,11,28706,2005-08-31,"-47,54417799","-21,5786692",4326,500,1,13,1,1,Falha,0,,0,0,,
1,11,1,2,112,112,5031,5197,11,28706,2005-08-31,"-47,54417799","-21,5786692",4326,500,1,14,1,1,Falha,0,,0,0,,
1,11,1,2,112,112,5032,5198,11,28706,2005-08-31,"-47,54417799","-21,5786692",4326,500,1,15,1,2,Dominante,"23,24",28,1,1,29,28
1,11,1,2,112,112,5033,5199,11,28706,2005-08-31,"-47,54417799","-21,5786692",4326,500,1,16,1,0,Normal,"19,1","27,9",1,1,"27,82","27,9"
1,11,1,2,112,112,5034,5200,11,28706,2005-08-31,"-47,54417799","-21,5786692",4326,500,1,17,1,0,Normal,"18,91","27,5",1,1,"27,76","27,5"
1,11,1,2,112,112,5035,5201,11,28706,2005-08-31,"-47,54417799","-21,5786692",4326,500,1,18,1,1,Falha,0,,0,0,,
1,11,1,2,112,112,5036,5202,11,28706,2005-08-31,"-47,54417799","-21,5786692",4326,500,1,19,1,2,Dominante,"23,3","28,1",1,1,"29,01","28,1"
1,11,1,2,112,112,5037,5203,11,28706,2005-08-31,"-47,54417799","-21,5786692",4326,500,1,20,1,2,Dominante,"22,35","29,5",1,1,"28,78","29,5"
1,11,1,2,112,112,5038,5204,11,28706,2005-08-31,"-47,54417799","-21,5786692",4326,500,1,21,1,1,Falha,0,,0,0,,
1,11,1,2,112,112,5039,5205,11,28706,2005-08-31,"-47,54417799","-21,5786692",4326,500,1,22,1,0,Normal,"22,28","29,2",1,1,"28,76","29,2"
1,11,1,2,112,112,5040,5206,11,28706,2005-08-31,"-47,54417799","-21,5786692",4326,500,1,23,1,0,Normal,"15,6",26,1,1,"26,41",26
1,11,1,2,112,112,5041,5207,11,28706,2005-08-31,"-47,54417799","-21,5786692",4326,500,1,24,1,0,Normal,"18,4","27,4",1,1,"27,58","27,4"
1,11,1,2,112,112,5042,5208,11,28706,2005-08-31,"-47,54417799","-21,5786692",4326,500,1,25,1,0,Normal,"17,51","27,9",1,1,"27,24","27,9"
1,11,1,2,112,112,5043,5209,11,28706,2005-08-31,"-47,54417799","-21,5786692",4326,500,1,26,1,1,Falha,0,,0,0,,
1,11,1,2,112,112,5044,5210,11,28706,2005-08-31,"-47,54417799","-21,5786692",4326,500,1,27,1,0,Normal,"21,01",,0,1,"28,42","28,42"
1,11,1,2,112,112,5045,5211,11,28706,2005-08-31,"-47,54417799","-21,5786692",4326,500,1,28,1,0,Normal,"17,51",,0,1,"27,24","27,24"
1,11,1,2,112,112,5046,5212,11,28706,2005-08-31,"-47,54417799","-21,5786692",4326,500,1,29,1,0,Normal,"18,88",,0,1,"27,75","27,75"
1,11,1,2,112,112,5047,5213,11,28706,2005-08-31,"-47,54417799","-21,5786692",4326,500,1,30,1,0,Normal,"20,31",,0,1,"28,21","28,21"
1,11,1,2,112,112,5048,5214,11,28706,2005-08-31,"-47,54417799","-21,5786692",4326,500,1,31,1,0,Normal,"20,56",,0,1,"28,29","28,29"
1,11,1,2,112,112,5049,5215,11,28706,2005-08-31,"-47,54417799","-21,5786692",4326,500,1,32,1,0,Normal,19,,0,1,"27,79","27,79"
1,11,1,2,112,112,5050,5216,11,28706,2005-08-31,"-47,54417799","-21,5786692",4326,500,1,33,1,0,Normal,"21,65",,0,1,"28,59","28,59"
1,11,1,2,112,112,5051,5217,11,28706,2005-08-31,"-47,54417799","-21,5786692",4326,500,1,34,1,0,Normal,"8,59",,0,1,"20,94","20,94"
1,11,1,2,112,112,5052,5218,11,28706,2005-08-31,"-47,54417799","-21,5786692",4326,500,1,35,1,0,Normal,"19,1",,0,1,"27,82","27,82"
1,11,1,2,112,112,5053,5219,11,28706,2005-08-31,"-47,54417799","-21,5786692",4326,500,1,36,1,0,Normal,"21,65",,0,1,"28,59","28,59"
1,11,1,2,112,112,5054,5220,11,28706,2005-08-31,"-47,54417799","-21,5786692",4326,500,1,37,1,0,Normal,"19,48",,0,1,"27,95","27,95"
1,11,1,2,114,114,5103,5271,11,28708,2005-08-31,"-47,54083903","-21,57872015",4326,500,1,1,1,2,Dominante,"25,56","29,6",1,1,"29,72","29,6"
1,11,1,2,114,114,5104,5272,11,28708,2005-08-31,"-47,54083903","-21,57872015",4326,500,1,2,1,0,Normal,7,,0,1,"15,89","15,89"
1,11,1,2,114,114,5105,5273,11,28708,2005-08-31,"-47,54083903","-21,57872015",4326,500,1,3,1,0,Normal,"17,73",,0,1,"26,78","26,78"
1,11,1,2,114,114,5106,5274,11,28708,2005-08-31,"-47,54083903","-21,57872015",4326,500,1,4,1,0,Normal,"10,98",,0,1,"21,72","21,72"
1,11,1,2,114,114,5107,5275,11,28708,2005-08-31,"-47,54083903","-21,57872015",4326,500,1,5,1,0,Normal,"21,96",,0,1,"28,6","28,6"
1,11,1,2,114,114,5108,5276,11,28708,2005-08-31,"-47,54083903","-21,57872015",4326,500,1,6,1,1,Falha,0,,0,0,,
1,11,1,2,114,114,5109,5277,11,28708,2005-08-31,"-47,54083903","-21,57872015",4326,500,1,7,1,0,Normal,"20,72",,0,1,"28,13","28,13"
1,11,1,2,114,114,5110,5278,11,28708,2005-08-31,"-47,54083903","-21,57872015",4326,500,1,8,1,1,Falha,0,,0,0,,
1,11,1,2,114,114,5111,5279,11,28708,2005-08-31,"-47,54083903","-21,57872015",4326,500,1,9,1,0,Normal,"19,35",,0,1,"27,55","27,55"
1,11,1,2,114,114,5112,5280,11,28708,2005-08-31,"-47,54083903","-21,57872015",4326,500,1,10,1,0,Normal,"13,05",,0,1,"23,7","23,7"
1,11,1,2,114,114,5113,5281,11,28708,2005-08-31,"-47,54083903","-21,57872015",4326,500,1,11,1,0,Normal,"8,94",,0,1,"19,16","19,16"
1,11,1,2,114,114,5114,5282,11,28708,2005-08-31,"-47,54083903","-21,57872015",4326,500,1,12,1,0,Normal,"14,77",,0,1,"25,01","25,01"
1,11,1,2,114,114,5115,5283,11,28708,2005-08-31,"-47,54083903","-21,57872015",4326,500,1,13,1,2,Dominante,"23,3",28,1,1,"29,05",28
1,11,1,2,114,114,5116,5284,11,28708,2005-08-31,"-47,54083903","-21,57872015",4326,500,1,14,1,1,Falha,0,,0,0,,
1,11,1,2,114,114,5117,5285,11,28708,2005-08-31,"-47,54083903","-21,57872015",4326,500,1,15,1,0,Normal,"17,19",,0,1,"26,5","26,5"
1,11,1,2,114,114,5118,5286,11,28708,2005-08-31,"-47,54083903","-21,57872015",4326,500,1,16,1,0,Normal,"15,34",,0,1,"25,4","25,4"
1,11,1,2,114,114,5119,5287,11,28708,2005-08-31,"-47,54083903","-21,57872015",4326,500,1,17,1,0,Normal,"18,78",,0,1,"27,3","27,3"
1,11,1,2,114,114,5120,5288,11,28708,2005-08-31,"-47,54083903","-21,57872015",4326,500,1,18,1,0,Normal,"19,54",,0,1,"27,64","27,64"
1,11,1,2,114,114,5121,5289,11,28708,2005-08-31,"-47,54083903","-21,57872015",4326,500,1,19,1,1,Falha,0,,0,0,,
1,11,1,2,114,114,5122,5290,11,28708,2005-08-31,"-47,54083903","-21,57872015",4326,500,1,20,1,1,Falha,0,,0,0,,
1,11,1,2,114,114,5123,5291,11,28708,2005-08-31,"-47,54083903","-21,57872015",4326,500,1,21,1,0,Normal,"21,01",27,1,1,"28,24",27
1,11,1,2,114,114,5124,5292,11,28708,2005-08-31,"-47,54083903","-21,57872015",4326,500,1,22,1,0,Normal,"16,93","26,6",1,1,"26,35","26,6"
1,11,1,2,114,114,5125,5293,11,28708,2005-08-31,"-47,54083903","-21,57872015",4326,500,1,23,1,0,Normal,"20,37",28,1,1,"27,99",28
1,11,1,2,114,114,5126,5294,11,28708,2005-08-31,"-47,54083903","-21,57872015",4326,500,1,24,1,1,Falha,0,,0,0,,
1,11,1,2,114,114,5127,5295,11,28708,2005-08-31,"-47,54083903","-21,57872015",4326,500,1,25,1,0,Normal,"21,96",28,1,1,"28,6",28
1,11,1,2,114,114,5128,5296,11,28708,2005-08-31,"-47,54083903","-21,57872015",4326,500,1,26,1,0,Normal,"20,44","27,7",1,1,"28,02","27,7"
1,11,1,2,114,114,5129,5297,11,28708,2005-08-31,"-47,54083903","-21,57872015",4326,500,1,27,1,0,Normal,"11,81",21,1,1,"22,58",21
1,11,1,2,114,114,5130,5298,11,28708,2005-08-31,"-47,54083903","-21,57872015",4326,500,1,28,1,0,Normal,"19,89","27,7",1,1,"27,79","27,7"
1,11,1,2,114,114,5131,5299,11,28708,2005-08-31,"-47,54083903","-21,57872015",4326,500,1,29,1,0,Normal,"18,14",28,1,1,"26,99",28
1,11,1,2,114,114,5132,5300,11,28708,2005-08-31,"-47,54083903","-21,57872015",4326,500,1,30,1,0,Normal,"13,37",26,1,1,"23,97",26
1,11,1,2,114,114,5133,5301,11,28708,2005-08-31,"-47,54083903","-21,57872015",4326,500,1,31,1,0,Normal,"19,86",28,1,1,"27,78",28
1,11,1,2,114,114,5134,5302,11,28708,2005-08-31,"-47,54083903","-21,57872015",4326,500,1,32,1,0,Normal,"12,41",,0,1,"23,14","23,14"
1,11,1,2,114,114,5135,5303,11,28708,2005-08-31,"-47,54083903","-21,57872015",4326,500,1,33,1,0,Normal,"17,76",,0,1,"26,8","26,8"
1,11,1,2,114,114,5136,5304,11,28708,2005-08-31,"-47,54083903","-21,57872015",4326,500,1,34,1,2,Dominante,"22,92","28,7",1,1,"28,93","28,7"
1,11,1,2,114,114,5137,5305,11,28708,2005-08-31,"-47,54083903","-21,57872015",4326,500,1,35,1,2,Dominante,"23,08",30,1,1,"28,98",30
1,11,1,2,114,114,5138,5306,11,28708,2005-08-31,"-47,54083903","-21,57872015",4326,500,1,36,1,0,Normal,"21,96",,0,1,"28,6","28,6"
1,11,1,2,114,114,5139,5307,11,28708,2005-08-31,"-47,54083903","-21,57872015",4326,500,1,37,1,0,Normal,"18,78",,0,1,"27,3","27,3"
1,11,1,2,114,114,5140,5308,11,28708,2005-08-31,"-47,54083903","-21,57872015",4326,500,1,38,1,0,Normal,"20,31",,0,1,"27,96","27,96"
1,11,1,2,114,114,5141,5309,11,28708,2005-08-31,"-47,54083903","-21,57872015",4326,500,1,39,1,0,Normal,"17,09",,0,1,"26,44","26,44"
1,11,1,2,114,114,5142,5310,11,28708,2005-08-31,"-47,54083903","-21,57872015",4326,500,1,40,1,0,Normal,"19,26",,0,1,"27,51","27,51"
1,11,1,2,114,114,5143,5311,11,28708,2005-08-31,"-47,54083903","-21,57872015",4326,500,1,41,1,1,Falha,0,,0,0,,
1,11,1,2,114,114,5144,5312,11,28708,2005-08-31,"-47,54083903","-21,57872015",4326,500,1,42,1,2,Dominante,"23,14","29,6",1,1,29,"29,6"
1,11,1,2,114,114,5145,5313,11,28708,2005-08-31,"-47,54083903","-21,57872015",4326,500,1,43,1,0,Normal,"18,84",,0,1,"27,32","27,32"
1,11,1,2,114,114,5146,5314,11,28708,2005-08-31,"-47,54083903","-21,57872015",4326,500,1,44,1,0,Normal,"18,14",,0,1,"26,99","26,99"
1,11,1,2,114,114,5147,5315,11,28708,2005-08-31,"-47,54083903","-21,57872015",4326,500,1,45,1,0,Normal,"19,03",,0,1,"27,41","27,41"
1,11,1,2,114,114,5148,5316,11,28708,2005-08-31,"-47,54083903","-21,57872015",4326,500,1,46,1,0,Normal,"21,77",,0,1,"28,53","28,53"
1,11,1,2,114,114,5149,5317,11,28708,2005-08-31,"-47,54083903","-21,57872015",4326,500,1,47,1,1,Falha,0,,0,0,,
1,11,1,2,115,115,5150,5318,11,28709,2005-08-31,"-47,53914232","-21,57718411",4326,500,1,1,1,0,Normal,"16,39",,0,1,"27,67","27,67"
1,11,1,2,115,115,5151,5319,11,28709,2005-08-31,"-47,53914232","-21,57718411",4326,500,1,2,1,0,Normal,"19,26",,0,1,"29,44","29,44"
1,11,1,2,115,115,5152,5320,11,28709,2005-08-31,"-47,53914232","-21,57718411",4326,500,1,3,1,0,Normal,"21,01",,0,1,"30,33","30,33"
1,11,1,2,115,115,5153,5321,11,28709,2005-08-31,"-47,53914232","-21,57718411",4326,500,1,4,1,0,Normal,"19,35",,0,1,"29,49","29,49"
1,11,1,2,115,115,5154,5322,11,28709,2005-08-31,"-47,53914232","-21,57718411",4326,500,1,5,1,2,Dominante,"23,4",30,1,1,"31,35",30
1,11,1,2,115,115,5155,5323,11,28709,2005-08-31,"-47,53914232","-21,57718411",4326,500,1,6,1,0,Normal,"22,09",,0,1,"30,82","30,82"
1,11,1,2,115,115,5156,5324,11,28709,2005-08-31,"-47,53914232","-21,57718411",4326,500,1,7,1,0,Normal,"13,88",,0,1,"25,66","25,66"
1,11,1,2,115,115,5157,5325,11,28709,2005-08-31,"-47,53914232","-21,57718411",4326,500,1,8,1,0,Normal,"12,89",,0,1,"24,7","24,7"
1,11,1,2,115,115,5158,5326,11,28709,2005-08-31,"-47,53914232","-21,57718411",4326,500,1,9,1,0,Normal,"22,38",,0,1,"30,94","30,94"
1,11,1,2,115,115,5159,5327,11,28709,2005-08-31,"-47,53914232","-21,57718411",4326,500,1,10,1,0,Normal,"14,2",,0,1,"25,94","25,94"
1,11,1,2,115,115,5160,5328,11,28709,2005-08-31,"-47,53914232","-21,57718411",4326,500,1,11,1,1,Falha,0,,0,0,,
1,11,1,2,115,115,5161,5329,11,28709,2005-08-31,"-47,53914232","-21,57718411",4326,500,1,12,1,0,Normal,"20,47",,0,1,"30,07","30,07"
1,11,1,2,115,115,5162,5330,11,28709,2005-08-31,"-47,53914232","-21,57718411",4326,500,1,13,1,0,Normal,"21,42",,0,1,"30,52","30,52"
1,11,1,2,115,115,5163,5331,11,28709,2005-08-31,"-47,53914232","-21,57718411",4326,500,1,14,1,0,Normal,"21,45",,0,1,"30,53","30,53"
1,11,1,2,115,115,5164,5332,11,28709,2005-08-31,"-47,53914232","-21,57718411",4326,500,1,15,1,0,Normal,"19,83",,0,1,"29,75","29,75"
1,11,1,2,115,115,5165,5333,11,28709,2005-08-31,"-47,53914232","-21,57718411",4326,500,1,16,1,0,Normal,"20,37",,0,1,"30,02","30,02"
1,11,1,2,115,115,5166,5334,11,28709,2005-08-31,"-47,53914232","-21,57718411",4326,500,1,17,1,2,Dominante,24,"30,3",1,1,"31,58","30,3"
1,11,1,2,115,115,5167,5335,11,28709,2005-08-31,"-47,53914232","-21,57718411",4326,500,1,18,1,1,Falha,0,,0,0,,
1,11,1,2,115,115,5168,5336,11,28709,2005-08-31,"-47,53914232","-21,57718411",4326,500,1,19,1,1,Falha,0,,0,0,,
1,11,1,2,115,115,5169,5337,11,28709,2005-08-31,"-47,53914232","-21,57718411",4326,500,1,20,1,1,Falha,0,,0,0,,
1,11,1,2,115,115,5170,5338,11,28709,2005-08-31,"-47,53914232","-21,57718411",4326,500,1,21,1,0,Normal,"12,25",,0,1,"24,03","24,03"
1,11,1,2,115,115,5171,5339,11,28709,2005-08-31,"-47,53914232","-21,57718411",4326,500,1,22,1,0,Normal,"20,53",,0,1,"30,1","30,1"
1,11,1,2,115,115,5172,5340,11,28709,2005-08-31,"-47,53914232","-21,57718411",4326,500,1,23,1,1,Falha,0,,0,0,,
1,11,1,2,115,115,5173,5341,11,28709,2005-08-31,"-47,53914232","-21,57718411",4326,500,1,24,1,0,Normal,"21,1","30,2",1,1,"30,37","30,2"
1,11,1,2,115,115,5174,5342,11,28709,2005-08-31,"-47,53914232","-21,57718411",4326,500,1,25,1,3,Bifurcada Abaixo,"18,88","29,3",1,1,"29,23","29,3"
1,11,1,2,115,115,5174,5343,11,28709,2005-08-31,"-47,53914232","-21,57718411",4326,500,1,25,2,3,Bifurcada Abaixo,"7,51","16,8",1,1,"16,89","16,8"
1,11,1,2,115,115,5175,5344,11,28709,2005-08-31,"-47,53914232","-21,57718411",4326,500,1,26,1,0,Normal,"22,76",31,1,1,"31,1",31
1,11,1,2,115,115,5176,5345,11,28709,2005-08-31,"-47,53914232","-21,57718411",4326,500,1,27,1,0,Normal,"15,06","26,5",1,1,"26,67","26,5"
1,11,1,2,115,115,5177,5346,11,28709,2005-08-31,"-47,53914232","-21,57718411",4326,500,1,28,1,1,Falha,0,,0,0,,
1,11,1,2,115,115,5178,5347,11,28709,2005-08-31,"-47,53914232","-21,57718411",4326,500,1,29,1,1,Falha,0,,0,0,,
1,11,1,2,115,115,5179,5348,11,28709,2005-08-31,"-47,53914232","-21,57718411",4326,500,1,30,1,0,Normal,"17,98","29,1",1,1,"28,71","29,1"
1,11,1,2,115,115,5180,5349,11,28709,2005-08-31,"-47,53914232","-21,57718411",4326,500,1,31,1,0,Normal,"18,88","29,7",1,1,"29,23","29,7"
1,11,1,2,115,115,5181,5350,11,28709,2005-08-31,"-47,53914232","-21,57718411",4326,500,1,32,1,2,Dominante,"24,13","31,6",1,1,"31,63","31,6"
1,11,1,2,115,115,5182,5351,11,28709,2005-08-31,"-47,53914232","-21,57718411",4326,500,1,33,1,0,Normal,"19,86","30,5",1,1,"29,76","30,5"
1,11,1,2,115,115,5183,5352,11,28709,2005-08-31,"-47,53914232","-21,57718411",4326,500,1,34,1,2,Dominante,"23,17","32,2",1,1,"31,26","32,2"
1,11,1,2,115,115,5184,5353,11,28709,2005-08-31,"-47,53914232","-21,57718411",4326,500,1,35,1,2,Dominante,"23,62",32,1,1,"31,44",32
1,11,1,2,115,115,5185,5354,11,28709,2005-08-31,"-47,53914232","-21,57718411",4326,500,1,36,1,0,Normal,"20,85",,0,1,"30,25","30,25"
1,11,1,2,115,115,5186,5355,11,28709,2005-08-31,"-47,53914232","-21,57718411",4326,500,1,37,1,0,Normal,"19,19",,0,1,"29,41","29,41"
1,11,1,2,115,115,5187,5356,11,28709,2005-08-31,"-47,53914232","-21,57718411",4326,500,1,38,1,0,Normal,"19,89",,0,1,"29,78","29,78"
1,11,1,2,118,118,5288,5463,11,28712,2005-08-31,"-47,54420527","-21,58023068",4326,500,1,1,1,0,Normal,"15,28",,0,1,"24,71","24,71"
1,11,1,2,118,118,5289,5464,11,28712,2005-08-31,"-47,54420527","-21,58023068",4326,500,1,2,1,0,Normal,"18,94",,0,1,"27,94","27,94"
1,11,1,2,118,118,5290,5465,11,28712,2005-08-31,"-47,54420527","-21,58023068",4326,500,1,3,1,0,Normal,"13,31",,0,1,"22,49","22,49"
1,11,1,2,118,118,5291,5466,11,28712,2005-08-31,"-47,54420527","-21,58023068",4326,500,1,4,1,0,Normal,"21,33",,0,1,"29,6","29,6"
1,11,1,2,118,118,5292,5467,11,28712,2005-08-31,"-47,54420527","-21,58023068",4326,500,1,5,1,0,Normal,"20,31",,0,1,"28,93","28,93"
1,11,1,2,118,118,5293,5468,11,28712,2005-08-31,"-47,54420527","-21,58023068",4326,500,1,6,1,0,Normal,"12,73",,0,1,"21,75","21,75"
1,11,1,2,118,118,5294,5469,11,28712,2005-08-31,"-47,54420527","-21,58023068",4326,500,1,7,1,0,Normal,"19,42",,0,1,"28,3","28,3"
1,11,1,2,118,118,5295,5470,11,28712,2005-08-31,"-47,54420527","-21,58023068",4326,500,1,8,1,2,Dominante,"22,92","30,2",1,1,"30,55","30,2"
1,11,1,2,118,118,5296,5471,11,28712,2005-08-31,"-47,54420527","-21,58023068",4326,500,1,9,1,0,Normal,"18,14",,0,1,"27,32","27,32"
1,11,1,2,118,118,5297,5472,11,28712,2005-08-31,"-47,54420527","-21,58023068",4326,500,1,10,1,0,Normal,"16,23",,0,1,"25,65","25,65"
1,11,1,2,118,118,5298,5473,11,28712,2005-08-31,"-47,54420527","-21,58023068",4326,500,1,11,1,2,Dominante,"21,96","29,8",1,1,"29,99","29,8"
1,11,1,2,118,118,5299,5474,11,28712,2005-08-31,"-47,54420527","-21,58023068",4326,500,1,12,1,0,Normal,"12,1",,0,1,"20,9","20,9"
1,11,1,2,118,118,5300,5475,11,28712,2005-08-31,"-47,54420527","-21,58023068",4326,500,1,13,1,0,Normal,"21,68",,0,1,"29,82","29,82"
1,11,1,2,118,118,5301,5476,11,28712,2005-08-31,"-47,54420527","-21,58023068",4326,500,1,14,1,0,Normal,"18,3",,0,1,"27,45","27,45"
1,11,1,2,118,118,5302,5477,11,28712,2005-08-31,"-47,54420527","-21,58023068",4326,500,1,15,1,0,Normal,"19,45",,0,1,"28,32","28,32"
1,11,1,2,118,118,5303,5478,11,28712,2005-08-31,"-47,54420527","-21,58023068",4326,500,1,16,1,0,Normal,"16,17",,0,1,"25,59","25,59"
1,11,1,2,118,118,5304,5479,11,28712,2005-08-31,"-47,54420527","-21,58023068",4326,500,1,17,1,0,Normal,"18,4",,0,1,"27,53","27,53"
1,11,1,2,118,118,5305,5480,11,28712,2005-08-31,"-47,54420527","-21,58023068",4326,500,1,18,1,0,Normal,"20,37",,0,1,"28,97","28,97"
1,11,1,2,118,118,5306,5481,11,28712,2005-08-31,"-47,54420527","-21,58023068",4326,500,1,19,1,0,Normal,"15,28",,0,1,"24,71","24,71"
1,11,1,2,118,118,5307,5482,11,28712,2005-08-31,"-47,54420527","-21,58023068",4326,500,1,20,1,0,Normal,"21,65","29,9",1,1,"29,8","29,9"
1,11,1,2,118,118,5308,5483,11,28712,2005-08-31,"-47,54420527","-21,58023068",4326,500,1,21,1,0,Normal,"21,04","29,7",1,1,"29,41","29,7"
1,11,1,2,118,118,5309,5484,11,28712,2005-08-31,"-47,54420527","-21,58023068",4326,500,1,22,1,0,Normal,"19,48","29,8",1,1,"28,34","29,8"
1,11,1,2,118,118,5310,5485,11,28712,2005-08-31,"-47,54420527","-21,58023068",4326,500,1,23,1,0,Normal,"19,83","28,8",1,1,"28,6","28,8"
1,11,1,2,118,118,5311,5486,11,28712,2005-08-31,"-47,54420527","-21,58023068",4326,500,1,24,1,3,Bifurcada Abaixo,"21,14","28,4",1,1,"29,48","28,4"
1,11,1,2,118,118,5311,5487,11,28712,2005-08-31,"-47,54420527","-21,58023068",4326,500,1,24,2,3,Bifurcada Abaixo,"7,23","13,4",1,1,"12,16","13,4"
1,11,1,2,118,118,5312,5488,11,28712,2005-08-31,"-47,54420527","-21,58023068",4326,500,1,25,1,0,Normal,"20,18",27,1,1,"28,84",27
1,11,1,2,118,118,5313,5489,11,28712,2005-08-31,"-47,54420527","-21,58023068",4326,500,1,26,1,1,Falha,0,,0,0,,
1,11,1,2,118,118,5314,5490,11,28712,2005-08-31,"-47,54420527","-21,58023068",4326,500,1,27,1,1,Falha,0,,0,0,,
1,11,1,2,118,118,5315,5491,11,28712,2005-08-31,"-47,54420527","-21,58023068",4326,500,1,28,1,3,Bifurcada Abaixo,"13,37","19,6",1,1,"22,56","19,6"
1,11,1,2,118,118,5315,5492,11,28712,2005-08-31,"-47,54420527","-21,58023068",4326,500,1,28,2,3,Bifurcada Abaixo,"8,59",14,1,1,"15,05",14
1,11,1,2,118,118,5316,5493,11,28712,2005-08-31,"-47,54420527","-21,58023068",4326,500,1,29,1,0,Normal,"18,27","27,2",1,1,"27,42","27,2"
1,11,1,2,118,118,5317,5494,11,28712,2005-08-31,"-47,54420527","-21,58023068",4326,500,1,30,1,0,Normal,"20,15",29,1,1,"28,82",29
1,11,1,2,118,118,5318,5495,11,28712,2005-08-31,"-47,54420527","-21,58023068",4326,500,1,31,1,0,Normal,"21,65","29,5",1,1,"29,8","29,5"
1,11,1,2,118,118,5319,5496,11,28712,2005-08-31,"-47,54420527","-21,58023068",4326,500,1,32,1,0,Normal,"19,42",,0,1,"28,3","28,3"
1,11,1,2,118,118,5320,5497,11,28712,2005-08-31,"-47,54420527","-21,58023068",4326,500,1,33,1,0,Normal,"18,3",,0,1,"27,45","27,45"
1,11,1,2,118,118,5321,5498,11,28712,2005-08-31,"-47,54420527","-21,58023068",4326,500,1,34,1,2,Dominante,"22,06",31,1,1,"30,05",31
1,11,1,2,118,118,5322,5499,11,28712,2005-08-31,"-47,54420527","-21,58023068",4326,500,1,35,1,1,Falha,0,,0,0,,
1,11,1,2,118,118,5323,5500,11,28712,2005-08-31,"-47,54420527","-21,58023068",4326,500,1,36,1,0,Normal,"19,42",,0,1,"28,3","28,3"
1,11,1,2,118,118,5324,5501,11,28712,2005-08-31,"-47,54420527","-21,58023068",4326,500,1,37,1,1,Falha,0,,0,0,,
1,11,1,2,118,118,5325,5502,11,28712,2005-08-31,"-47,54420527","-21,58023068",4326,500,1,38,1,2,Dominante,"22,92","32,2",1,1,"30,55","32,2"
1,11,1,2,118,118,5326,5503,11,28712,2005-08-31,"-47,54420527","-21,58023068",4326,500,1,39,1,0,Normal,"14,64",,0,1,"24,03","24,03"
1,11,1,2,118,118,5327,5504,11,28712,2005-08-31,"-47,54420527","-21,58023068",4326,500,1,40,1,0,Normal,"18,24",,0,1,"27,4","27,4"
1,11,1,2,118,118,5328,5505,11,28712,2005-08-31,"-47,54420527","-21,58023068",4326,500,1,41,1,2,Dominante,"22,06","32,1",1,1,"30,05","32,1"
1,11,1,2,118,118,5329,5506,11,28712,2005-08-31,"-47,54420527","-21,58023068",4326,500,1,42,1,0,Normal,"8,91",,0,1,"15,67","15,67"
1,11,1,2,118,118,5330,5507,11,28712,2005-08-31,"-47,54420527","-21,58023068",4326,500,1,43,1,3,Bifurcada Abaixo,"9,39",,0,1,"16,57","16,57"
1,11,1,2,118,118,5330,5508,11,28712,2005-08-31,"-47,54420527","-21,58023068",4326,500,1,43,2,3,Bifurcada Abaixo,"21,33",,0,1,"29,6","29,6"
1,11,1,2,118,118,5331,5509,11,28712,2005-08-31,"-47,54420527","-21,58023068",4326,500,1,44,1,1,Falha,0,,0,0,,
1,11,1,2,118,118,5332,5510,11,28712,2005-08-31,"-47,54420527","-21,58023068",4326,500,1,45,1,0,Normal,"9,87",,0,1,"17,43","17,43"
1,11,1,2,118,118,5333,5511,11,28712,2005-08-31,"-47,54420527","-21,58023068",4326,500,1,46,1,0,Normal,"6,94",,0,1,"11,5","11,5"
1,11,1,2,118,118,5334,5512,11,28712,2005-08-31,"-47,54420527","-21,58023068",4326,500,1,47,1,0,Normal,"14,32",,0,1,"23,68","23,68"
1,11,1,2,118,118,5335,5513,11,28712,2005-08-31,"-47,54420527","-21,58023068",4326,500,1,48,1,0,Normal,"21,45",,0,1,"29,67","29,67"
1,11,1,2,118,118,5336,5514,11,28712,2005-08-31,"-47,54420527","-21,58023068",4326,500,1,49,1,0,Normal,"17,19",,0,1,"26,52","26,52"
1,11,1,2,119,119,5337,5515,11,28713,2005-08-31,"-47,54586511","-21,58020532",4326,500,1,1,1,0,Normal,"17,13",,0,1,"26,25","26,25"
1,11,1,2,119,119,5338,5516,11,28713,2005-08-31,"-47,54586511","-21,58020532",4326,500,1,2,1,2,Dominante,"20,82","27,5",1,1,"27,86","27,5"
1,11,1,2,119,119,5339,5517,11,28713,2005-08-31,"-47,54586511","-21,58020532",4326,500,1,3,1,0,Normal,"19,74",,0,1,"27,44","27,44"
1,11,1,2,119,119,5340,5518,11,28713,2005-08-31,"-47,54586511","-21,58020532",4326,500,1,4,1,2,Dominante,"20,79",28,1,1,"27,85",28
1,11,1,2,119,119,5341,5519,11,28713,2005-08-31,"-47,54586511","-21,58020532",4326,500,1,5,1,0,Normal,"17,95",,0,1,"26,66","26,66"
1,11,1,2,119,119,5342,5520,11,28713,2005-08-31,"-47,54586511","-21,58020532",4326,500,1,6,1,0,Normal,"16,81",,0,1,"26,09","26,09"
1,11,1,2,119,119,5343,5521,11,28713,2005-08-31,"-47,54586511","-21,58020532",4326,500,1,7,1,0,Normal,"16,97",,0,1,"26,17","26,17"
1,11,1,2,119,119,5344,5522,11,28713,2005-08-31,"-47,54586511","-21,58020532",4326,500,1,8,1,1,Falha,0,,0,0,,
1,11,1,2,119,119,5345,5523,11,28713,2005-08-31,"-47,54586511","-21,58020532",4326,500,1,9,1,0,Normal,"18,78",,0,1,"27,04","27,04"
1,11,1,2,119,119,5346,5524,11,28713,2005-08-31,"-47,54586511","-21,58020532",4326,500,1,10,1,0,Normal,"14,96",,0,1,"25,01","25,01"
1,11,1,2,119,119,5347,5525,11,28713,2005-08-31,"-47,54586511","-21,58020532",4326,500,1,11,1,0,Normal,"15,31",,0,1,"25,23","25,23"
1,11,1,2,119,119,5348,5526,11,28713,2005-08-31,"-47,54586511","-21,58020532",4326,500,1,12,1,0,Normal,"16,17",,0,1,"25,74","25,74"
1,11,1,2,119,119,5349,5527,11,28713,2005-08-31,"-47,54586511","-21,58020532",4326,500,1,13,1,0,Normal,"11,4",,0,1,"22,19","22,19"
1,11,1,2,119,119,5350,5528,11,28713,2005-08-31,"-47,54586511","-21,58020532",4326,500,1,14,1,1,Falha,0,,0,0,,
1,11,1,2,119,119,5351,5529,11,28713,2005-08-31,"-47,54586511","-21,58020532",4326,500,1,15,1,0,Normal,"18,91",,0,1,"27,09","27,09"
1,11,1,2,119,119,5352,5530,11,28713,2005-08-31,"-47,54586511","-21,58020532",4326,500,1,16,1,0,Normal,"8,59",,0,1,"18,82","18,82"
1,11,1,2,119,119,5353,5531,11,28713,2005-08-31,"-47,54586511","-21,58020532",4326,500,1,17,1,0,Normal,"15,92",,0,1,"25,59","25,59"
1,11,1,2,119,119,5354,5532,11,28713,2005-08-31,"-47,54586511","-21,58020532",4326,500,1,18,1,0,Normal,"15,22",,0,1,"25,17","25,17"
1,11,1,2,119,119,5355,5533,11,28713,2005-08-31,"-47,54586511","-21,58020532",4326,500,1,19,1,0,Normal,"18,21",,0,1,"26,78","26,78"
1,11,1,2,119,119,5356,5534,11,28713,2005-08-31,"-47,54586511","-21,58020532",4326,500,1,20,1,0,Normal,"17,83",,0,1,"26,6","26,6"
1,11,1,2,119,119,5357,5535,11,28713,2005-08-31,"-47,54586511","-21,58020532",4326,500,1,21,1,0,Normal,"14,64",,0,1,"24,8","24,8"
1,11,1,2,119,119,5358,5536,11,28713,2005-08-31,"-47,54586511","-21,58020532",4326,500,1,22,1,0,Normal,"16,93",,0,1,"26,15","26,15"
1,11,1,2,119,119,5359,5537,11,28713,2005-08-31,"-47,54586511","-21,58020532",4326,500,1,23,1,1,Falha,0,,0,0,,
1,11,1,2,119,119,5360,5538,11,28713,2005-08-31,"-47,54586511","-21,58020532",4326,500,1,24,1,2,Dominante,"20,05","28,2",1,1,"27,57","28,2"
1,11,1,2,119,119,5361,5539,11,28713,2005-08-31,"-47,54586511","-21,58020532",4326,500,1,25,1,2,Dominante,"20,37","27,8",1,1,"27,69","27,8"
1,11,1,2,119,119,5362,5540,11,28713,2005-08-31,"-47,54586511","-21,58020532",4326,500,1,26,1,1,Falha,0,,0,0,,
1,11,1,2,119,119,5363,5541,11,28713,2005-08-31,"-47,54586511","-21,58020532",4326,500,1,27,1,1,Falha,0,,0,0,,
1,11,1,2,119,119,5364,5542,11,28713,2005-08-31,"-47,54586511","-21,58020532",4326,500,1,28,1,0,Normal,"17,19","26,8",1,1,"26,28","26,8"
1,11,1,2,119,119,5365,5543,11,28713,2005-08-31,"-47,54586511","-21,58020532",4326,500,1,29,1,0,Normal,"17,51","25,8",1,1,"26,45","25,8"
1,11,1,2,119,119,5366,5544,11,28713,2005-08-31,"-47,54586511","-21,58020532",4326,500,1,30,1,0,Normal,"15,53","25,4",1,1,"25,36","25,4"
1,11,1,2,119,119,5367,5545,11,28713,2005-08-31,"-47,54586511","-21,58020532",4326,500,1,31,1,0,Normal,19,"26,8",1,1,"27,13","26,8"
1,11,1,2,119,119,5368,5546,11,28713,2005-08-31,"-47,54586511","-21,58020532",4326,500,1,32,1,0,Normal,"18,3","27,1",1,1,"26,82","27,1"
1,11,1,2,119,119,5369,5547,11,28713,2005-08-31,"-47,54586511","-21,58020532",4326,500,1,33,1,0,Normal,"12,57","23,2",1,1,"23,25","23,2"
1,11,1,2,119,119,5370,5548,11,28713,2005-08-31,"-47,54586511","-21,58020532",4326,500,1,34,1,0,Normal,"18,68","26,3",1,1,"26,99","26,3"
1,11,1,2,119,119,5371,5549,11,28713,2005-08-31,"-47,54586511","-21,58020532",4326,500,1,35,1,0,Normal,"16,55",26,1,1,"25,95",26
1,11,1,2,119,119,5372,5550,11,28713,2005-08-31,"-47,54586511","-21,58020532",4326,500,1,36,1,0,Normal,"16,23",26,1,1,"25,77",26
1,11,1,2,119,119,5373,5551,11,28713,2005-08-31,"-47,54586511","-21,58020532",4326,500,1,37,1,1,Falha,0,,0,0,,
1,11,1,2,119,119,5374,5552,11,28713,2005-08-31,"-47,54586511","-21,58020532",4326,500,1,38,1,0,Normal,"16,65",,0,1,26,26
1,11,1,2,119,119,5375,5553,11,28713,2005-08-31,"-47,54586511","-21,58020532",4326,500,1,39,1,0,Normal,"8,53",,0,1,"18,73","18,73"
1,11,1,2,119,119,5376,5554,11,28713,2005-08-31,"-47,54586511","-21,58020532",4326,500,1,40,1,0,Normal,"20,05",,0,1,"27,57","27,57"
1,11,1,2,119,119,5377,5555,11,28713,2005-08-31,"-47,54586511","-21,58020532",4326,500,1,41,1,0,Normal,"18,53",,0,1,"26,93","26,93"
1,11,1,2,119,119,5378,5556,11,28713,2005-08-31,"-47,54586511","-21,58020532",4326,500,1,42,1,0,Normal,"16,55",,0,1,"25,95","25,95"
1,11,1,2,119,119,5379,5557,11,28713,2005-08-31,"-47,54586511","-21,58020532",4326,500,1,43,1,0,Normal,"15,63",,0,1,"25,42","25,42"
1,11,1,2,119,119,5380,5558,11,28713,2005-08-31,"-47,54586511","-21,58020532",4326,500,1,44,1,0,Normal,"17,83",,0,1,"26,6","26,6"
1,11,1,2,119,119,5381,5559,11,28713,2005-08-31,"-47,54586511","-21,58020532",4326,500,1,45,1,1,Falha,0,,0,0,,
1,11,1,2,119,119,5382,5560,11,28713,2005-08-31,"-47,54586511","-21,58020532",4326,500,1,46,1,1,Falha,0,,0,0,,
1,11,1,2,119,119,5383,5561,11,28713,2005-08-31,"-47,54586511","-21,58020532",4326,500,1,47,1,0,Normal,"5,19",,0,1,"12,15","12,15"
1,11,1,2,119,119,5384,5562,11,28713,2005-08-31,"-47,54586511","-21,58020532",4326,500,1,48,1,0,Normal,"11,46",,0,1,"22,24","22,24"
1,11,1,2,119,119,5385,5563,11,28713,2005-08-31,"-47,54586511","-21,58020532",4326,500,1,49,1,0,Normal,"18,78",,0,1,"27,04","27,04"
1,11,1,2,119,119,5386,5564,11,28713,2005-08-31,"-47,54586511","-21,58020532",4326,500,1,50,1,2,Dominante,"21,01",28,1,1,"27,93",28
1,11,1,2,119,119,5387,5565,11,28713,2005-08-31,"-47,54586511","-21,58020532",4326,500,1,51,1,0,Normal,"18,14",,0,1,"26,75","26,75"
1,11,1,2,119,119,5388,5566,11,28713,2005-08-31,"-47,54586511","-21,58020532",4326,500,1,52,1,0,Normal,"17,25",,0,1,"26,32","26,32"
1,11,1,2,119,119,5389,5567,11,28713,2005-08-31,"-47,54586511","-21,58020532",4326,500,1,53,1,0,Normal,"15,28",,0,1,"25,21","25,21"
1,11,1,2,120,120,5390,5568,11,28714,2005-08-31,"-47,54756403","-21,58020644",4326,500,1,1,1,0,Normal,"16,39",,0,1,"25,47","25,47"
1,11,1,2,120,120,5391,5569,11,28714,2005-08-31,"-47,54756403","-21,58020644",4326,500,1,2,1,0,Normal,"17,19",,0,1,"25,96","25,96"
1,11,1,2,120,120,5392,5570,11,28714,2005-08-31,"-47,54756403","-21,58020644",4326,500,1,3,1,0,Normal,"16,17",,0,1,"25,33","25,33"
1,11,1,2,120,120,5393,5571,11,28714,2005-08-31,"-47,54756403","-21,58020644",4326,500,1,4,1,0,Normal,"17,57",,0,1,"26,17","26,17"
1,11,1,2,120,120,5394,5572,11,28714,2005-08-31,"-47,54756403","-21,58020644",4326,500,1,5,1,0,Normal,"18,56",,0,1,"26,71","26,71"
1,11,1,2,120,120,5395,5573,11,28714,2005-08-31,"-47,54756403","-21,58020644",4326,500,1,6,1,0,Normal,"16,36",,0,1,"25,45","25,45"
1,11,1,2,120,120,5396,5574,11,28714,2005-08-31,"-47,54756403","-21,58020644",4326,500,1,7,1,0,Normal,"17,98",,0,1,"26,4","26,4"
1,11,1,2,120,120,5397,5575,11,28714,2005-08-31,"-47,54756403","-21,58020644",4326,500,1,8,1,0,Normal,"19,42",,0,1,"27,13","27,13"
1,11,1,2,120,120,5398,5576,11,28714,2005-08-31,"-47,54756403","-21,58020644",4326,500,1,9,1,0,Normal,"18,14",,0,1,"26,49","26,49"
1,11,1,2,120,120,5399,5577,11,28714,2005-08-31,"-47,54756403","-21,58020644",4326,500,1,10,1,0,Normal,"18,94",,0,1,"26,9","26,9"
1,11,1,2,120,120,5400,5578,11,28714,2005-08-31,"-47,54756403","-21,58020644",4326,500,1,11,1,0,Normal,"18,46",,0,1,"26,66","26,66"
1,11,1,2,120,120,5401,5579,11,28714,2005-08-31,"-47,54756403","-21,58020644",4326,500,1,12,1,0,Normal,"16,87","25,5",1,1,"25,77","25,5"
1,11,1,2,120,120,5402,5580,11,28714,2005-08-31,"-47,54756403","-21,58020644",4326,500,1,13,1,0,Normal,"18,21","26,6",1,1,"26,52","26,6"
1,11,1,2,120,120,5403,5581,11,28714,2005-08-31,"-47,54756403","-21,58020644",4326,500,1,14,1,2,Dominante,"20,94","27,3",1,1,"27,81","27,3"
1,11,1,2,120,120,5404,5582,11,28714,2005-08-31,"-47,54756403","-21,58020644",4326,500,1,15,1,2,Dominante,"21,01","27,2",1,1,"27,84","27,2"
1,11,1,2,120,120,5405,5583,11,28714,2005-08-31,"-47,54756403","-21,58020644",4326,500,1,16,1,0,Normal,"20,53","28,3",1,1,"27,64","28,3"
1,11,1,2,120,120,5406,5584,11,28714,2005-08-31,"-47,54756403","-21,58020644",4326,500,1,17,1,2,Dominante,"21,01",27,1,1,"27,84",27
1,11,1,2,120,120,5407,5585,11,28714,2005-08-31,"-47,54756403","-21,58020644",4326,500,1,18,1,0,Normal,"17,19","26,4",1,1,"25,96","26,4"
1,11,1,2,120,120,5408,5586,11,28714,2005-08-31,"-47,54756403","-21,58020644",4326,500,1,19,1,0,Normal,"13,31",23,1,1,"23,2",23
1,11,1,2,120,120,5409,5587,11,28714,2005-08-31,"-47,54756403","-21,58020644",4326,500,1,20,1,2,Dominante,"23,4","28,5",1,1,"28,75","28,5"
1,11,1,2,120,120,5410,5588,11,28714,2005-08-31,"-47,54756403","-21,58020644",4326,500,1,21,1,0,Normal,"19,42","27,8",1,1,"27,13","27,8"
1,11,1,2,120,120,5411,5589,11,28714,2005-08-31,"-47,54756403","-21,58020644",4326,500,1,22,1,2,Dominante,"21,26","28,8",1,1,"27,95","28,8"
1,11,1,2,120,120,5412,5590,11,28714,2005-08-31,"-47,54756403","-21,58020644",4326,500,1,23,1,0,Normal,"20,12",,0,1,"27,46","27,46"
1,11,1,2,120,120,5413,5591,11,28714,2005-08-31,"-47,54756403","-21,58020644",4326,500,1,24,1,0,Normal,"19,42",,0,1,"27,13","27,13"
1,11,1,2,120,120,5414,5592,11,28714,2005-08-31,"-47,54756403","-21,58020644",4326,500,1,25,1,0,Normal,"20,18",,0,1,"27,48","27,48"
1,11,1,2,120,120,5415,5593,11,28714,2005-08-31,"-47,54756403","-21,58020644",4326,500,1,26,1,0,Normal,"18,94",,0,1,"26,9","26,9"
1,11,1,2,120,120,5416,5594,11,28714,2005-08-31,"-47,54756403","-21,58020644",4326,500,1,27,1,0,Normal,"18,78",,0,1,"26,82","26,82"
1,12,2,2,122,122,5463,5641,12,28716,2005-08-31,"-47,55415824","-21,57698171",4326,500,1,1,1,0,Normal,"18,27",,0,1,"27,54","27,54"
1,12,2,2,122,122,5464,5642,12,28716,2005-08-31,"-47,55415824","-21,57698171",4326,500,1,2,1,0,Normal,"18,56",,0,1,"27,77","27,77"
1,12,2,2,122,122,5465,5643,12,28716,2005-08-31,"-47,55415824","-21,57698171",4326,500,1,3,1,0,Normal,"20,47",,0,1,"29,12","29,12"
1,12,2,2,122,122,5466,5644,12,28716,2005-08-31,"-47,55415824","-21,57698171",4326,500,1,4,1,0,Normal,"14,77",,0,1,"24,35","24,35"
1,12,2,2,122,122,5467,5645,12,28716,2005-08-31,"-47,55415824","-21,57698171",4326,500,1,5,1,0,Normal,"13,88",,0,1,"23,37","23,37"
1,12,2,2,122,122,5468,5646,12,28716,2005-08-31,"-47,55415824","-21,57698171",4326,500,1,6,1,0,Normal,"18,84",,0,1,"27,98","27,98"
1,12,2,2,122,122,5469,5647,12,28716,2005-08-31,"-47,55415824","-21,57698171",4326,500,1,7,1,0,Normal,"17,79",,0,1,"27,16","27,16"
1,12,2,2,122,122,5470,5648,12,28716,2005-08-31,"-47,55415824","-21,57698171",4326,500,1,8,1,2,Dominante,"21,07","30,6",1,1,"29,51","30,6"
1,12,2,2,122,122,5471,5649,12,28716,2005-08-31,"-47,55415824","-21,57698171",4326,500,1,9,1,0,Normal,"19,29",,0,1,"28,31","28,31"
1,12,2,2,122,122,5472,5650,12,28716,2005-08-31,"-47,55415824","-21,57698171",4326,500,1,10,1,0,Normal,"16,9",,0,1,"26,41","26,41"
1,12,2,2,122,122,5473,5651,12,28716,2005-08-31,"-47,55415824","-21,57698171",4326,500,1,11,1,0,Normal,"21,07",,0,1,"29,51","29,51"
1,12,2,2,122,122,5474,5652,12,28716,2005-08-31,"-47,55415824","-21,57698171",4326,500,1,12,1,0,Normal,"20,94",,0,1,"29,43","29,43"
1,12,2,2,122,122,5475,5653,12,28716,2005-08-31,"-47,55415824","-21,57698171",4326,500,1,13,1,0,Normal,"12,32","20,4",1,1,"21,43","20,4"
1,12,2,2,122,122,5476,5654,12,28716,2005-08-31,"-47,55415824","-21,57698171",4326,500,1,14,1,0,Normal,"19,86","26,6",1,1,"28,71","26,6"
1,12,2,2,122,122,5477,5655,12,28716,2005-08-31,"-47,55415824","-21,57698171",4326,500,1,15,1,0,Normal,"13,56",24,1,1,23,24
1,12,2,2,122,122,5478,5656,12,28716,2005-08-31,"-47,55415824","-21,57698171",4326,500,1,16,1,0,Normal,"14,36","24,5",1,1,"23,91","24,5"
1,12,2,2,122,122,5479,5657,12,28716,2005-08-31,"-47,55415824","-21,57698171",4326,500,1,17,1,0,Normal,"19,61","27,7",1,1,"28,54","27,7"
1,12,2,2,122,122,5480,5658,12,28716,2005-08-31,"-47,55415824","-21,57698171",4326,500,1,18,1,0,Normal,"18,62","27,5",1,1,"27,81","27,5"
1,12,2,2,122,122,5481,5659,12,28716,2005-08-31,"-47,55415824","-21,57698171",4326,500,1,19,1,0,Normal,"20,82",29,1,1,"29,35",29
1,12,2,2,122,122,5482,5660,12,28716,2005-08-31,"-47,55415824","-21,57698171",4326,500,1,20,1,0,Normal,"13,4","22,3",1,1,"22,81","22,3"
1,12,2,2,122,122,5483,5661,12,28716,2005-08-31,"-47,55415824","-21,57698171",4326,500,1,21,1,0,Normal,"19,19",29,1,1,"28,24",29
1,12,2,2,122,122,5484,5662,12,28716,2005-08-31,"-47,55415824","-21,57698171",4326,500,1,22,1,0,Normal,"15,79","26,6",1,1,"25,39","26,6"
1,12,2,2,122,122,5485,5663,12,28716,2005-08-31,"-47,55415824","-21,57698171",4326,500,1,23,1,2,Dominante,"21,33","29,2",1,1,"29,67","29,2"
1,12,2,2,122,122,5486,5664,12,28716,2005-08-31,"-47,55415824","-21,57698171",4326,500,1,24,1,0,Normal,"15,85",,0,1,"25,44","25,44"
1,12,2,2,122,122,5487,5665,12,28716,2005-08-31,"-47,55415824","-21,57698171",4326,500,1,25,1,0,Normal,"19,77",,0,1,"28,65","28,65"
1,12,2,2,122,122,5488,5666,12,28716,2005-08-31,"-47,55415824","-21,57698171",4326,500,1,26,1,0,Normal,"16,93",,0,1,"26,43","26,43"
1,12,2,2,122,122,5489,5667,12,28716,2005-08-31,"-47,55415824","-21,57698171",4326,500,1,27,1,0,Normal,"16,62",,0,1,"26,16","26,16"
1,12,2,2,122,122,5490,5668,12,28716,2005-08-31,"-47,55415824","-21,57698171",4326,500,1,28,1,0,Normal,"19,8",,0,1,"28,67","28,67"
1,12,2,2,122,122,5491,5669,12,28716,2005-08-31,"-47,55415824","-21,57698171",4326,500,1,29,1,0,Normal,"11,52",,0,1,"20,32","20,32"
1,12,2,2,122,122,5492,5670,12,28716,2005-08-31,"-47,55415824","-21,57698171",4326,500,1,30,1,2,Dominante,"21,58",31,1,1,"29,82",31
1,12,2,2,122,122,5493,5671,12,28716,2005-08-31,"-47,55415824","-21,57698171",4326,500,1,31,1,0,Normal,"18,72",,0,1,"27,89","27,89"
1,12,2,2,122,122,5494,5672,12,28716,2005-08-31,"-47,55415824","-21,57698171",4326,500,1,32,1,0,Normal,"17,83",,0,1,"27,19","27,19"
1,12,2,2,122,122,5495,5673,12,28716,2005-08-31,"-47,55415824","-21,57698171",4326,500,1,33,1,0,Normal,"20,94",,0,1,"29,43","29,43"
1,12,2,2,122,122,5496,5674,12,28716,2005-08-31,"-47,55415824","-21,57698171",4326,500,1,34,1,0,Normal,"18,49",,0,1,"27,71","27,71"
1,12,2,2,122,122,5497,5675,12,28716,2005-08-31,"-47,55415824","-21,57698171",4326,500,1,35,1,0,Normal,"21,04",,0,1,"29,49","29,49"
1,12,2,2,122,122,5498,5676,12,28716,2005-08-31,"-47,55415824","-21,57698171",4326,500,1,36,1,2,Dominante,"21,42",30,1,1,"29,73",30
1,12,2,2,122,122,5499,5677,12,28716,2005-08-31,"-47,55415824","-21,57698171",4326,500,1,37,1,0,Normal,"19,03",,0,1,"28,12","28,12"
1,12,2,2,122,122,5500,5678,12,28716,2005-08-31,"-47,55415824","-21,57698171",4326,500,1,38,1,0,Normal,"14,58",,0,1,"24,15","24,15"
1,12,2,2,122,122,5501,5679,12,28716,2005-08-31,"-47,55415824","-21,57698171",4326,500,1,39,1,2,Dominante,"23,78","30,5",1,1,"31,06","30,5"
1,12,2,2,122,122,5502,5680,12,28716,2005-08-31,"-47,55415824","-21,57698171",4326,500,1,40,1,0,Normal,"19,99",,0,1,"28,8","28,8"
1,12,2,2,122,122,5503,5681,12,28716,2005-08-31,"-47,55415824","-21,57698171",4326,500,1,41,1,0,Normal,"10,31",,0,1,"18,45","18,45"
1,12,2,2,123,123,5504,5682,12,28717,2005-08-31,"-47,55078346","-21,57498399",4326,500,1,1,1,0,Normal,"14,2",,0,1,"23,61","23,61"
1,12,2,2,123,123,5505,5683,12,28717,2005-08-31,"-47,55078346","-21,57498399",4326,500,1,2,1,0,Normal,"17,92",,0,1,"26,44","26,44"
1,12,2,2,123,123,5506,5684,12,28717,2005-08-31,"-47,55078346","-21,57498399",4326,500,1,3,1,0,Normal,"12,19",,0,1,"21,58","21,58"
1,12,2,2,123,123,5507,5685,12,28717,2005-08-31,"-47,55078346","-21,57498399",4326,500,1,4,1,0,Normal,"17,63",,0,1,"26,25","26,25"
1,12,2,2,123,123,5508,5686,12,28717,2005-08-31,"-47,55078346","-21,57498399",4326,500,1,5,1,0,Normal,"15,92",,0,1,"25,04","25,04"
1,12,2,2,123,123,5509,5687,12,28717,2005-08-31,"-47,55078346","-21,57498399",4326,500,1,6,1,0,Normal,"15,53",,0,1,"24,74","24,74"
1,12,2,2,123,123,5510,5688,12,28717,2005-08-31,"-47,55078346","-21,57498399",4326,500,1,7,1,0,Normal,"17,06",,0,1,"25,87","25,87"
1,12,2,2,123,123,5511,5689,12,28717,2005-08-31,"-47,55078346","-21,57498399",4326,500,1,8,1,0,Normal,"11,55",,0,1,"20,83","20,83"
1,12,2,2,123,123,5512,5690,12,28717,2005-08-31,"-47,55078346","-21,57498399",4326,500,1,9,1,0,Normal,"16,49",,0,1,"25,47","25,47"
1,12,2,2,123,123,5513,5691,12,28717,2005-08-31,"-47,55078346","-21,57498399",4326,500,1,10,1,0,Normal,"15,6",,0,1,"24,79","24,79"
1,12,2,2,123,123,5514,5692,12,28717,2005-08-31,"-47,55078346","-21,57498399",4326,500,1,11,1,0,Normal,"15,06",,0,1,"24,36","24,36"
1,12,2,2,123,123,5515,5693,12,28717,2005-08-31,"-47,55078346","-21,57498399",4326,500,1,12,1,0,Normal,"11,24",,0,1,"20,45","20,45"
1,12,2,2,123,123,5516,5694,12,28717,2005-08-31,"-47,55078346","-21,57498399",4326,500,1,13,1,2,Dominante,"18,24","26,7",1,1,"26,64","26,7"
1,12,2,2,123,123,5517,5695,12,28717,2005-08-31,"-47,55078346","-21,57498399",4326,500,1,14,1,0,Normal,"16,87",,0,1,"25,74","25,74"
1,12,2,2,123,123,5518,5696,12,28717,2005-08-31,"-47,55078346","-21,57498399",4326,500,1,15,1,0,Normal,"14,07","23,5",1,1,"23,49","23,5"
1,12,2,2,123,123,5519,5697,12,28717,2005-08-31,"-47,55078346","-21,57498399",4326,500,1,16,1,0,Normal,"16,33","25,1",1,1,"25,35","25,1"
1,12,2,2,123,123,5520,5698,12,28717,2005-08-31,"-47,55078346","-21,57498399",4326,500,1,17,1,0,Normal,"15,79","24,3",1,1,"24,94","24,3"
1,12,2,2,123,123,5521,5699,12,28717,2005-08-31,"-47,55078346","-21,57498399",4326,500,1,18,1,0,Normal,"14,26","23,1",1,1,"23,66","23,1"
1,12,2,2,123,123,5522,5700,12,28717,2005-08-31,"-47,55078346","-21,57498399",4326,500,1,19,1,0,Normal,"12,19","20,4",1,1,"21,58","20,4"
1,12,2,2,123,123,5523,5701,12,28717,2005-08-31,"-47,55078346","-21,57498399",4326,500,1,20,1,0,Normal,"16,62","25,7",1,1,"25,56","25,7"
1,12,2,2,123,123,5524,5702,12,28717,2005-08-31,"-47,55078346","-21,57498399",4326,500,1,21,1,2,Dominante,"18,27","27,6",1,1,"26,66","27,6"
1,12,2,2,123,123,5525,5703,12,28717,2005-08-31,"-47,55078346","-21,57498399",4326,500,1,22,1,8,Tombada,"16,17",,0,1,"25,23","25,23"
1,12,2,2,123,123,5526,5704,12,28717,2005-08-31,"-47,55078346","-21,57498399",4326,500,1,23,1,3,Bifurcada Abaixo,"14,32","27,3",1,1,"23,72","27,3"
1,12,2,2,123,123,5526,5705,12,28717,2005-08-31,"-47,55078346","-21,57498399",4326,500,1,23,2,3,Bifurcada Abaixo,"8,28","16,1",1,1,"15,98","16,1"
1,12,2,2,123,123,5527,5706,12,28717,2005-08-31,"-47,55078346","-21,57498399",4326,500,1,24,1,0,Normal,"17,98","26,5",1,1,"26,48","26,5"
1,12,2,2,123,123,5528,5707,12,28717,2005-08-31,"-47,55078346","-21,57498399",4326,500,1,25,1,0,Normal,"12,19",21,1,1,"21,58",21
1,12,2,2,123,123,5529,5708,12,28717,2005-08-31,"-47,55078346","-21,57498399",4326,500,1,26,1,0,Normal,"17,13",,0,1,"25,92","25,92"
1,12,2,2,123,123,5530,5709,12,28717,2005-08-31,"-47,55078346","-21,57498399",4326,500,1,27,1,0,Normal,"11,97",,0,1,"21,33","21,33"
1,12,2,2,123,123,5531,5710,12,28717,2005-08-31,"-47,55078346","-21,57498399",4326,500,1,28,1,0,Normal,"15,37",,0,1,"24,61","24,61"
1,12,2,2,123,123,5532,5711,12,28717,2005-08-31,"-47,55078346","-21,57498399",4326,500,1,29,1,0,Normal,"11,78",,0,1,"21,11","21,11"
1,12,2,2,123,123,5533,5712,12,28717,2005-08-31,"-47,55078346","-21,57498399",4326,500,1,30,1,0,Normal,"17,19",,0,1,"25,96","25,96"
1,12,2,2,123,123,5534,5713,12,28717,2005-08-31,"-47,55078346","-21,57498399",4326,500,1,31,1,0,Normal,"17,6",,0,1,"26,23","26,23"
1,12,2,2,123,123,5535,5714,12,28717,2005-08-31,"-47,55078346","-21,57498399",4326,500,1,32,1,0,Normal,"11,33",,0,1,"20,56","20,56"
1,12,2,2,123,123,5536,5715,12,28717,2005-08-31,"-47,55078346","-21,57498399",4326,500,1,33,1,0,Normal,"15,34",,0,1,"24,59","24,59"
1,12,2,2,123,123,5537,5716,12,28717,2005-08-31,"-47,55078346","-21,57498399",4326,500,1,34,1,2,Dominante,"18,08","26,6",1,1,"26,54","26,6"
1,12,2,2,123,123,5538,5717,12,28717,2005-08-31,"-47,55078346","-21,57498399",4326,500,1,35,1,0,Normal,"9,1",,0,1,"17,39","17,39"
1,12,2,2,123,123,5539,5718,12,28717,2005-08-31,"-47,55078346","-21,57498399",4326,500,1,36,1,2,Dominante,"18,56","26,5",1,1,"26,84","26,5"
1,12,2,2,123,123,5540,5719,12,28717,2005-08-31,"-47,55078346","-21,57498399",4326,500,1,37,1,0,Normal,"17,76",,0,1,"26,34","26,34"
1,12,2,2,123,123,5541,5720,12,28717,2005-08-31,"-47,55078346","-21,57498399",4326,500,1,38,1,0,Normal,"12,19",,0,1,"21,58","21,58"
1,12,2,2,123,123,5542,5721,12,28717,2005-08-31,"-47,55078346","-21,57498399",4326,500,1,39,1,0,Normal,"17,32",,0,1,"26,05","26,05"
1,12,2,2,123,123,5543,5722,12,28717,2005-08-31,"-47,55078346","-21,57498399",4326,500,1,40,1,0,Normal,"12,83",,0,1,"22,27","22,27"
1,12,2,2,123,123,5544,5723,12,28717,2005-08-31,"-47,55078346","-21,57498399",4326,500,1,41,1,0,Normal,"18,08",,0,1,"26,54","26,54"
1,12,2,2,123,123,5545,5724,12,28717,2005-08-31,"-47,55078346","-21,57498399",4326,500,1,42,1,2,Dominante,"18,72","25,5",1,1,"26,93","25,5"
1,12,2,2,123,123,5546,5725,12,28717,2005-08-31,"-47,55078346","-21,57498399",4326,500,1,43,1,0,Normal,"14,96",,0,1,"24,27","24,27"
1,12,2,2,123,123,5547,5726,12,28717,2005-08-31,"-47,55078346","-21,57498399",4326,500,1,44,1,0,Normal,"15,22",,0,1,"24,49","24,49"
1,12,2,2,123,123,5548,5727,12,28717,2005-08-31,"-47,55078346","-21,57498399",4326,500,1,45,1,0,Normal,"15,76",,0,1,"24,92","24,92"
1,12,2,2,123,123,5549,5728,12,28717,2005-08-31,"-47,55078346","-21,57498399",4326,500,1,46,1,0,Normal,"13,69",,0,1,"23,13","23,13"
1,12,2,2,123,123,5550,5729,12,28717,2005-08-31,"-47,55078346","-21,57498399",4326,500,1,47,1,0,Normal,"15,22",,0,1,"24,49","24,49"
1,12,2,2,124,124,5551,5730,12,28718,2005-08-31,"-47,55247298","-21,5761047",4326,500,1,1,1,0,Normal,"11,68",,0,1,"22,72","22,72"
1,12,2,2,124,124,5552,5731,12,28718,2005-08-31,"-47,55247298","-21,5761047",4326,500,1,2,1,0,Normal,"7,61",,0,1,"17,19","17,19"
1,12,2,2,124,124,5553,5732,12,28718,2005-08-31,"-47,55247298","-21,5761047",4326,500,1,3,1,0,Normal,"13,53",,0,1,"24,4","24,4"
1,12,2,2,124,124,5554,5733,12,28718,2005-08-31,"-47,55247298","-21,5761047",4326,500,1,4,1,1,Falha,0,,0,0,,
1,12,2,2,124,124,5555,5734,12,28718,2005-08-31,"-47,55247298","-21,5761047",4326,500,1,5,1,0,Normal,"8,34",,0,1,"18,44","18,44"
1,12,2,2,124,124,5556,5735,12,28718,2005-08-31,"-47,55247298","-21,5761047",4326,500,1,6,1,0,Normal,"16,65",,0,1,"26,55","26,55"
1,12,2,2,124,124,5557,5736,12,28718,2005-08-31,"-47,55247298","-21,5761047",4326,500,1,7,1,0,Normal,"14,04",,0,1,"24,8","24,8"
1,12,2,2,124,124,5558,5737,12,28718,2005-08-31,"-47,55247298","-21,5761047",4326,500,1,8,1,0,Normal,"12,25",,0,1,"23,28","23,28"
1,12,2,2,124,124,5559,5738,12,28718,2005-08-31,"-47,55247298","-21,5761047",4326,500,1,9,1,0,Normal,"15,22",,0,1,"25,65","25,65"
1,12,2,2,124,124,5560,5739,12,28718,2005-08-31,"-47,55247298","-21,5761047",4326,500,1,10,1,0,Normal,"17,09",,0,1,"26,8","26,8"
1,12,2,2,124,124,5561,5740,12,28718,2005-08-31,"-47,55247298","-21,5761047",4326,500,1,11,1,0,Normal,"16,3",,0,1,"26,34","26,34"
1,12,2,2,124,124,5562,5741,12,28718,2005-08-31,"-47,55247298","-21,5761047",4326,500,1,12,1,0,Normal,"13,11",,0,1,"24,05","24,05"
1,12,2,2,124,124,5563,5742,12,28718,2005-08-31,"-47,55247298","-21,5761047",4326,500,1,13,1,0,Normal,"14,01",,0,1,"24,78","24,78"
1,12,2,2,124,124,5564,5743,12,28718,2005-08-31,"-47,55247298","-21,5761047",4326,500,1,14,1,0,Normal,"15,41",,0,1,"25,78","25,78"
1,12,2,2,124,124,5565,5744,12,28718,2005-08-31,"-47,55247298","-21,5761047",4326,500,1,15,1,0,Normal,"12,76",,0,1,"23,75","23,75"
1,12,2,2,124,124,5566,5745,12,28718,2005-08-31,"-47,55247298","-21,5761047",4326,500,1,16,1,0,Normal,"12,92",,0,1,"23,89","23,89"
1,12,2,2,124,124,5567,5746,12,28718,2005-08-31,"-47,55247298","-21,5761047",4326,500,1,17,1,0,Normal,"14,16",,0,1,"24,89","24,89"
1,12,2,2,124,124,5568,5747,12,28718,2005-08-31,"-47,55247298","-21,5761047",4326,500,1,18,1,0,Normal,"16,55",,0,1,"26,49","26,49"
1,12,2,2,124,124,5569,5748,12,28718,2005-08-31,"-47,55247298","-21,5761047",4326,500,1,19,1,0,Normal,"14,9",,0,1,"25,43","25,43"
1,12,2,2,124,124,5570,5749,12,28718,2005-08-31,"-47,55247298","-21,5761047",4326,500,1,20,1,0,Normal,"16,14",,0,1,"26,24","26,24"
1,12,2,2,124,124,5571,5750,12,28718,2005-08-31,"-47,55247298","-21,5761047",4326,500,1,21,1,0,Normal,"11,43",,0,1,"22,46","22,46"
1,12,2,2,124,124,5572,5751,12,28718,2005-08-31,"-47,55247298","-21,5761047",4326,500,1,22,1,0,Normal,"11,4",,0,1,"22,43","22,43"
1,12,2,2,124,124,5573,5752,12,28718,2005-08-31,"-47,55247298","-21,5761047",4326,500,1,23,1,0,Normal,"11,97","22,4",1,1,"23,01","22,4"
1,12,2,2,124,124,5574,5753,12,28718,2005-08-31,"-47,55247298","-21,5761047",4326,500,1,24,1,0,Normal,"9,93","21,5",1,1,"20,72","21,5"
1,12,2,2,124,124,5575,5754,12,28718,2005-08-31,"-47,55247298","-21,5761047",4326,500,1,25,1,0,Normal,"9,74","21,3",1,1,"20,48","21,3"
1,12,2,2,124,124,5576,5755,12,28718,2005-08-31,"-47,55247298","-21,5761047",4326,500,1,26,1,0,Normal,"14,96","25,6",1,1,"25,47","25,6"
1,12,2,2,124,124,5577,5756,12,28718,2005-08-31,"-47,55247298","-21,5761047",4326,500,1,27,1,0,Normal,"14,51",25,1,1,"25,15",25
1,12,2,2,124,124,5578,5757,12,28718,2005-08-31,"-47,55247298","-21,5761047",4326,500,1,28,1,0,Normal,"10,41","20,3",1,1,"21,32","20,3"
1,12,2,2,124,124,5579,5758,12,28718,2005-08-31,"-47,55247298","-21,5761047",4326,500,1,29,1,0,Normal,"14,77",25,1,1,"25,34",25
1,12,2,2,124,124,5580,5759,12,28718,2005-08-31,"-47,55247298","-21,5761047",4326,500,1,30,1,0,Normal,"16,55","26,6",1,1,"26,49","26,6"
1,12,2,2,124,124,5581,5760,12,28718,2005-08-31,"-47,55247298","-21,5761047",4326,500,1,31,1,0,Normal,"14,04",24,1,1,"24,8",24
1,12,2,2,124,124,5582,5761,12,28718,2005-08-31,"-47,55247298","-21,5761047",4326,500,1,32,1,2,Dominante,"19,48",27,1,1,28,27
1,12,2,2,124,124,5583,5762,12,28718,2005-08-31,"-47,55247298","-21,5761047",4326,500,1,33,1,0,Normal,"12,8",,0,1,"23,78","23,78"
1,12,2,2,124,124,5584,5763,12,28718,2005-08-31,"-47,55247298","-21,5761047",4326,500,1,34,1,0,Normal,"14,96",,0,1,"25,47","25,47"
1,12,2,2,124,124,5585,5764,12,28718,2005-08-31,"-47,55247298","-21,5761047",4326,500,1,35,1,0,Normal,"18,94",,0,1,"27,75","27,75"
1,12,2,2,124,124,5586,5765,12,28718,2005-08-31,"-47,55247298","-21,5761047",4326,500,1,36,1,2,Dominante,"19,74","28,8",1,1,"28,12","28,8"
1,12,2,2,124,124,5587,5766,12,28718,2005-08-31,"-47,55247298","-21,5761047",4326,500,1,37,1,1,Falha,0,,0,0,,
1,12,2,2,124,124,5588,5767,12,28718,2005-08-31,"-47,55247298","-21,5761047",4326,500,1,38,1,0,Normal,"15,28",,0,1,"25,69","25,69"
1,12,2,2,124,124,5589,5768,12,28718,2005-08-31,"-47,55247298","-21,5761047",4326,500,1,39,1,0,Normal,"15,44",,0,1,"25,8","25,8"
1,12,2,2,124,124,5590,5769,12,28718,2005-08-31,"-47,55247298","-21,5761047",4326,500,1,40,1,0,Normal,"16,33",,0,1,"26,36","26,36"
1,12,2,2,124,124,5591,5770,12,28718,2005-08-31,"-47,55247298","-21,5761047",4326,500,1,41,1,2,Dominante,"20,05","28,5",1,1,"28,25","28,5"
1,12,2,2,124,124,5592,5771,12,28718,2005-08-31,"-47,55247298","-21,5761047",4326,500,1,42,1,0,Normal,"12,03",,0,1,"23,07","23,07"
1,12,2,2,124,124,5593,5772,12,28718,2005-08-31,"-47,55247298","-21,5761047",4326,500,1,43,1,0,Normal,"11,78",,0,1,"22,82","22,82"
1,12,2,2,124,124,5594,5773,12,28718,2005-08-31,"-47,55247298","-21,5761047",4326,500,1,44,1,0,Normal,"8,75",,0,1,"19,08","19,08"
1,12,2,2,124,124,5595,5774,12,28718,2005-08-31,"-47,55247298","-21,5761047",4326,500,1,45,1,0,Normal,"16,55",,0,1,"26,49","26,49"
1,12,2,2,124,124,5596,5775,12,28718,2005-08-31,"-47,55247298","-21,5761047",4326,500,1,46,1,2,Dominante,"19,42",28,1,1,"27,97",28
1,12,2,2,124,124,5597,5776,12,28718,2005-08-31,"-47,55247298","-21,5761047",4326,500,1,47,1,1,Falha,0,,0,0,,
1,12,2,2,124,124,5598,5777,12,28718,2005-08-31,"-47,55247298","-21,5761047",4326,500,1,48,1,0,Normal,"17,19",,0,1,"26,86","26,86"
1,12,2,2,124,124,5599,5778,12,28718,2005-08-31,"-47,55247298","-21,5761047",4326,500,1,49,1,0,Normal,"8,47",,0,1,"18,64","18,64"
1,12,2,2,124,124,5600,5779,12,28718,2005-08-31,"-47,55247298","-21,5761047",4326,500,1,50,1,0,Normal,"17,51",,0,1,"27,03","27,03"
1,12,2,2,124,124,5601,5780,12,28718,2005-08-31,"-47,55247298","-21,5761047",4326,500,1,51,1,0,Normal,"10,03",,0,1,"20,85","20,85"
1,12,2,2,124,124,5602,5781,12,28718,2005-08-31,"-47,55247298","-21,5761047",4326,500,1,52,1,0,Normal,"18,46",,0,1,"27,52","27,52"
1,12,2,2,124,124,5603,5782,12,28718,2005-08-31,"-47,55247298","-21,5761047",4326,500,1,53,1,0,Normal,"17,35",,0,1,"26,94","26,94"
1,12,2,2,124,124,5604,5783,12,28718,2005-08-31,"-47,55247298","-21,5761047",4326,500,1,54,1,2,Dominante,"19,42","29,1",1,1,"27,97","29,1"
1,13,1,3,125,125,5605,5784,13,28719,2005-08-31,"-47,55421302","-21,58010464",4326,500,1,1,1,0,Normal,"20,69",,0,1,"24,9","24,9"
1,13,1,3,125,125,5606,5785,13,28719,2005-08-31,"-47,55421302","-21,58010464",4326,500,1,2,1,1,Falha,0,,0,0,,
1,13,1,3,125,125,5607,5786,13,28719,2005-08-31,"-47,55421302","-21,58010464",4326,500,1,3,1,0,Normal,"14,9",,0,1,"22,62","22,62"
1,13,1,3,125,125,5608,5787,13,28719,2005-08-31,"-47,55421302","-21,58010464",4326,500,1,4,1,0,Normal,"17,03",,0,1,"23,61","23,61"
1,13,1,3,125,125,5609,5788,13,28719,2005-08-31,"-47,55421302","-21,58010464",4326,500,1,5,1,1,Falha,0,,0,0,,
1,13,1,3,125,125,5610,5789,13,28719,2005-08-31,"-47,55421302","-21,58010464",4326,500,1,6,1,0,Normal,"15,28",,0,1,"22,81","22,81"
1,13,1,3,125,125,5611,5790,13,28719,2005-08-31,"-47,55421302","-21,58010464",4326,500,1,7,1,0,Normal,"20,37",,0,1,"24,81","24,81"
1,13,1,3,125,125,5612,5791,13,28719,2005-08-31,"-47,55421302","-21,58010464",4326,500,1,8,1,0,Normal,"17,03",,0,1,"23,61","23,61"
1,13,1,3,125,125,5613,5792,13,28719,2005-08-31,"-47,55421302","-21,58010464",4326,500,1,9,1,1,Falha,0,,0,0,,
1,13,1,3,125,125,5614,5793,13,28719,2005-08-31,"-47,55421302","-21,58010464",4326,500,1,10,1,0,Normal,"19,35",,0,1,"24,48","24,48"
1,13,1,3,125,125,5615,5794,13,28719,2005-08-31,"-47,55421302","-21,58010464",4326,500,1,11,1,0,Normal,"15,76",,0,1,"23,05","23,05"
1,13,1,3,125,125,5616,5795,13,28719,2005-08-31,"-47,55421302","-21,58010464",4326,500,1,12,1,0,Normal,"19,58",,0,1,"24,56","24,56"
1,13,1,3,125,125,5617,5796,13,28719,2005-08-31,"-47,55421302","-21,58010464",4326,500,1,13,1,0,Normal,"20,37",,0,1,"24,81","24,81"
1,13,1,3,125,125,5618,5797,13,28719,2005-08-31,"-47,55421302","-21,58010464",4326,500,1,14,1,0,Normal,"16,55",,0,1,"23,41","23,41"
1,13,1,3,125,125,5619,5798,13,28719,2005-08-31,"-47,55421302","-21,58010464",4326,500,1,15,1,1,Falha,0,,0,0,,
1,13,1,3,125,125,5620,5799,13,28719,2005-08-31,"-47,55421302","-21,58010464",4326,500,1,16,1,1,Falha,0,,0,0,,
1,13,1,3,125,125,5621,5800,13,28719,2005-08-31,"-47,55421302","-21,58010464",4326,500,1,17,1,1,Falha,0,,0,0,,
1,13,1,3,125,125,5622,5801,13,28719,2005-08-31,"-47,55421302","-21,58010464",4326,500,1,18,1,1,Falha,0,,0,0,,
1,13,1,3,125,125,5623,5802,13,28719,2005-08-31,"-47,55421302","-21,58010464",4326,500,1,19,1,0,Normal,"18,49",,0,1,"24,18","24,18"
1,13,1,3,125,125,5624,5803,13,28719,2005-08-31,"-47,55421302","-21,58010464",4326,500,1,20,1,2,Dominante,"21,23","25,4",1,1,"25,06","25,4"
1,13,1,3,125,125,5625,5804,13,28719,2005-08-31,"-47,55421302","-21,58010464",4326,500,1,21,1,0,Normal,"15,6",,0,1,"22,97","22,97"
1,13,1,3,125,125,5626,5805,13,28719,2005-08-31,"-47,55421302","-21,58010464",4326,500,1,22,1,1,Falha,0,,0,0,,
1,13,1,3,125,125,5627,5806,13,28719,2005-08-31,"-47,55421302","-21,58010464",4326,500,1,23,1,0,Normal,"10,19",,0,1,"19,29","19,29"
1,13,1,3,125,125,5628,5807,13,28719,2005-08-31,"-47,55421302","-21,58010464",4326,500,1,24,1,0,Normal,"18,08",24,1,1,"24,03",24
1,13,1,3,125,125,5629,5808,13,28719,2005-08-31,"-47,55421302","-21,58010464",4326,500,1,25,1,0,Normal,"19,8","24,5",1,1,"24,63","24,5"
1,13,1,3,125,125,5630,5809,13,28719,2005-08-31,"-47,55421302","-21,58010464",4326,500,1,26,1,0,Normal,"10,63",19,1,1,"19,7",19
1,13,1,3,125,125,5631,5810,13,28719,2005-08-31,"-47,55421302","-21,58010464",4326,500,1,27,1,0,Normal,"18,94",25,1,1,"24,34",25
1,13,1,3,125,125,5632,5811,13,28719,2005-08-31,"-47,55421302","-21,58010464",4326,500,1,28,1,0,Normal,"4,46","10,4",1,1,"10,11","10,4"
1,13,1,3,125,125,5633,5812,13,28719,2005-08-31,"-47,55421302","-21,58010464",4326,500,1,29,1,0,Normal,"15,6",23,1,1,"22,97",23
1,13,1,3,125,125,5634,5813,13,28719,2005-08-31,"-47,55421302","-21,58010464",4326,500,1,30,1,0,Normal,"10,35","19,2",1,1,"19,44","19,2"
1,13,1,3,125,125,5635,5814,13,28719,2005-08-31,"-47,55421302","-21,58010464",4326,500,1,31,1,0,Normal,"17,13",23,1,1,"23,65",23
1,13,1,3,125,125,5636,5815,13,28719,2005-08-31,"-47,55421302","-21,58010464",4326,500,1,32,1,2,Dominante,"21,01",25,1,1,25,25
1,13,1,3,125,125,5637,5816,13,28719,2005-08-31,"-47,55421302","-21,58010464",4326,500,1,33,1,0,Normal,"9,87","18,1",1,1,"18,98","18,1"
1,13,1,3,125,125,5638,5817,13,28719,2005-08-31,"-47,55421302","-21,58010464",4326,500,1,34,1,0,Normal,"20,69",,0,1,"24,9","24,9"
1,13,1,3,125,125,5639,5818,13,28719,2005-08-31,"-47,55421302","-21,58010464",4326,500,1,35,1,1,Falha,0,,0,0,,
1,13,1,3,125,125,5640,5819,13,28719,2005-08-31,"-47,55421302","-21,58010464",4326,500,1,36,1,0,Normal,"19,26",,0,1,"24,45","24,45"
1,13,1,3,125,125,5641,5820,13,28719,2005-08-31,"-47,55421302","-21,58010464",4326,500,1,37,1,0,Normal,"13,05",,0,1,"21,54","21,54"
1,13,1,3,125,125,5642,5821,13,28719,2005-08-31,"-47,55421302","-21,58010464",4326,500,1,38,1,0,Normal,"18,84",,0,1,"24,3","24,3"
1,13,1,3,125,125,5643,5822,13,28719,2005-08-31,"-47,55421302","-21,58010464",4326,500,1,39,1,0,Normal,"15,37",,0,1,"22,86","22,86"
1,13,1,3,125,125,5644,5823,13,28719,2005-08-31,"-47,55421302","-21,58010464",4326,500,1,40,1,1,Falha,0,,0,0,,
1,13,1,3,125,125,5645,5824,13,28719,2005-08-31,"-47,55421302","-21,58010464",4326,500,1,41,1,0,Normal,"17,98",,0,1,"23,99","23,99"
1,13,1,3,125,125,5646,5825,13,28719,2005-08-31,"-47,55421302","-21,58010464",4326,500,1,42,1,0,Normal,"3,66",,0,1,"7,86","7,86"
1,13,1,3,125,125,5647,5826,13,28719,2005-08-31,"-47,55421302","-21,58010464",4326,500,1,43,1,2,Dominante,"21,33","25,2",1,1,"25,09","25,2"
1,13,1,3,125,125,5648,5827,13,28719,2005-08-31,"-47,55421302","-21,58010464",4326,500,1,44,1,0,Normal,"16,9",,0,1,"23,56","23,56"
1,13,1,3,125,125,5649,5828,13,28719,2005-08-31,"-47,55421302","-21,58010464",4326,500,1,45,1,0,Normal,"12,73",,0,1,"21,33","21,33"
1,13,1,3,125,125,5650,5829,13,28719,2005-08-31,"-47,55421302","-21,58010464",4326,500,1,46,1,0,Normal,"18,3",,0,1,"24,11","24,11"
1,13,1,3,125,125,5651,5830,13,28719,2005-08-31,"-47,55421302","-21,58010464",4326,500,1,47,1,0,Normal,"19,74",,0,1,"24,61","24,61"
1,13,1,3,125,125,5652,5831,13,28719,2005-08-31,"-47,55421302","-21,58010464",4326,500,1,48,1,0,Normal,"16,93",,0,1,"23,57","23,57"
1,13,1,3,125,125,5653,5832,13,28719,2005-08-31,"-47,55421302","-21,58010464",4326,500,1,49,1,0,Normal,"19,74",,0,1,"24,61","24,61"
1,13,1,3,125,125,5654,5833,13,28719,2005-08-31,"-47,55421302","-21,58010464",4326,500,1,50,1,2,Dominante,22,"26,1",1,1,"25,27","26,1"
1,13,1,3,125,125,5655,5834,13,28719,2005-08-31,"-47,55421302","-21,58010464",4326,500,1,51,1,2,Dominante,"22,92",26,1,1,"25,51",26
1,13,1,3,125,125,5656,5835,13,28719,2005-08-31,"-47,55421302","-21,58010464",4326,500,1,52,1,1,Falha,0,,0,0,,
1,13,1,3,125,125,5657,5836,13,28719,2005-08-31,"-47,55421302","-21,58010464",4326,500,1,53,1,0,Normal,"15,28",,0,1,"22,81","22,81"
1,13,1,3,125,125,5658,5837,13,28719,2005-08-31,"-47,55421302","-21,58010464",4326,500,1,54,1,0,Normal,"19,16",,0,1,"24,42","24,42"
1,13,1,3,125,125,5659,5838,13,28719,2005-08-31,"-47,55421302","-21,58010464",4326,500,1,55,1,0,Normal,"16,23",,0,1,"23,26","23,26"
1,13,1,3,125,125,5660,5839,13,28719,2005-08-31,"-47,55421302","-21,58010464",4326,500,1,56,1,0,Normal,"17,03",,0,1,"23,61","23,61"
1,13,1,3,125,125,5661,5840,13,28719,2005-08-31,"-47,55421302","-21,58010464",4326,500,1,57,1,0,Normal,"18,78",,0,1,"24,28","24,28"
1,13,1,3,125,125,5662,5841,13,28719,2005-08-31,"-47,55421302","-21,58010464",4326,500,1,58,1,0,Normal,"11,08",,0,1,"20,09","20,09"
1,13,1,3,125,125,5663,5842,13,28719,2005-08-31,"-47,55421302","-21,58010464",4326,500,1,59,1,0,Normal,"7,48",,0,1,"16,08","16,08"
1,13,1,3,126,126,5664,5843,13,28720,2005-08-31,"-47,55254354","-21,58013022",4326,500,1,1,1,0,Normal,"17,19",,0,1,"24,7","24,7"
1,13,1,3,126,126,5665,5844,13,28720,2005-08-31,"-47,55254354","-21,58013022",4326,500,1,2,1,0,Normal,"16,87",,0,1,"24,58","24,58"
1,13,1,3,126,126,5666,5845,13,28720,2005-08-31,"-47,55254354","-21,58013022",4326,500,1,3,1,0,Normal,"18,08",,0,1,"25,04","25,04"
1,13,1,3,126,126,5667,5846,13,28720,2005-08-31,"-47,55254354","-21,58013022",4326,500,1,4,1,0,Normal,"19,42",,0,1,"25,49","25,49"
1,13,1,3,126,126,5668,5847,13,28720,2005-08-31,"-47,55254354","-21,58013022",4326,500,1,5,1,0,Normal,"19,1",,0,1,"25,39","25,39"
1,13,1,3,126,126,5669,5848,13,28720,2005-08-31,"-47,55254354","-21,58013022",4326,500,1,6,1,0,Normal,"17,54",,0,1,"24,84","24,84"
1,13,1,3,126,126,5670,5849,13,28720,2005-08-31,"-47,55254354","-21,58013022",4326,500,1,7,1,0,Normal,"15,41",,0,1,"23,94","23,94"
1,13,1,3,126,126,5671,5850,13,28720,2005-08-31,"-47,55254354","-21,58013022",4326,500,1,8,1,0,Normal,"20,85",,0,1,"25,91","25,91"
1,13,1,3,126,126,5672,5851,13,28720,2005-08-31,"-47,55254354","-21,58013022",4326,500,1,9,1,0,Normal,"19,74",,0,1,"25,59","25,59"
1,13,1,3,126,126,5673,5852,13,28720,2005-08-31,"-47,55254354","-21,58013022",4326,500,1,10,1,0,Normal,"11,71",,0,1,"21,75","21,75"
1,13,1,3,126,126,5674,5853,13,28720,2005-08-31,"-47,55254354","-21,58013022",4326,500,1,11,1,0,Normal,"17,19",,0,1,"24,7","24,7"
1,13,1,3,126,126,5675,5854,13,28720,2005-08-31,"-47,55254354","-21,58013022",4326,500,1,12,1,0,Normal,"16,39",,0,1,"24,38","24,38"
1,13,1,3,126,126,5676,5855,13,28720,2005-08-31,"-47,55254354","-21,58013022",4326,500,1,13,1,0,Normal,"21,33",,0,1,"26,04","26,04"
1,13,1,3,126,126,5677,5856,13,28720,2005-08-31,"-47,55254354","-21,58013022",4326,500,1,14,1,0,Normal,"20,85",,0,1,"25,91","25,91"
1,13,1,3,126,126,5678,5857,13,28720,2005-08-31,"-47,55254354","-21,58013022",4326,500,1,15,1,0,Normal,"18,46",,0,1,"25,17","25,17"
1,13,1,3,126,126,5679,5858,13,28720,2005-08-31,"-47,55254354","-21,58013022",4326,500,1,16,1,0,Normal,"18,4",,0,1,"25,15","25,15"
1,13,1,3,126,126,5680,5859,13,28720,2005-08-31,"-47,55254354","-21,58013022",4326,500,1,17,1,0,Normal,"19,35","25,1",1,1,"25,47","25,1"
1,13,1,3,126,126,5681,5860,13,28720,2005-08-31,"-47,55254354","-21,58013022",4326,500,1,18,1,1,Falha,0,,0,0,,
1,13,1,3,126,126,5682,5861,13,28720,2005-08-31,"-47,55254354","-21,58013022",4326,500,1,19,1,2,Dominante,"22,92","26,6",1,1,"26,44","26,6"
1,13,1,3,126,126,5683,5862,13,28720,2005-08-31,"-47,55254354","-21,58013022",4326,500,1,20,1,0,Normal,"18,46","24,7",1,1,"25,17","24,7"
1,13,1,3,126,126,5684,5863,13,28720,2005-08-31,"-47,55254354","-21,58013022",4326,500,1,21,1,3,Bifurcada Abaixo,"17,13",25,1,1,"24,68",25
1,13,1,3,126,126,5684,5864,13,28720,2005-08-31,"-47,55254354","-21,58013022",4326,500,1,21,2,3,Bifurcada Abaixo,"10,35","20,5",1,1,"20,63","20,5"
1,13,1,3,126,126,5685,5865,13,28720,2005-08-31,"-47,55254354","-21,58013022",4326,500,1,22,1,1,Falha,0,,0,0,,
1,13,1,3,126,126,5686,5866,13,28720,2005-08-31,"-47,55254354","-21,58013022",4326,500,1,23,1,0,Normal,"17,35","24,9",1,1,"24,77","24,9"
1,13,1,3,126,126,5687,5867,13,28720,2005-08-31,"-47,55254354","-21,58013022",4326,500,1,24,1,0,Normal,"20,05","25,5",1,1,"25,68","25,5"
1,13,1,3,126,126,5688,5868,13,28720,2005-08-31,"-47,55254354","-21,58013022",4326,500,1,25,1,0,Normal,"16,62",25,1,1,"24,47",25
1,13,1,3,126,126,5689,5869,13,28720,2005-08-31,"-47,55254354","-21,58013022",4326,500,1,26,1,2,Dominante,"23,24","26,1",1,1,"26,52","26,1"
1,13,1,3,126,126,5690,5870,13,28720,2005-08-31,"-47,55254354","-21,58013022",4326,500,1,27,1,1,Falha,0,,0,0,,
1,13,1,3,126,126,5691,5871,13,28720,2005-08-31,"-47,55254354","-21,58013022",4326,500,1,28,1,2,Dominante,"26,1",27,1,1,"27,11",27
1,13,1,3,126,126,5692,5872,13,28720,2005-08-31,"-47,55254354","-21,58013022",4326,500,1,29,1,0,Normal,"20,21",26,1,1,"25,73",26
1,13,1,3,126,126,5693,5873,13,28720,2005-08-31,"-47,55254354","-21,58013022",4326,500,1,30,1,2,Dominante,"22,92","26,2",1,1,"26,44","26,2"
1,13,1,3,126,126,5694,5874,13,28720,2005-08-31,"-47,55254354","-21,58013022",4326,500,1,31,1,0,Normal,"20,05",,0,1,"25,68","25,68"
1,13,1,3,126,126,5695,5875,13,28720,2005-08-31,"-47,55254354","-21,58013022",4326,500,1,32,1,0,Normal,"17,51",,0,1,"24,83","24,83"
1,13,1,3,126,126,5696,5876,13,28720,2005-08-31,"-47,55254354","-21,58013022",4326,500,1,33,1,0,Normal,"19,1",,0,1,"25,39","25,39"
1,13,1,3,126,126,5697,5877,13,28720,2005-08-31,"-47,55254354","-21,58013022",4326,500,1,34,1,0,Normal,7,,0,1,"16,61","16,61"
1,13,1,3,126,126,5698,5878,13,28720,2005-08-31,"-47,55254354","-21,58013022",4326,500,1,35,1,0,Normal,"21,96",,0,1,"26,21","26,21"
1,13,1,3,126,126,5699,5879,13,28720,2005-08-31,"-47,55254354","-21,58013022",4326,500,1,36,1,2,Dominante,"23,55","27,1",1,1,"26,59","27,1"
1,13,1,3,126,126,5700,5880,13,28720,2005-08-31,"-47,55254354","-21,58013022",4326,500,1,37,1,1,Falha,0,,0,0,,
1,13,1,3,126,126,5701,5881,13,28720,2005-08-31,"-47,55254354","-21,58013022",4326,500,1,38,1,1,Falha,0,,0,0,,
1,13,1,3,126,126,5702,5882,13,28720,2005-08-31,"-47,55254354","-21,58013022",4326,500,1,39,1,0,Normal,"15,28",,0,1,"23,88","23,88"
1,13,1,3,126,126,5703,5883,13,28720,2005-08-31,"-47,55254354","-21,58013022",4326,500,1,40,1,1,Falha,0,,0,0,,
1,13,1,3,126,126,5704,5884,13,28720,2005-08-31,"-47,55254354","-21,58013022",4326,500,1,41,1,1,Falha,0,,0,0,,
1,13,1,3,126,126,5705,5885,13,28720,2005-08-31,"-47,55254354","-21,58013022",4326,500,1,42,1,0,Normal,"19,89",,0,1,"25,63","25,63"
1,13,1,3,126,126,5706,5886,13,28720,2005-08-31,"-47,55254354","-21,58013022",4326,500,1,43,1,0,Normal,"18,72",,0,1,"25,26","25,26"
1,13,1,3,126,126,5707,5887,13,28720,2005-08-31,"-47,55254354","-21,58013022",4326,500,1,44,1,0,Normal,"21,33",,0,1,"26,04","26,04"
1,13,1,3,127,127,5708,5888,13,28721,2005-08-31,"-47,55251617","-21,57856876",4326,500,1,1,1,0,Normal,"19,74",,0,1,"25,72","25,72"
1,13,1,3,127,127,5709,5889,13,28721,2005-08-31,"-47,55251617","-21,57856876",4326,500,1,2,1,0,Normal,"15,15",,0,1,"23,61","23,61"
1,13,1,3,127,127,5710,5890,13,28721,2005-08-31,"-47,55251617","-21,57856876",4326,500,1,3,1,0,Normal,"10,25",,0,1,"19,79","19,79"
1,13,1,3,127,127,5711,5891,13,28721,2005-08-31,"-47,55251617","-21,57856876",4326,500,1,4,1,0,Normal,"20,09",,0,1,"25,84","25,84"
1,13,1,3,127,127,5712,5892,13,28721,2005-08-31,"-47,55251617","-21,57856876",4326,500,1,5,1,2,Dominante,"22,28",26,1,1,"26,56",26
1,13,1,3,127,127,5713,5893,13,28721,2005-08-31,"-47,55251617","-21,57856876",4326,500,1,6,1,1,Falha,0,,0,0,,
1,13,1,3,127,127,5714,5894,13,28721,2005-08-31,"-47,55251617","-21,57856876",4326,500,1,7,1,1,Falha,0,,0,0,,
1,13,1,3,127,127,5715,5895,13,28721,2005-08-31,"-47,55251617","-21,57856876",4326,500,1,8,1,0,Normal,"18,94",,0,1,"25,41","25,41"
1,13,1,3,127,127,5716,5896,13,28721,2005-08-31,"-47,55251617","-21,57856876",4326,500,1,9,1,0,Normal,"21,33",,0,1,"26,26","26,26"
1,13,1,3,127,127,5717,5897,13,28721,2005-08-31,"-47,55251617","-21,57856876",4326,500,1,10,1,1,Falha,0,,0,0,,
1,13,1,3,127,127,5718,5898,13,28721,2005-08-31,"-47,55251617","-21,57856876",4326,500,1,11,1,1,Falha,0,,0,0,,
1,13,1,3,127,127,5719,5899,13,28721,2005-08-31,"-47,55251617","-21,57856876",4326,500,1,12,1,0,Normal,"19,99",,0,1,"25,81","25,81"
1,13,1,3,127,127,5720,5900,13,28721,2005-08-31,"-47,55251617","-21,57856876",4326,500,1,13,1,1,Falha,0,,0,0,,
1,13,1,3,127,127,5721,5901,13,28721,2005-08-31,"-47,55251617","-21,57856876",4326,500,1,14,1,0,Normal,"14,64",,0,1,"23,3","23,3"
1,13,1,3,127,127,5722,5902,13,28721,2005-08-31,"-47,55251617","-21,57856876",4326,500,1,15,1,0,Normal,"21,68",,0,1,"26,38","26,38"
1,13,1,3,127,127,5723,5903,13,28721,2005-08-31,"-47,55251617","-21,57856876",4326,500,1,16,1,0,Normal,"21,01",,0,1,"26,16","26,16"
1,13,1,3,127,127,5724,5904,13,28721,2005-08-31,"-47,55251617","-21,57856876",4326,500,1,17,1,1,Falha,0,,0,0,,
1,13,1,3,127,127,5725,5905,13,28721,2005-08-31,"-47,55251617","-21,57856876",4326,500,1,18,1,0,Normal,"21,8",,0,1,"26,41","26,41"
1,13,1,3,127,127,5726,5906,13,28721,2005-08-31,"-47,55251617","-21,57856876",4326,500,1,19,1,2,Dominante,"25,08","27,3",1,1,"27,31","27,3"
1,13,1,3,127,127,5727,5907,13,28721,2005-08-31,"-47,55251617","-21,57856876",4326,500,1,20,1,1,Falha,0,,0,0,,
1,13,1,3,127,127,5728,5908,13,28721,2005-08-31,"-47,55251617","-21,57856876",4326,500,1,21,1,0,Normal,"21,01","26,8",1,1,"26,16","26,8"
1,13,1,3,127,127,5729,5909,13,28721,2005-08-31,"-47,55251617","-21,57856876",4326,500,1,22,1,0,Normal,"17,98","25,5",1,1,"25,01","25,5"
1,13,1,3,127,127,5730,5910,13,28721,2005-08-31,"-47,55251617","-21,57856876",4326,500,1,23,1,1,Falha,0,,0,0,,
1,13,1,3,127,127,5731,5911,13,28721,2005-08-31,"-47,55251617","-21,57856876",4326,500,1,24,1,0,Normal,"18,46","25,6",1,1,"25,22","25,6"
1,13,1,3,127,127,5732,5912,13,28721,2005-08-31,"-47,55251617","-21,57856876",4326,500,1,25,1,0,Normal,"14,01",23,1,1,"22,91",23
1,13,1,3,127,127,5733,5913,13,28721,2005-08-31,"-47,55251617","-21,57856876",4326,500,1,26,1,0,Normal,"15,44",25,1,1,"23,77",25
1,13,1,3,127,127,5734,5914,13,28721,2005-08-31,"-47,55251617","-21,57856876",4326,500,1,27,1,0,Normal,"19,99",26,1,1,"25,81",26
1,13,1,3,127,127,5735,5915,13,28721,2005-08-31,"-47,55251617","-21,57856876",4326,500,1,28,1,0,Normal,"16,81","24,2",1,1,"24,48","24,2"
1,13,1,3,127,127,5736,5916,13,28721,2005-08-31,"-47,55251617","-21,57856876",4326,500,1,29,1,0,Normal,"17,41","24,6",1,1,"24,76","24,6"
1,13,1,3,127,127,5737,5917,13,28721,2005-08-31,"-47,55251617","-21,57856876",4326,500,1,30,1,0,Normal,"17,51","24,9",1,1,"24,81","24,9"
1,13,1,3,127,127,5738,5918,13,28721,2005-08-31,"-47,55251617","-21,57856876",4326,500,1,31,1,0,Normal,"11,78","20,5",1,1,"21,24","20,5"
1,13,1,3,127,127,5739,5919,13,28721,2005-08-31,"-47,55251617","-21,57856876",4326,500,1,32,1,0,Normal,"19,13",,0,1,"25,49","25,49"
1,13,1,3,127,127,5740,5920,13,28721,2005-08-31,"-47,55251617","-21,57856876",4326,500,1,33,1,0,Normal,"19,35",,0,1,"25,57","25,57"
1,13,1,3,127,127,5741,5921,13,28721,2005-08-31,"-47,55251617","-21,57856876",4326,500,1,34,1,0,Normal,"19,1",,0,1,"25,47","25,47"
1,13,1,3,127,127,5742,5922,13,28721,2005-08-31,"-47,55251617","-21,57856876",4326,500,1,35,1,0,Normal,"16,39",,0,1,"24,27","24,27"
1,13,1,3,127,127,5743,5923,13,28721,2005-08-31,"-47,55251617","-21,57856876",4326,500,1,36,1,7,Bifurcada Acima,"11,52",,0,1,"21,02","21,02"
1,13,1,3,127,127,5744,5924,13,28721,2005-08-31,"-47,55251617","-21,57856876",4326,500,1,37,1,0,Normal,"17,95",,0,1,25,25
1,13,1,3,127,127,5745,5925,13,28721,2005-08-31,"-47,55251617","-21,57856876",4326,500,1,38,1,2,Dominante,"23,4",27,1,1,"26,88",27
1,13,1,3,127,127,5746,5926,13,28721,2005-08-31,"-47,55251617","-21,57856876",4326,500,1,39,1,0,Normal,"20,53",,0,1,26,26
1,13,1,3,127,127,5747,5927,13,28721,2005-08-31,"-47,55251617","-21,57856876",4326,500,1,40,1,1,Falha,0,,0,0,,
1,13,1,3,127,127,5748,5928,13,28721,2005-08-31,"-47,55251617","-21,57856876",4326,500,1,41,1,1,Falha,0,,0,0,,
1,13,1,3,127,127,5749,5929,13,28721,2005-08-31,"-47,55251617","-21,57856876",4326,500,1,42,1,2,Dominante,"22,28","25,8",1,1,"26,56","25,8"
1,13,1,3,127,127,5750,5930,13,28721,2005-08-31,"-47,55251617","-21,57856876",4326,500,1,43,1,0,Normal,"20,31",,0,1,"25,92","25,92"
1,13,1,3,127,127,5751,5931,13,28721,2005-08-31,"-47,55251617","-21,57856876",4326,500,1,44,1,0,Normal,"19,86",,0,1,"25,76","25,76"
1,13,1,3,127,127,5752,5932,13,28721,2005-08-31,"-47,55251617","-21,57856876",4326,500,1,45,1,1,Falha,0,,0,0,,
1,13,1,3,127,127,5753,5933,13,28721,2005-08-31,"-47,55251617","-21,57856876",4326,500,1,46,1,0,Normal,"14,32",,0,1,"23,11","23,11"
1,13,1,3,127,127,5754,5934,13,28721,2005-08-31,"-47,55251617","-21,57856876",4326,500,1,47,1,2,Dominante,"22,92",26,1,1,"26,75",26
1,13,1,3,127,127,5755,5935,13,28721,2005-08-31,"-47,55251617","-21,57856876",4326,500,1,48,1,1,Falha,0,,0,0,,
1,13,1,3,127,127,5756,5936,13,28721,2005-08-31,"-47,55251617","-21,57856876",4326,500,1,49,1,0,Normal,"19,35",,0,1,"25,57","25,57"
1,13,1,3,127,127,5757,5937,13,28721,2005-08-31,"-47,55251617","-21,57856876",4326,500,1,50,1,0,Normal,"17,51",,0,1,"24,81","24,81"
1,13,1,3,128,128,5758,5938,13,28722,2005-08-31,"-47,5508467","-21,57859432",4326,500,1,1,1,0,Normal,"20,59",,0,1,"26,18","26,18"
1,13,1,3,128,128,5759,5939,13,28722,2005-08-31,"-47,5508467","-21,57859432",4326,500,1,2,1,0,Normal,"18,62",,0,1,"25,28","25,28"
1,13,1,3,128,128,5760,5940,13,28722,2005-08-31,"-47,5508467","-21,57859432",4326,500,1,3,1,2,Dominante,"24,22","27,8",1,1,"27,5","27,8"
1,13,1,3,128,128,5761,5941,13,28722,2005-08-31,"-47,5508467","-21,57859432",4326,500,1,4,1,0,Normal,"18,3",,0,1,"25,12","25,12"
1,13,1,3,128,128,5762,5942,13,28722,2005-08-31,"-47,5508467","-21,57859432",4326,500,1,5,1,0,Normal,"19,64",,0,1,"25,77","25,77"
1,13,1,3,128,128,5763,5943,13,28722,2005-08-31,"-47,5508467","-21,57859432",4326,500,1,6,1,0,Normal,"19,1",,0,1,"25,52","25,52"
1,13,1,3,128,128,5764,5944,13,28722,2005-08-31,"-47,5508467","-21,57859432",4326,500,1,7,1,0,Normal,"9,87",,0,1,"18,32","18,32"
1,13,1,3,128,128,5765,5945,13,28722,2005-08-31,"-47,5508467","-21,57859432",4326,500,1,8,1,0,Normal,"22,38",,0,1,"26,88","26,88"
1,13,1,3,128,128,5766,5946,13,28722,2005-08-31,"-47,5508467","-21,57859432",4326,500,1,9,1,1,Falha,0,,0,0,,
1,13,1,3,128,128,5767,5947,13,28722,2005-08-31,"-47,5508467","-21,57859432",4326,500,1,10,1,1,Falha,0,,0,0,,
1,13,1,3,128,128,5768,5948,13,28722,2005-08-31,"-47,5508467","-21,57859432",4326,500,1,11,1,2,Dominante,"24,35","27,5",1,1,"27,54","27,5"
1,13,1,3,128,128,5769,5949,13,28722,2005-08-31,"-47,5508467","-21,57859432",4326,500,1,12,1,0,Normal,"21,01",,0,1,"26,35","26,35"
1,13,1,3,128,128,5770,5950,13,28722,2005-08-31,"-47,5508467","-21,57859432",4326,500,1,13,1,0,Normal,"10,44",,0,1,"19,02","19,02"
1,13,1,3,128,128,5771,5951,13,28722,2005-08-31,"-47,5508467","-21,57859432",4326,500,1,14,1,0,Normal,"17,19",,0,1,"24,53","24,53"
1,13,1,3,128,128,5772,5952,13,28722,2005-08-31,"-47,5508467","-21,57859432",4326,500,1,15,1,1,Falha,0,,0,0,,
1,13,1,3,128,128,5773,5953,13,28722,2005-08-31,"-47,5508467","-21,57859432",4326,500,1,16,1,1,Falha,0,,0,0,,
1,13,1,3,128,128,5774,5954,13,28722,2005-08-31,"-47,5508467","-21,57859432",4326,500,1,17,1,1,Falha,0,,0,0,,
1,13,1,3,128,128,5775,5955,13,28722,2005-08-31,"-47,5508467","-21,57859432",4326,500,1,18,1,0,Normal,"16,55",,0,1,"24,16","24,16"
1,13,1,3,128,128,5776,5956,13,28722,2005-08-31,"-47,5508467","-21,57859432",4326,500,1,19,1,1,Falha,0,,0,0,,
1,13,1,3,128,128,5777,5957,13,28722,2005-08-31,"-47,5508467","-21,57859432",4326,500,1,20,1,1,Falha,0,,0,0,,
1,13,1,3,128,128,5778,5958,13,28722,2005-08-31,"-47,5508467","-21,57859432",4326,500,1,21,1,1,Falha,0,,0,0,,
1,13,1,3,128,128,5779,5959,13,28722,2005-08-31,"-47,5508467","-21,57859432",4326,500,1,22,1,0,Normal,"19,42","26,6",1,1,"25,67","26,6"
1,13,1,3,128,128,5780,5960,13,28722,2005-08-31,"-47,5508467","-21,57859432",4326,500,1,23,1,2,Dominante,"23,55","26,7",1,1,"27,28","26,7"
1,13,1,3,128,128,5781,5961,13,28722,2005-08-31,"-47,5508467","-21,57859432",4326,500,1,24,1,0,Normal,"20,69",27,1,1,"26,22",27
1,13,1,3,128,128,5782,5962,13,28722,2005-08-31,"-47,5508467","-21,57859432",4326,500,1,25,1,2,Dominante,"25,69","28,4",1,1,"27,94","28,4"
1,13,1,3,128,128,5783,5963,13,28722,2005-08-31,"-47,5508467","-21,57859432",4326,500,1,26,1,0,Normal,"14,87","22,4",1,1,"23,07","22,4"
1,13,1,3,128,128,5784,5964,13,28722,2005-08-31,"-47,5508467","-21,57859432",4326,500,1,27,1,0,Normal,"21,49","25,8",1,1,"26,54","25,8"
1,13,1,3,128,128,5785,5965,13,28722,2005-08-31,"-47,5508467","-21,57859432",4326,500,1,28,1,0,Normal,"17,51",25,1,1,"24,71",25
1,13,1,3,128,128,5786,5966,13,28722,2005-08-31,"-47,5508467","-21,57859432",4326,500,1,29,1,1,Falha,0,,0,0,,
1,13,1,3,128,128,5787,5967,13,28722,2005-08-31,"-47,5508467","-21,57859432",4326,500,1,30,1,0,Normal,"22,63",27,1,1,"26,97",27
1,13,1,3,128,128,5788,5968,13,28722,2005-08-31,"-47,5508467","-21,57859432",4326,500,1,31,1,0,Normal,"20,05",26,1,1,"25,95",26
1,13,1,3,128,128,5789,5969,13,28722,2005-08-31,"-47,5508467","-21,57859432",4326,500,1,32,1,0,Normal,"19,48",26,1,1,"25,69",26
1,13,1,3,128,128,5790,5970,13,28722,2005-08-31,"-47,5508467","-21,57859432",4326,500,1,33,1,0,Normal,"15,92",,0,1,"23,77","23,77"
1,13,1,3,128,128,5791,5971,13,28722,2005-08-31,"-47,5508467","-21,57859432",4326,500,1,34,1,0,Normal,"16,23",,0,1,"23,97","23,97"
1,13,1,3,128,128,5792,5972,13,28722,2005-08-31,"-47,5508467","-21,57859432",4326,500,1,35,1,0,Normal,"21,33",,0,1,"26,48","26,48"
1,13,1,3,128,128,5793,5973,13,28722,2005-08-31,"-47,5508467","-21,57859432",4326,500,1,36,1,0,Normal,"16,23",,0,1,"23,97","23,97"
1,13,1,3,128,128,5794,5974,13,28722,2005-08-31,"-47,5508467","-21,57859432",4326,500,1,37,1,0,Normal,"21,01",,0,1,"26,35","26,35"
1,13,1,3,128,128,5795,5975,13,28722,2005-08-31,"-47,5508467","-21,57859432",4326,500,1,38,1,0,Normal,"20,59",,0,1,"26,18","26,18"
1,13,1,3,128,128,5796,5976,13,28722,2005-08-31,"-47,5508467","-21,57859432",4326,500,1,39,1,0,Normal,"21,01",,0,1,"26,35","26,35"
1,13,1,3,128,128,5797,5977,13,28722,2005-08-31,"-47,5508467","-21,57859432",4326,500,1,40,1,0,Normal,"19,67",,0,1,"25,78","25,78"
1,13,1,3,128,128,5798,5978,13,28722,2005-08-31,"-47,5508467","-21,57859432",4326,500,1,41,1,2,Dominante,"24,99","26,6",1,1,"27,74","26,6"
1,13,1,3,128,128,5799,5979,13,28722,2005-08-31,"-47,5508467","-21,57859432",4326,500,1,42,1,1,Falha,0,,0,0,,
1,13,1,3,128,128,5800,5980,13,28722,2005-08-31,"-47,5508467","-21,57859432",4326,500,1,43,1,1,Falha,0,,0,0,,
1,13,1,3,128,128,5801,5981,13,28722,2005-08-31,"-47,5508467","-21,57859432",4326,500,1,44,1,0,Normal,"4,39",,0,1,"7,78","7,78"
1,13,1,3,128,128,5802,5982,13,28722,2005-08-31,"-47,5508467","-21,57859432",4326,500,1,45,1,0,Normal,"18,14",,0,1,"25,04","25,04"
1,13,1,3,128,128,5803,5983,13,28722,2005-08-31,"-47,5508467","-21,57859432",4326,500,1,46,1,0,Normal,"17,03",,0,1,"24,44","24,44"
1,13,1,3,129,129,5804,5984,13,28723,2005-08-31,"-47,54917723","-21,57861987",4326,500,1,1,1,0,Normal,"16,55",,0,1,"24,32","24,32"
1,13,1,3,129,129,5805,5985,13,28723,2005-08-31,"-47,54917723","-21,57861987",4326,500,1,2,1,2,Dominante,"23,55","27,6",1,1,"27,37","27,6"
1,13,1,3,129,129,5806,5986,13,28723,2005-08-31,"-47,54917723","-21,57861987",4326,500,1,3,1,0,Normal,"21,01",,0,1,"26,46","26,46"
1,13,1,3,129,129,5807,5987,13,28723,2005-08-31,"-47,54917723","-21,57861987",4326,500,1,4,1,0,Normal,"21,39",,0,1,"26,61","26,61"
1,13,1,3,129,129,5808,5988,13,28723,2005-08-31,"-47,54917723","-21,57861987",4326,500,1,5,1,1,Falha,0,,0,0,,
1,13,1,3,129,129,5809,5989,13,28723,2005-08-31,"-47,54917723","-21,57861987",4326,500,1,6,1,0,Normal,"14,64",,0,1,"23,09","23,09"
1,13,1,3,129,129,5810,5990,13,28723,2005-08-31,"-47,54917723","-21,57861987",4326,500,1,7,1,2,Dominante,"24,35","27,3",1,1,"27,62","27,3"
1,13,1,3,129,129,5811,5991,13,28723,2005-08-31,"-47,54917723","-21,57861987",4326,500,1,8,1,0,Normal,"18,46",,0,1,"25,34","25,34"
1,13,1,3,129,129,5812,5992,13,28723,2005-08-31,"-47,54917723","-21,57861987",4326,500,1,9,1,0,Normal,"22,35",,0,1,"26,96","26,96"
1,13,1,3,129,129,5813,5993,13,28723,2005-08-31,"-47,54917723","-21,57861987",4326,500,1,10,1,0,Normal,"11,46",,0,1,"20,39","20,39"
1,13,1,3,129,129,5814,5994,13,28723,2005-08-31,"-47,54917723","-21,57861987",4326,500,1,11,1,0,Normal,"17,22",,0,1,"24,7","24,7"
1,13,1,3,129,129,5815,5995,13,28723,2005-08-31,"-47,54917723","-21,57861987",4326,500,1,12,1,0,Normal,"19,42",,0,1,"25,79","25,79"
1,13,1,3,129,129,5816,5996,13,28723,2005-08-31,"-47,54917723","-21,57861987",4326,500,1,13,1,1,Falha,0,,0,0,,
1,13,1,3,129,129,5817,5997,13,28723,2005-08-31,"-47,54917723","-21,57861987",4326,500,1,14,1,2,Dominante,"24,41",28,1,1,"27,64",28
1,13,1,3,129,129,5818,5998,13,28723,2005-08-31,"-47,54917723","-21,57861987",4326,500,1,15,1,0,Normal,"19,74",,0,1,"25,93","25,93"
1,13,1,3,129,129,5819,5999,13,28723,2005-08-31,"-47,54917723","-21,57861987",4326,500,1,16,1,1,Falha,0,,0,0,,
1,13,1,3,129,129,5820,6000,13,28723,2005-08-31,"-47,54917723","-21,57861987",4326,500,1,17,1,0,Normal,"18,78",,0,1,"25,49","25,49"
1,13,1,3,129,129,5821,6001,13,28723,2005-08-31,"-47,54917723","-21,57861987",4326,500,1,18,1,2,Dominante,"23,71","27,9",1,1,"27,42","27,9"
1,13,1,3,129,129,5822,6002,13,28723,2005-08-31,"-47,54917723","-21,57861987",4326,500,1,19,1,0,Normal,"3,18",,0,1,"4,58","4,58"
1,13,1,3,129,129,5823,6003,13,28723,2005-08-31,"-47,54917723","-21,57861987",4326,500,1,20,1,1,Falha,0,,0,0,,
1,13,1,3,129,129,5824,6004,13,28723,2005-08-31,"-47,54917723","-21,57861987",4326,500,1,21,1,1,Falha,0,,0,0,,
1,13,1,3,129,129,5825,6005,13,28723,2005-08-31,"-47,54917723","-21,57861987",4326,500,1,22,1,0,Normal,"20,12",,0,1,"26,09","26,09"
1,13,1,3,129,129,5826,6006,13,28723,2005-08-31,"-47,54917723","-21,57861987",4326,500,1,23,1,0,Normal,"20,09",26,1,1,"26,08",26
1,13,1,3,129,129,5827,6007,13,28723,2005-08-31,"-47,54917723","-21,57861987",4326,500,1,24,1,1,Falha,0,,0,0,,
1,13,1,3,129,129,5828,6008,13,28723,2005-08-31,"-47,54917723","-21,57861987",4326,500,1,25,1,0,Normal,"19,35","25,4",1,1,"25,76","25,4"
1,13,1,3,129,129,5829,6009,13,28723,2005-08-31,"-47,54917723","-21,57861987",4326,500,1,26,1,0,Normal,"7,54","15,2",1,1,"15,13","15,2"
1,13,1,3,129,129,5830,6010,13,28723,2005-08-31,"-47,54917723","-21,57861987",4326,500,1,27,1,0,Normal,"21,96",28,1,1,"26,82",28
1,13,1,3,129,129,5831,6011,13,28723,2005-08-31,"-47,54917723","-21,57861987",4326,500,1,28,1,0,Normal,"22,98",27,1,1,"27,18",27
1,13,1,3,129,129,5832,6012,13,28723,2005-08-31,"-47,54917723","-21,57861987",4326,500,1,29,1,0,Normal,"21,42","27,4",1,1,"26,62","27,4"
1,13,1,3,129,129,5833,6013,13,28723,2005-08-31,"-47,54917723","-21,57861987",4326,500,1,30,1,0,Normal,"12,96",21,1,1,"21,79",21
1,13,1,3,129,129,5834,6014,13,28723,2005-08-31,"-47,54917723","-21,57861987",4326,500,1,31,1,0,Normal,"6,21",13,1,1,"12,55",13
1,13,1,3,129,129,5835,6015,13,28723,2005-08-31,"-47,54917723","-21,57861987",4326,500,1,32,1,0,Normal,"7,96","15,5",1,1,"15,84","15,5"
1,13,1,3,129,129,5836,6016,13,28723,2005-08-31,"-47,54917723","-21,57861987",4326,500,1,33,1,0,Normal,"13,37",21,1,1,"22,13",21
1,13,1,3,129,129,5837,6017,13,28723,2005-08-31,"-47,54917723","-21,57861987",4326,500,1,34,1,0,Normal,"10,5",,0,1,"19,35","19,35"
1,13,1,3,129,129,5838,6018,13,28723,2005-08-31,"-47,54917723","-21,57861987",4326,500,1,35,1,1,Falha,0,,0,0,,
1,13,1,3,129,129,5839,6019,13,28723,2005-08-31,"-47,54917723","-21,57861987",4326,500,1,36,1,0,Normal,"18,84",,0,1,"25,52","25,52"
1,13,1,3,129,129,5840,6020,13,28723,2005-08-31,"-47,54917723","-21,57861987",4326,500,1,37,1,0,Normal,"18,14",,0,1,"25,18","25,18"
1,13,1,3,129,129,5841,6021,13,28723,2005-08-31,"-47,54917723","-21,57861987",4326,500,1,38,1,0,Normal,"14,04",,0,1,"22,65","22,65"
1,13,1,3,129,129,5842,6022,13,28723,2005-08-31,"-47,54917723","-21,57861987",4326,500,1,39,1,0,Normal,"17,51",,0,1,"24,85","24,85"
1,13,1,3,129,129,5843,6023,13,28723,2005-08-31,"-47,54917723","-21,57861987",4326,500,1,40,1,0,Normal,"20,69",,0,1,"26,33","26,33"
1,13,1,3,129,129,5844,6024,13,28723,2005-08-31,"-47,54917723","-21,57861987",4326,500,1,41,1,0,Normal,"18,56",,0,1,"25,39","25,39"
1,13,1,3,129,129,5845,6025,13,28723,2005-08-31,"-47,54917723","-21,57861987",4326,500,1,42,1,0,Normal,"19,74",,0,1,"25,93","25,93"
1,13,1,3,129,129,5846,6026,13,28723,2005-08-31,"-47,54917723","-21,57861987",4326,500,1,43,1,0,Normal,"17,89",,0,1,"25,05","25,05"
1,13,1,3,129,129,5847,6027,13,28723,2005-08-31,"-47,54917723","-21,57861987",4326,500,1,44,1,0,Normal,"20,28",,0,1,"26,16","26,16"
1,13,1,3,129,129,5848,6028,13,28723,2005-08-31,"-47,54917723","-21,57861987",4326,500,1,45,1,0,Normal,"18,78",,0,1,"25,49","25,49"
1,13,1,3,129,129,5849,6029,13,28723,2005-08-31,"-47,54917723","-21,57861987",4326,500,1,46,1,0,Normal,"13,05",,0,1,"21,86","21,86"
1,13,1,3,129,129,5850,6030,13,28723,2005-08-31,"-47,54917723","-21,57861987",4326,500,1,47,1,1,Falha,0,,0,0,,
1,13,1,3,129,129,5851,6031,13,28723,2005-08-31,"-47,54917723","-21,57861987",4326,500,1,48,1,0,Normal,"21,65",,0,1,"26,7","26,7"
1,13,1,3,129,129,5852,6032,13,28723,2005-08-31,"-47,54917723","-21,57861987",4326,500,1,49,1,2,Dominante,"24,86","27,5",1,1,"27,77","27,5"
1,13,1,3,131,131,5907,6087,13,28725,2005-08-31,"-47,54920457","-21,58018135",4326,500,1,1,1,0,Normal,"15,6",,0,1,"23,95","23,95"
1,13,1,3,131,131,5908,6088,13,28725,2005-08-31,"-47,54920457","-21,58018135",4326,500,1,2,1,0,Normal,"20,12",,0,1,"25,1","25,1"
1,13,1,3,131,131,5909,6089,13,28725,2005-08-31,"-47,54920457","-21,58018135",4326,500,1,3,1,1,Falha,0,,0,0,,
1,13,1,3,131,131,5910,6090,13,28725,2005-08-31,"-47,54920457","-21,58018135",4326,500,1,4,1,2,Dominante,"21,96","25,6",1,1,"25,44","25,6"
1,13,1,3,131,131,5911,6091,13,28725,2005-08-31,"-47,54920457","-21,58018135",4326,500,1,5,1,0,Normal,"20,69",,0,1,"25,21","25,21"
1,13,1,3,131,131,5912,6092,13,28725,2005-08-31,"-47,54920457","-21,58018135",4326,500,1,6,1,0,Normal,"19,8",,0,1,"25,03","25,03"
1,13,1,3,131,131,5913,6093,13,28725,2005-08-31,"-47,54920457","-21,58018135",4326,500,1,7,1,0,Normal,"16,17",,0,1,"24,13","24,13"
1,13,1,3,131,131,5914,6094,13,28725,2005-08-31,"-47,54920457","-21,58018135",4326,500,1,8,1,0,Normal,"18,94",,0,1,"24,85","24,85"
1,13,1,3,131,131,5915,6095,13,28725,2005-08-31,"-47,54920457","-21,58018135",4326,500,1,9,1,0,Normal,"21,33",,0,1,"25,33","25,33"
1,13,1,3,131,131,5916,6096,13,28725,2005-08-31,"-47,54920457","-21,58018135",4326,500,1,10,1,0,Normal,"19,45",,0,1,"24,96","24,96"
1,13,1,3,131,131,5917,6097,13,28725,2005-08-31,"-47,54920457","-21,58018135",4326,500,1,11,1,0,Normal,"6,53",,0,1,"17,95","17,95"
1,13,1,3,131,131,5918,6098,13,28725,2005-08-31,"-47,54920457","-21,58018135",4326,500,1,12,1,2,Dominante,22,"25,4",1,1,"25,45","25,4"
1,13,1,3,131,131,5919,6099,13,28725,2005-08-31,"-47,54920457","-21,58018135",4326,500,1,13,1,0,Normal,"20,37",,0,1,"25,15","25,15"
1,13,1,3,131,131,5920,6100,13,28725,2005-08-31,"-47,54920457","-21,58018135",4326,500,1,14,1,0,Normal,"17,19",,0,1,"24,42","24,42"
1,13,1,3,131,131,5921,6101,13,28725,2005-08-31,"-47,54920457","-21,58018135",4326,500,1,15,1,9,Torta,"11,46",,0,1,"22,22","22,22"
1,13,1,3,131,131,5922,6102,13,28725,2005-08-31,"-47,54920457","-21,58018135",4326,500,1,16,1,0,Normal,"18,46",,0,1,"24,74","24,74"
1,13,1,3,131,131,5923,6103,13,28725,2005-08-31,"-47,54920457","-21,58018135",4326,500,1,17,1,0,Normal,"17,98",,0,1,"24,62","24,62"
1,13,1,3,131,131,5924,6104,13,28725,2005-08-31,"-47,54920457","-21,58018135",4326,500,1,18,1,0,Normal,"20,75",,0,1,"25,22","25,22"
1,13,1,3,131,131,5925,6105,13,28725,2005-08-31,"-47,54920457","-21,58018135",4326,500,1,19,1,0,Normal,"18,46",,0,1,"24,74","24,74"
1,13,1,3,131,131,5926,6106,13,28725,2005-08-31,"-47,54920457","-21,58018135",4326,500,1,20,1,0,Normal,"14,96",,0,1,"23,74","23,74"
1,13,1,3,131,131,5927,6107,13,28725,2005-08-31,"-47,54920457","-21,58018135",4326,500,1,21,1,0,Normal,"16,93",,0,1,"24,35","24,35"
1,13,1,3,131,131,5928,6108,13,28725,2005-08-31,"-47,54920457","-21,58018135",4326,500,1,22,1,0,Normal,"16,71",,0,1,"24,29","24,29"
1,13,1,3,131,131,5929,6109,13,28725,2005-08-31,"-47,54920457","-21,58018135",4326,500,1,23,1,0,Normal,"14,01",,0,1,"23,4","23,4"
1,13,1,3,131,131,5930,6110,13,28725,2005-08-31,"-47,54920457","-21,58018135",4326,500,1,24,1,0,Normal,"16,42",,0,1,"24,2","24,2"
1,13,1,3,131,131,5931,6111,13,28725,2005-08-31,"-47,54920457","-21,58018135",4326,500,1,25,1,0,Normal,"19,26",,0,1,"24,92","24,92"
1,13,1,3,131,131,5932,6112,13,28725,2005-08-31,"-47,54920457","-21,58018135",4326,500,1,26,1,0,Normal,"20,63",25,1,1,"25,2",25
1,13,1,3,131,131,5933,6113,13,28725,2005-08-31,"-47,54920457","-21,58018135",4326,500,1,27,1,0,Normal,"16,93","24,3",1,1,"24,35","24,3"
1,13,1,3,131,131,5934,6114,13,28725,2005-08-31,"-47,54920457","-21,58018135",4326,500,1,28,1,0,Normal,"18,78","25,6",1,1,"24,81","25,6"
1,13,1,3,131,131,5935,6115,13,28725,2005-08-31,"-47,54920457","-21,58018135",4326,500,1,29,1,0,Normal,"16,49","24,2",1,1,"24,22","24,2"
1,13,1,3,131,131,5936,6116,13,28725,2005-08-31,"-47,54920457","-21,58018135",4326,500,1,30,1,0,Normal,"18,14","24,6",1,1,"24,66","24,6"
1,13,1,3,131,131,5937,6117,13,28725,2005-08-31,"-47,54920457","-21,58018135",4326,500,1,31,1,0,Normal,"20,53","24,8",1,1,"25,18","24,8"
1,13,1,3,131,131,5938,6118,13,28725,2005-08-31,"-47,54920457","-21,58018135",4326,500,1,32,1,0,Normal,"20,69","26,1",1,1,"25,21","26,1"
1,13,1,3,131,131,5939,6119,13,28725,2005-08-31,"-47,54920457","-21,58018135",4326,500,1,33,1,0,Normal,"19,67",25,1,1,"25,01",25
1,13,1,3,131,131,5940,6120,13,28725,2005-08-31,"-47,54920457","-21,58018135",4326,500,1,34,1,2,Dominante,"22,6","25,4",1,1,"25,55","25,4"
1,13,1,3,131,131,5941,6121,13,28725,2005-08-31,"-47,54920457","-21,58018135",4326,500,1,35,1,0,Normal,"19,03","24,1",1,1,"24,87","24,1"
1,13,1,3,131,131,5942,6122,13,28725,2005-08-31,"-47,54920457","-21,58018135",4326,500,1,36,1,0,Normal,"7,64",,0,1,"19,29","19,29"
1,13,1,3,131,131,5943,6123,13,28725,2005-08-31,"-47,54920457","-21,58018135",4326,500,1,37,1,0,Normal,"14,55",,0,1,"23,6","23,6"
1,13,1,3,131,131,5944,6124,13,28725,2005-08-31,"-47,54920457","-21,58018135",4326,500,1,38,1,0,Normal,"19,74",,0,1,"25,02","25,02"
1,13,1,3,131,131,5945,6125,13,28725,2005-08-31,"-47,54920457","-21,58018135",4326,500,1,39,1,0,Normal,"16,87",,0,1,"24,33","24,33"
1,13,1,3,131,131,5946,6126,13,28725,2005-08-31,"-47,54920457","-21,58018135",4326,500,1,40,1,0,Normal,"17,13",,0,1,"24,4","24,4"
1,13,1,3,131,131,5947,6127,13,28725,2005-08-31,"-47,54920457","-21,58018135",4326,500,1,41,1,0,Normal,"15,66",,0,1,"23,97","23,97"
1,13,1,3,131,131,5948,6128,13,28725,2005-08-31,"-47,54920457","-21,58018135",4326,500,1,42,1,0,Normal,"17,83",,0,1,"24,58","24,58"
1,13,1,3,131,131,5949,6129,13,28725,2005-08-31,"-47,54920457","-21,58018135",4326,500,1,43,1,1,Falha,0,,0,0,,
1,13,1,3,131,131,5950,6130,13,28725,2005-08-31,"-47,54920457","-21,58018135",4326,500,1,44,1,2,Dominante,"21,96","25,7",1,1,"25,44","25,7"
1,13,1,3,131,131,5951,6131,13,28725,2005-08-31,"-47,54920457","-21,58018135",4326,500,1,45,1,0,Normal,"21,49",,0,1,"25,36","25,36"
1,13,1,3,131,131,5952,6132,13,28725,2005-08-31,"-47,54920457","-21,58018135",4326,500,1,46,1,0,Normal,"17,83",,0,1,"24,58","24,58"
1,13,1,3,131,131,5953,6133,13,28725,2005-08-31,"-47,54920457","-21,58018135",4326,500,1,47,1,0,Normal,"15,92",,0,1,"24,05","24,05"
1,13,1,3,131,131,5954,6134,13,28725,2005-08-31,"-47,54920457","-21,58018135",4326,500,1,48,1,3,Bifurcada Abaixo,"13,69",,0,1,"23,27","23,27"
1,13,1,3,131,131,5954,6135,13,28725,2005-08-31,"-47,54920457","-21,58018135",4326,500,1,48,2,3,Bifurcada Abaixo,"13,69",,0,1,"23,27","23,27"
1,13,1,3,131,131,5955,6136,13,28725,2005-08-31,"-47,54920457","-21,58018135",4326,500,1,49,1,2,Dominante,"21,96",25,1,1,"25,44",25
1,13,1,3,131,131,5956,6137,13,28725,2005-08-31,"-47,54920457","-21,58018135",4326,500,1,50,1,1,Falha,0,,0,0,,
1,13,1,3,132,132,5957,6138,13,28726,2005-08-31,"-47,55087406","-21,58015579",4326,500,1,1,1,0,Normal,"15,92",,0,1,"24,1","24,1"
1,13,1,3,132,132,5958,6139,13,28726,2005-08-31,"-47,55087406","-21,58015579",4326,500,1,2,1,0,Normal,"16,55",,0,1,"24,37","24,37"
1,13,1,3,132,132,5959,6140,13,28726,2005-08-31,"-47,55087406","-21,58015579",4326,500,1,3,1,0,Normal,"13,31",,0,1,"22,77","22,77"
1,13,1,3,132,132,5960,6141,13,28726,2005-08-31,"-47,55087406","-21,58015579",4326,500,1,4,1,0,Normal,"10,41",,0,1,"20,67","20,67"
1,13,1,3,132,132,5961,6142,13,28726,2005-08-31,"-47,55087406","-21,58015579",4326,500,1,5,1,0,Normal,"20,05",,0,1,"25,58","25,58"
1,13,1,3,132,132,5962,6143,13,28726,2005-08-31,"-47,55087406","-21,58015579",4326,500,1,6,1,0,Normal,"15,6",,0,1,"23,96","23,96"
1,13,1,3,132,132,5963,6144,13,28726,2005-08-31,"-47,55087406","-21,58015579",4326,500,1,7,1,2,Dominante,"21,58","25,7",1,1,26,"25,7"
1,13,1,3,132,132,5964,6145,13,28726,2005-08-31,"-47,55087406","-21,58015579",4326,500,1,8,1,0,Normal,"18,21",,0,1,"24,99","24,99"
1,13,1,3,132,132,5965,6146,13,28726,2005-08-31,"-47,55087406","-21,58015579",4326,500,1,9,1,0,Normal,"18,14",,0,1,"24,97","24,97"
1,13,1,3,132,132,5966,6147,13,28726,2005-08-31,"-47,55087406","-21,58015579",4326,500,1,10,1,0,Normal,"19,8",,0,1,"25,51","25,51"
1,13,1,3,132,132,5967,6148,13,28726,2005-08-31,"-47,55087406","-21,58015579",4326,500,1,11,1,0,Normal,"19,1",,0,1,"25,29","25,29"
1,13,1,3,132,132,5968,6149,13,28726,2005-08-31,"-47,55087406","-21,58015579",4326,500,1,12,1,1,Falha,0,,0,0,,
1,13,1,3,132,132,5969,6150,13,28726,2005-08-31,"-47,55087406","-21,58015579",4326,500,1,13,1,0,Normal,"18,78",,0,1,"25,19","25,19"
1,13,1,3,132,132,5970,6151,13,28726,2005-08-31,"-47,55087406","-21,58015579",4326,500,1,14,1,0,Normal,"15,63",,0,1,"23,97","23,97"
1,13,1,3,132,132,5971,6152,13,28726,2005-08-31,"-47,55087406","-21,58015579",4326,500,1,15,1,0,Normal,"19,8",,0,1,"25,51","25,51"
1,13,1,3,132,132,5972,6153,13,28726,2005-08-31,"-47,55087406","-21,58015579",4326,500,1,16,1,0,Normal,"18,78",,0,1,"25,19","25,19"
1,13,1,3,132,132,5973,6154,13,28726,2005-08-31,"-47,55087406","-21,58015579",4326,500,1,17,1,1,Falha,0,,0,0,,
1,13,1,3,132,132,5974,6155,13,28726,2005-08-31,"-47,55087406","-21,58015579",4326,500,1,18,1,2,Dominante,"22,54","26,2",1,1,"26,24","26,2"
1,13,1,3,132,132,5975,6156,13,28726,2005-08-31,"-47,55087406","-21,58015579",4326,500,1,19,1,0,Normal,"18,97",,0,1,"25,25","25,25"
1,13,1,3,132,132,5976,6157,13,28726,2005-08-31,"-47,55087406","-21,58015579",4326,500,1,20,1,0,Normal,"19,35",,0,1,"25,37","25,37"
1,13,1,3,132,132,5977,6158,13,28726,2005-08-31,"-47,55087406","-21,58015579",4326,500,1,21,1,0,Normal,"20,69",,0,1,"25,77","25,77"
1,13,1,3,132,132,5978,6159,13,28726,2005-08-31,"-47,55087406","-21,58015579",4326,500,1,22,1,1,Falha,0,,0,0,,
1,13,1,3,132,132,5979,6160,13,28726,2005-08-31,"-47,55087406","-21,58015579",4326,500,1,23,1,1,Falha,0,,0,0,,
1,13,1,3,132,132,5980,6161,13,28726,2005-08-31,"-47,55087406","-21,58015579",4326,500,1,24,1,0,Normal,"20,53","25,4",1,1,"25,72","25,4"
1,13,1,3,132,132,5981,6162,13,28726,2005-08-31,"-47,55087406","-21,58015579",4326,500,1,25,1,0,Normal,"16,07","24,6",1,1,"24,16","24,6"
1,13,1,3,132,132,5982,6163,13,28726,2005-08-31,"-47,55087406","-21,58015579",4326,500,1,26,1,0,Normal,"20,37",24,1,1,"25,68",24
1,13,1,3,132,132,5983,6164,13,28726,2005-08-31,"-47,55087406","-21,58015579",4326,500,1,27,1,2,Dominante,"22,03","26,4",1,1,"26,12","26,4"
1,13,1,3,132,132,5984,6165,13,28726,2005-08-31,"-47,55087406","-21,58015579",4326,500,1,28,1,0,Normal,"17,95",26,1,1,"24,9",26
1,13,1,3,132,132,5985,6166,13,28726,2005-08-31,"-47,55087406","-21,58015579",4326,500,1,29,1,0,Normal,"19,8","25,7",1,1,"25,51","25,7"
1,13,1,3,132,132,5986,6167,13,28726,2005-08-31,"-47,55087406","-21,58015579",4326,500,1,30,1,0,Normal,"14,99","23,5",1,1,"23,67","23,5"
1,13,1,3,132,132,5987,6168,13,28726,2005-08-31,"-47,55087406","-21,58015579",4326,500,1,31,1,0,Normal,"16,55","24,1",1,1,"24,37","24,1"
1,13,1,3,132,132,5988,6169,13,28726,2005-08-31,"-47,55087406","-21,58015579",4326,500,1,32,1,1,Falha,0,,0,0,,
1,13,1,3,132,132,5989,6170,13,28726,2005-08-31,"-47,55087406","-21,58015579",4326,500,1,33,1,0,Normal,"14,99","23,5",1,1,"23,67","23,5"
1,13,1,3,132,132,5990,6171,13,28726,2005-08-31,"-47,55087406","-21,58015579",4326,500,1,34,1,0,Normal,"19,42",25,1,1,"25,39",25
1,13,1,3,132,132,5991,6172,13,28726,2005-08-31,"-47,55087406","-21,58015579",4326,500,1,35,1,0,Normal,"16,87",,0,1,"24,5","24,5"
1,13,1,3,132,132,5992,6173,13,28726,2005-08-31,"-47,55087406","-21,58015579",4326,500,1,36,1,0,Normal,"20,85",,0,1,"25,81","25,81"
1,13,1,3,132,132,5993,6174,13,28726,2005-08-31,"-47,55087406","-21,58015579",4326,500,1,37,1,0,Normal,"20,31",,0,1,"25,66","25,66"
1,13,1,3,132,132,5994,6175,13,28726,2005-08-31,"-47,55087406","-21,58015579",4326,500,1,38,1,0,Normal,"10,98",,0,1,"21,15","21,15"
1,13,1,3,132,132,5995,6176,13,28726,2005-08-31,"-47,55087406","-21,58015579",4326,500,1,39,1,2,Dominante,"22,15","26,6",1,1,"26,15","26,6"
1,13,1,3,132,132,5996,6177,13,28726,2005-08-31,"-47,55087406","-21,58015579",4326,500,1,40,1,0,Normal,"15,92",,0,1,"24,1","24,1"
1,13,1,3,132,132,5997,6178,13,28726,2005-08-31,"-47,55087406","-21,58015579",4326,500,1,41,1,2,Dominante,"21,33","26,8",1,1,"25,94","26,8"
1,13,1,3,132,132,5998,6179,13,28726,2005-08-31,"-47,55087406","-21,58015579",4326,500,1,42,1,0,Normal,"19,8",,0,1,"25,51","25,51"
1,13,1,3,132,132,5999,6180,13,28726,2005-08-31,"-47,55087406","-21,58015579",4326,500,1,43,1,0,Normal,"19,35",,0,1,"25,37","25,37"
1,13,1,3,132,132,6000,6181,13,28726,2005-08-31,"-47,55087406","-21,58015579",4326,500,1,44,1,0,Normal,"15,98",,0,1,"24,13","24,13"
1,13,1,3,132,132,6001,6182,13,28726,2005-08-31,"-47,55087406","-21,58015579",4326,500,1,45,1,0,Normal,"18,62",,0,1,"25,13","25,13"
1,13,1,3,132,132,6002,6183,13,28726,2005-08-31,"-47,55087406","-21,58015579",4326,500,1,46,1,0,Normal,"17,83",,0,1,"24,86","24,86"
1,13,1,3,132,132,6003,6184,13,28726,2005-08-31,"-47,55087406","-21,58015579",4326,500,1,47,1,0,Normal,"19,42",,0,1,"25,39","25,39"
1,13,1,3,132,132,6004,6185,13,28726,2005-08-31,"-47,55087406","-21,58015579",4326,500,1,48,1,0,Normal,"15,28",,0,1,"23,81","23,81"
1,13,1,3,132,132,6005,6186,13,28726,2005-08-31,"-47,55087406","-21,58015579",4326,500,1,49,1,0,Normal,"15,28",,0,1,"23,81","23,81"
1,13,1,3,132,132,6006,6187,13,28726,2005-08-31,"-47,55087406","-21,58015579",4326,500,1,50,1,0,Normal,"20,4",,0,1,"25,68","25,68"
1,13,1,3,132,132,6007,6188,13,28726,2005-08-31,"-47,55087406","-21,58015579",4326,500,1,51,1,1,Falha,0,,0,0,,
1,13,1,3,132,132,6008,6189,13,28726,2005-08-31,"-47,55087406","-21,58015579",4326,500,1,52,1,1,Falha,0,,0,0,,
1,13,1,3,132,132,6009,6190,13,28726,2005-08-31,"-47,55087406","-21,58015579",4326,500,1,53,1,0,Normal,"20,44",,0,1,"25,7","25,7"
1,13,1,3,132,132,6010,6191,13,28726,2005-08-31,"-47,55087406","-21,58015579",4326,500,1,54,1,0,Normal,"19,77",,0,1,"25,5","25,5"
1,13,1,3,133,133,6011,6192,13,28727,2005-08-31,"-47,55089667","-21,58144649",4326,500,1,1,1,0,Normal,"8,28",,0,1,"17,06","17,06"
1,13,1,3,133,133,6012,6193,13,28727,2005-08-31,"-47,55089667","-21,58144649",4326,500,1,2,1,2,Dominante,"27,69","27,3",1,1,"27,9","27,3"
1,13,1,3,133,133,6013,6194,13,28727,2005-08-31,"-47,55089667","-21,58144649",4326,500,1,3,1,0,Normal,"23,87",,0,1,"26,98","26,98"
1,13,1,3,133,133,6014,6195,13,28727,2005-08-31,"-47,55089667","-21,58144649",4326,500,1,4,1,0,Normal,"21,96",,0,1,"26,41","26,41"
1,13,1,3,133,133,6015,6196,13,28727,2005-08-31,"-47,55089667","-21,58144649",4326,500,1,5,1,2,Dominante,"27,76","27,8",1,1,"27,92","27,8"
1,13,1,3,133,133,6016,6197,13,28727,2005-08-31,"-47,55089667","-21,58144649",4326,500,1,6,1,0,Normal,"18,78",,0,1,"25,26","25,26"
1,13,1,3,133,133,6017,6198,13,28727,2005-08-31,"-47,55089667","-21,58144649",4326,500,1,7,1,0,Normal,"20,05",,0,1,"25,76","25,76"
1,13,1,3,133,133,6018,6199,13,28727,2005-08-31,"-47,55089667","-21,58144649",4326,500,1,8,1,0,Normal,"19,58",,0,1,"25,58","25,58"
1,13,1,3,133,133,6019,6200,13,28727,2005-08-31,"-47,55089667","-21,58144649",4326,500,1,9,1,0,Normal,"17,19",,0,1,"24,54","24,54"
1,13,1,3,133,133,6020,6201,13,28727,2005-08-31,"-47,55089667","-21,58144649",4326,500,1,10,1,0,Normal,"23,17",,0,1,"26,78","26,78"
1,13,1,3,133,133,6021,6202,13,28727,2005-08-31,"-47,55089667","-21,58144649",4326,500,1,11,1,0,Normal,"21,61",,0,1,"26,3","26,3"
1,13,1,3,133,133,6022,6203,13,28727,2005-08-31,"-47,55089667","-21,58144649",4326,500,1,12,1,0,Normal,"19,54",,0,1,"25,56","25,56"
1,13,1,3,133,133,6023,6204,13,28727,2005-08-31,"-47,55089667","-21,58144649",4326,500,1,13,1,0,Normal,"19,42",,0,1,"25,52","25,52"
1,13,1,3,133,133,6024,6205,13,28727,2005-08-31,"-47,55089667","-21,58144649",4326,500,1,14,1,0,Normal,"23,24",,0,1,"26,8","26,8"
1,13,1,3,133,133,6025,6206,13,28727,2005-08-31,"-47,55089667","-21,58144649",4326,500,1,15,1,0,Normal,"11,08",,0,1,"20,37","20,37"
1,13,1,3,133,133,6026,6207,13,28727,2005-08-31,"-47,55089667","-21,58144649",4326,500,1,16,1,0,Normal,"16,55",,0,1,"24,23","24,23"
1,13,1,3,133,133,6027,6208,13,28727,2005-08-31,"-47,55089667","-21,58144649",4326,500,1,17,1,0,Normal,"22,28","26,3",1,1,"26,52","26,3"
1,13,1,3,133,133,6028,6209,13,28727,2005-08-31,"-47,55089667","-21,58144649",4326,500,1,18,1,2,Dominante,"24,73",27,1,1,"27,21",27
1,13,1,3,133,133,6029,6210,13,28727,2005-08-31,"-47,55089667","-21,58144649",4326,500,1,19,1,0,Normal,"23,87","27,8",1,1,"26,98","27,8"
1,13,1,3,133,133,6030,6211,13,28727,2005-08-31,"-47,55089667","-21,58144649",4326,500,1,20,1,2,Dominante,"25,62","27,5",1,1,"27,43","27,5"
1,13,1,3,133,133,6031,6212,13,28727,2005-08-31,"-47,55089667","-21,58144649",4326,500,1,21,1,0,Normal,"22,28","26,7",1,1,"26,52","26,7"
1,13,1,3,133,133,6032,6213,13,28727,2005-08-31,"-47,55089667","-21,58144649",4326,500,1,22,1,0,Normal,"15,06","24,4",1,1,"23,4","24,4"
1,13,1,3,133,133,6033,6214,13,28727,2005-08-31,"-47,55089667","-21,58144649",4326,500,1,23,1,0,Normal,"21,01","25,6",1,1,"26,1","25,6"
1,13,1,3,133,133,6034,6215,13,28727,2005-08-31,"-47,55089667","-21,58144649",4326,500,1,24,1,0,Normal,"7,64","15,9",1,1,"16,08","15,9"
1,13,1,3,133,133,6035,6216,13,28727,2005-08-31,"-47,55089667","-21,58144649",4326,500,1,25,1,0,Normal,"20,31",26,1,1,"25,85",26
1,13,1,3,133,133,6036,6217,13,28727,2005-08-31,"-47,55089667","-21,58144649",4326,500,1,26,1,0,Normal,"17,67","24,5",1,1,"24,77","24,5"
1,13,1,3,133,133,6037,6218,13,28727,2005-08-31,"-47,55089667","-21,58144649",4326,500,1,27,1,0,Normal,"21,01",,0,1,"26,1","26,1"
1,13,1,3,133,133,6038,6219,13,28727,2005-08-31,"-47,55089667","-21,58144649",4326,500,1,28,1,0,Normal,"22,92",,0,1,"26,71","26,71"
1,13,1,3,133,133,6039,6220,13,28727,2005-08-31,"-47,55089667","-21,58144649",4326,500,1,29,1,0,Normal,"20,37",,0,1,"25,87","25,87"
1,13,1,3,133,133,6040,6221,13,28727,2005-08-31,"-47,55089667","-21,58144649",4326,500,1,30,1,2,Dominante,"30,56","28,3",1,1,"28,46","28,3"
1,13,1,3,133,133,6041,6222,13,28727,2005-08-31,"-47,55089667","-21,58144649",4326,500,1,31,1,0,Normal,"21,07",,0,1,"26,12","26,12"
1,13,1,3,133,133,6042,6223,13,28727,2005-08-31,"-47,55089667","-21,58144649",4326,500,1,32,1,0,Normal,"19,42",,0,1,"25,52","25,52"
1,13,1,3,134,134,6043,6224,13,28728,2005-08-31,"-47,55589502","-21,58079207",4326,500,1,1,1,0,Normal,"20,05",,0,1,"25,33","25,33"
1,13,1,3,134,134,6044,6225,13,28728,2005-08-31,"-47,55589502","-21,58079207",4326,500,1,2,1,0,Normal,"20,63",,0,1,"25,52","25,52"
1,13,1,3,134,134,6045,6226,13,28728,2005-08-31,"-47,55589502","-21,58079207",4326,500,1,3,1,0,Normal,"19,42",,0,1,"25,12","25,12"
1,13,1,3,134,134,6046,6227,13,28728,2005-08-31,"-47,55589502","-21,58079207",4326,500,1,4,1,0,Normal,"20,69",,0,1,"25,54","25,54"
1,13,1,3,134,134,6047,6228,13,28728,2005-08-31,"-47,55589502","-21,58079207",4326,500,1,5,1,0,Normal,"18,78",,0,1,"24,88","24,88"
1,13,1,3,134,134,6048,6229,13,28728,2005-08-31,"-47,55589502","-21,58079207",4326,500,1,6,1,0,Normal,"19,96",,0,1,"25,3","25,3"
1,13,1,3,134,134,6049,6230,13,28728,2005-08-31,"-47,55589502","-21,58079207",4326,500,1,7,1,0,Normal,"20,56",,0,1,"25,5","25,5"
1,13,1,3,134,134,6050,6231,13,28728,2005-08-31,"-47,55589502","-21,58079207",4326,500,1,8,1,0,Normal,"14,16",,0,1,"22,69","22,69"
1,13,1,3,134,134,6051,6232,13,28728,2005-08-31,"-47,55589502","-21,58079207",4326,500,1,9,1,0,Normal,"17,51",,0,1,"24,38","24,38"
1,13,1,3,134,134,6052,6233,13,28728,2005-08-31,"-47,55589502","-21,58079207",4326,500,1,10,1,0,Normal,"15,6",,0,1,"23,49","23,49"
1,13,1,3,134,134,6053,6234,13,28728,2005-08-31,"-47,55589502","-21,58079207",4326,500,1,11,1,0,Normal,"21,49",,0,1,"25,79","25,79"
1,13,1,3,134,134,6054,6235,13,28728,2005-08-31,"-47,55589502","-21,58079207",4326,500,1,12,1,0,Normal,"19,74",,0,1,"25,23","25,23"
1,13,1,3,134,134,6055,6236,13,28728,2005-08-31,"-47,55589502","-21,58079207",4326,500,1,13,1,0,Normal,"19,89",,0,1,"25,28","25,28"
1,13,1,3,134,134,6056,6237,13,28728,2005-08-31,"-47,55589502","-21,58079207",4326,500,1,14,1,0,Normal,"21,65",,0,1,"25,84","25,84"
1,13,1,3,134,134,6057,6238,13,28728,2005-08-31,"-47,55589502","-21,58079207",4326,500,1,15,1,1,Falha,0,,0,0,,
1,13,1,3,134,134,6058,6239,13,28728,2005-08-31,"-47,55589502","-21,58079207",4326,500,1,16,1,0,Normal,"11,78",,0,1,"21,03","21,03"
1,13,1,3,134,134,6059,6240,13,28728,2005-08-31,"-47,55589502","-21,58079207",4326,500,1,17,1,0,Normal,"15,12",,0,1,"23,23","23,23"
1,13,1,3,134,134,6060,6241,13,28728,2005-08-31,"-47,55589502","-21,58079207",4326,500,1,18,1,0,Normal,"21,65",,0,1,"25,84","25,84"
1,13,1,3,134,134,6061,6242,13,28728,2005-08-31,"-47,55589502","-21,58079207",4326,500,1,19,1,0,Normal,"9,55",,0,1,"18,92","18,92"
1,13,1,3,134,134,6062,6243,13,28728,2005-08-31,"-47,55589502","-21,58079207",4326,500,1,20,1,0,Normal,"3,5",,0,1,"7,22","7,22"
1,13,1,3,134,134,6063,6244,13,28728,2005-08-31,"-47,55589502","-21,58079207",4326,500,1,21,1,0,Normal,"16,23",,0,1,"23,8","23,8"
1,13,1,3,134,134,6064,6245,13,28728,2005-08-31,"-47,55589502","-21,58079207",4326,500,1,22,1,1,Falha,0,,0,0,,
1,13,1,3,134,134,6065,6246,13,28728,2005-08-31,"-47,55589502","-21,58079207",4326,500,1,23,1,1,Falha,0,,0,0,,
1,13,1,3,134,134,6066,6247,13,28728,2005-08-31,"-47,55589502","-21,58079207",4326,500,1,24,1,0,Normal,"10,28",,0,1,"19,68","19,68"
1,13,1,3,134,134,6067,6248,13,28728,2005-08-31,"-47,55589502","-21,58079207",4326,500,1,25,1,0,Normal,"9,71",,0,1,"19,1","19,1"
1,13,1,3,134,134,6068,6249,13,28728,2005-08-31,"-47,55589502","-21,58079207",4326,500,1,26,1,6,Morta,"3,5",,0,0,"7,22","7,22"
1,13,1,3,134,134,6069,6250,13,28728,2005-08-31,"-47,55589502","-21,58079207",4326,500,1,27,1,0,Normal,"13,37","21,6",1,1,"22,19","21,6"
1,13,1,3,134,134,6070,6251,13,28728,2005-08-31,"-47,55589502","-21,58079207",4326,500,1,28,1,0,Normal,"20,05","24,5",1,1,"25,33","24,5"
1,13,1,3,134,134,6071,6252,13,28728,2005-08-31,"-47,55589502","-21,58079207",4326,500,1,29,1,0,Normal,"15,34",24,1,1,"23,35",24
1,13,1,3,134,134,6072,6253,13,28728,2005-08-31,"-47,55589502","-21,58079207",4326,500,1,30,1,0,Normal,"21,33","25,4",1,1,"25,74","25,4"
1,13,1,3,134,134,6073,6254,13,28728,2005-08-31,"-47,55589502","-21,58079207",4326,500,1,31,1,0,Normal,"20,37",25,1,1,"25,44",25
1,13,1,3,134,134,6074,6255,13,28728,2005-08-31,"-47,55589502","-21,58079207",4326,500,1,32,1,0,Normal,"16,71","24,5",1,1,"24,03","24,5"
1,13,1,3,134,134,6075,6256,13,28728,2005-08-31,"-47,55589502","-21,58079207",4326,500,1,33,1,0,Normal,"16,55",24,1,1,"23,95",24
1,13,1,3,134,134,6076,6257,13,28728,2005-08-31,"-47,55589502","-21,58079207",4326,500,1,34,1,0,Normal,"17,86","24,4",1,1,"24,52","24,4"
1,13,1,3,134,134,6077,6258,13,28728,2005-08-31,"-47,55589502","-21,58079207",4326,500,1,35,1,0,Normal,"16,87","24,7",1,1,"24,1","24,7"
1,13,1,3,134,134,6078,6259,13,28728,2005-08-31,"-47,55589502","-21,58079207",4326,500,1,36,1,0,Normal,"18,4","24,6",1,1,"24,74","24,6"
1,13,1,3,134,134,6079,6260,13,28728,2005-08-31,"-47,55589502","-21,58079207",4326,500,1,37,1,2,Dominante,"22,44","26,6",1,1,"26,06","26,6"
1,13,1,3,134,134,6080,6261,13,28728,2005-08-31,"-47,55589502","-21,58079207",4326,500,1,38,1,0,Normal,"11,84",,0,1,"21,07","21,07"
1,13,1,3,134,134,6081,6262,13,28728,2005-08-31,"-47,55589502","-21,58079207",4326,500,1,39,1,0,Normal,"21,49",,0,1,"25,79","25,79"
1,13,1,3,134,134,6082,6263,13,28728,2005-08-31,"-47,55589502","-21,58079207",4326,500,1,40,1,1,Falha,0,,0,0,,
1,13,1,3,134,134,6083,6264,13,28728,2005-08-31,"-47,55589502","-21,58079207",4326,500,1,41,1,0,Normal,"16,39",,0,1,"23,88","23,88"
1,13,1,3,134,134,6084,6265,13,28728,2005-08-31,"-47,55589502","-21,58079207",4326,500,1,42,1,0,Normal,"19,03",,0,1,"24,98","24,98"
1,13,1,3,134,134,6085,6266,13,28728,2005-08-31,"-47,55589502","-21,58079207",4326,500,1,43,1,2,Dominante,"21,9",26,1,1,"25,91",26
1,13,1,3,134,134,6086,6267,13,28728,2005-08-31,"-47,55589502","-21,58079207",4326,500,1,44,1,2,Dominante,"21,9","25,6",1,1,"25,91","25,6"
1,13,1,3,134,134,6087,6268,13,28728,2005-08-31,"-47,55589502","-21,58079207",4326,500,1,45,1,2,Dominante,"21,96","25,8",1,1,"25,93","25,8"
1,13,1,3,134,134,6088,6269,13,28728,2005-08-31,"-47,55589502","-21,58079207",4326,500,1,46,1,0,Normal,"21,65",,0,1,"25,84","25,84"
1,13,1,3,134,134,6089,6270,13,28728,2005-08-31,"-47,55589502","-21,58079207",4326,500,1,47,1,0,Normal,"20,59",,0,1,"25,51","25,51"
1,13,1,3,134,134,6090,6271,13,28728,2005-08-31,"-47,55589502","-21,58079207",4326,500,1,48,1,0,Normal,"20,31",,0,1,"25,42","25,42"
1,13,1,3,134,134,6091,6272,13,28728,2005-08-31,"-47,55589502","-21,58079207",4326,500,1,49,1,0,Normal,"17,83",,0,1,"24,51","24,51"
1,13,1,3,134,134,6092,6273,13,28728,2005-08-31,"-47,55589502","-21,58079207",4326,500,1,50,1,2,Dominante,"24,19",27,1,1,"26,51",27
1,13,1,3,134,134,6093,6274,13,28728,2005-08-31,"-47,55589502","-21,58079207",4326,500,1,51,1,1,Falha,0,,0,0,,
1,13,1,3,134,134,6094,6275,13,28728,2005-08-31,"-47,55589502","-21,58079207",4326,500,1,52,1,0,Normal,"21,14",,0,1,"25,68","25,68"
1,13,1,3,134,134,6095,6276,13,28728,2005-08-31,"-47,55589502","-21,58079207",4326,500,1,53,1,1,Falha,0,,0,0,,
1,14,2,4,135,135,6096,6277,14,28729,2005-08-31,"-47,54756193","-21,58174128",4326,500,1,1,1,0,Normal,"9,55",,0,1,"18,28","18,28"
1,14,2,4,135,135,6097,6278,14,28729,2005-08-31,"-47,54756193","-21,58174128",4326,500,1,2,1,2,Dominante,"19,58","24,9",1,1,"26,14","24,9"
1,14,2,4,135,135,6098,6279,14,28729,2005-08-31,"-47,54756193","-21,58174128",4326,500,1,3,1,0,Normal,"13,08",,0,1,"22,07","22,07"
1,14,2,4,135,135,6099,6280,14,28729,2005-08-31,"-47,54756193","-21,58174128",4326,500,1,4,1,0,Normal,"16,46",,0,1,"24,51","24,51"
1,14,2,4,135,135,6100,6281,14,28729,2005-08-31,"-47,54756193","-21,58174128",4326,500,1,5,1,0,Normal,"15,28",,0,1,"23,75","23,75"
1,14,2,4,135,135,6101,6282,14,28729,2005-08-31,"-47,54756193","-21,58174128",4326,500,1,6,1,0,Normal,"17,38",,0,1,"25,04","25,04"
1,14,2,4,135,135,6102,6283,14,28729,2005-08-31,"-47,54756193","-21,58174128",4326,500,1,7,1,0,Normal,"8,53",,0,1,"16,82","16,82"
1,14,2,4,135,135,6103,6284,14,28729,2005-08-31,"-47,54756193","-21,58174128",4326,500,1,8,1,0,Normal,"14,32",,0,1,"23,07","23,07"
1,14,2,4,135,135,6104,6285,14,28729,2005-08-31,"-47,54756193","-21,58174128",4326,500,1,9,1,0,Normal,"13,69",,0,1,"22,58","22,58"
1,14,2,4,135,135,6105,6286,14,28729,2005-08-31,"-47,54756193","-21,58174128",4326,500,1,10,1,2,Dominante,"17,83","24,5",1,1,"25,28","24,5"
1,14,2,4,135,135,6106,6287,14,28729,2005-08-31,"-47,54756193","-21,58174128",4326,500,1,11,1,0,Normal,"14,8",,0,1,"23,42","23,42"
1,14,2,4,135,135,6107,6288,14,28729,2005-08-31,"-47,54756193","-21,58174128",4326,500,1,12,1,1,Falha,0,,0,0,,
1,14,2,4,135,135,6108,6289,14,28729,2005-08-31,"-47,54756193","-21,58174128",4326,500,1,13,1,0,Normal,"16,07",,0,1,"24,27","24,27"
1,14,2,4,135,135,6109,6290,14,28729,2005-08-31,"-47,54756193","-21,58174128",4326,500,1,14,1,0,Normal,"10,19",,0,1,"19,1","19,1"
1,14,2,4,135,135,6110,6291,14,28729,2005-08-31,"-47,54756193","-21,58174128",4326,500,1,15,1,0,Normal,"15,92","24,1",1,1,"24,17","24,1"
1,14,2,4,135,135,6111,6292,14,28729,2005-08-31,"-47,54756193","-21,58174128",4326,500,1,16,1,2,Dominante,"18,14","25,4",1,1,"25,45","25,4"
1,14,2,4,135,135,6112,6293,14,28729,2005-08-31,"-47,54756193","-21,58174128",4326,500,1,17,1,0,Normal,"16,81","24,6",1,1,"24,72","24,6"
1,14,2,4,135,135,6113,6294,14,28729,2005-08-31,"-47,54756193","-21,58174128",4326,500,1,18,1,0,Normal,"13,59",23,1,1,"22,5",23
1,14,2,4,135,135,6114,6295,14,28729,2005-08-31,"-47,54756193","-21,58174128",4326,500,1,19,1,0,Normal,"9,87","16,7",1,1,"18,7","16,7"
1,14,2,4,135,135,6115,6296,14,28729,2005-08-31,"-47,54756193","-21,58174128",4326,500,1,20,1,0,Normal,"16,01",24,1,1,"24,23",24
1,14,2,4,135,135,6116,6297,14,28729,2005-08-31,"-47,54756193","-21,58174128",4326,500,1,21,1,0,Normal,"12,25",22,1,1,"21,32",22
1,14,2,4,135,135,6117,6298,14,28729,2005-08-31,"-47,54756193","-21,58174128",4326,500,1,22,1,0,Normal,"17,57","25,5",1,1,"25,14","25,5"
1,14,2,4,135,135,6118,6299,14,28729,2005-08-31,"-47,54756193","-21,58174128",4326,500,1,23,1,0,Normal,"12,03","23,6",1,1,"21,11","23,6"
1,14,2,4,135,135,6119,6300,14,28729,2005-08-31,"-47,54756193","-21,58174128",4326,500,1,24,1,0,Normal,"15,92",26,1,1,"24,17",26
1,14,2,4,135,135,6120,6301,14,28729,2005-08-31,"-47,54756193","-21,58174128",4326,500,1,25,1,0,Normal,"15,53",,0,1,"23,92","23,92"
1,14,2,4,135,135,6121,6302,14,28729,2005-08-31,"-47,54756193","-21,58174128",4326,500,1,26,1,0,Normal,"12,1",,0,1,"21,18","21,18"
1,14,2,4,135,135,6122,6303,14,28729,2005-08-31,"-47,54756193","-21,58174128",4326,500,1,27,1,0,Normal,"16,71",,0,1,"24,66","24,66"
1,14,2,4,135,135,6123,6304,14,28729,2005-08-31,"-47,54756193","-21,58174128",4326,500,1,28,1,0,Normal,"11,46",,0,1,"20,54","20,54"
1,14,2,4,135,135,6124,6305,14,28729,2005-08-31,"-47,54756193","-21,58174128",4326,500,1,29,1,0,Normal,"15,6",,0,1,"23,97","23,97"
1,14,2,4,135,135,6125,6306,14,28729,2005-08-31,"-47,54756193","-21,58174128",4326,500,1,30,1,0,Normal,"14,9",,0,1,"23,49","23,49"
1,14,2,4,135,135,6126,6307,14,28729,2005-08-31,"-47,54756193","-21,58174128",4326,500,1,31,1,0,Normal,"10,95",,0,1,"19,99","19,99"
1,14,2,4,135,135,6127,6308,14,28729,2005-08-31,"-47,54756193","-21,58174128",4326,500,1,32,1,2,Dominante,"19,1","25,3",1,1,"25,92","25,3"
1,14,2,4,135,135,6128,6309,14,28729,2005-08-31,"-47,54756193","-21,58174128",4326,500,1,33,1,0,Normal,"15,6",,0,1,"23,97","23,97"
1,14,2,4,135,135,6129,6310,14,28729,2005-08-31,"-47,54756193","-21,58174128",4326,500,1,34,1,0,Normal,"15,6",,0,1,"23,97","23,97"
1,14,2,4,135,135,6130,6311,14,28729,2005-08-31,"-47,54756193","-21,58174128",4326,500,1,35,1,0,Normal,"15,53",,0,1,"23,92","23,92"
1,14,2,4,135,135,6131,6312,14,28729,2005-08-31,"-47,54756193","-21,58174128",4326,500,1,36,1,0,Normal,"16,68",,0,1,"24,64","24,64"
1,14,2,4,135,135,6132,6313,14,28729,2005-08-31,"-47,54756193","-21,58174128",4326,500,1,37,1,0,Normal,"14,96",,0,1,"23,53","23,53"
1,14,2,4,135,135,6133,6314,14,28729,2005-08-31,"-47,54756193","-21,58174128",4326,500,1,38,1,0,Normal,"15,22",,0,1,"23,71","23,71"
1,14,2,4,135,135,6134,6315,14,28729,2005-08-31,"-47,54756193","-21,58174128",4326,500,1,39,1,0,Normal,"17,32",,0,1,"25,01","25,01"
1,14,2,4,135,135,6135,6316,14,28729,2005-08-31,"-47,54756193","-21,58174128",4326,500,1,40,1,0,Normal,"16,23",,0,1,"24,37","24,37"
1,14,2,4,135,135,6136,6317,14,28729,2005-08-31,"-47,54756193","-21,58174128",4326,500,1,41,1,0,Normal,"17,35",,0,1,"25,02","25,02"
1,14,2,4,135,135,6137,6318,14,28729,2005-08-31,"-47,54756193","-21,58174128",4326,500,1,42,1,0,Normal,"17,19",,0,1,"24,93","24,93"
1,14,2,4,135,135,6138,6319,14,28729,2005-08-31,"-47,54756193","-21,58174128",4326,500,1,43,1,0,Normal,"15,6",,0,1,"23,97","23,97"
1,14,2,4,135,135,6139,6320,14,28729,2005-08-31,"-47,54756193","-21,58174128",4326,500,1,44,1,0,Normal,"16,27",,0,1,"24,39","24,39"
1,14,2,4,135,135,6140,6321,14,28729,2005-08-31,"-47,54756193","-21,58174128",4326,500,1,45,1,2,Dominante,"17,67","24,3",1,1,"25,2","24,3"
1,14,2,4,138,138,6233,6417,14,28732,2005-08-31,"-47,54925877","-21,58327721",4326,500,1,1,1,0,Normal,"18,14",,0,1,"25,71","25,71"
1,14,2,4,138,138,6234,6418,14,28732,2005-08-31,"-47,54925877","-21,58327721",4326,500,1,2,1,1,Falha,0,,0,0,,
1,14,2,4,138,138,6235,6419,14,28732,2005-08-31,"-47,54925877","-21,58327721",4326,500,1,3,1,2,Dominante,"21,01","27,5",1,1,"27,15","27,5"
1,14,2,4,138,138,6236,6420,14,28732,2005-08-31,"-47,54925877","-21,58327721",4326,500,1,4,1,0,Normal,"4,46",,0,1,"7,56","7,56"
1,14,2,4,138,138,6237,6421,14,28732,2005-08-31,"-47,54925877","-21,58327721",4326,500,1,5,1,0,Normal,"17,25",,0,1,"25,19","25,19"
1,14,2,4,138,138,6238,6422,14,28732,2005-08-31,"-47,54925877","-21,58327721",4326,500,1,6,1,0,Normal,"15,72",,0,1,"24,18","24,18"
1,14,2,4,138,138,6239,6423,14,28732,2005-08-31,"-47,54925877","-21,58327721",4326,500,1,7,1,0,Normal,"17,19",,0,1,"25,15","25,15"
1,14,2,4,138,138,6240,6424,14,28732,2005-08-31,"-47,54925877","-21,58327721",4326,500,1,8,1,0,Normal,"13,66",,0,1,"22,56","22,56"
1,14,2,4,138,138,6241,6425,14,28732,2005-08-31,"-47,54925877","-21,58327721",4326,500,1,9,1,3,Bifurcada Abaixo,"7,32",,0,1,"14,25","14,25"
1,14,2,4,138,138,6241,6426,14,28732,2005-08-31,"-47,54925877","-21,58327721",4326,500,1,9,2,3,Bifurcada Abaixo,"15,76",,0,1,"24,21","24,21"
1,14,2,4,138,138,6242,6427,14,28732,2005-08-31,"-47,54925877","-21,58327721",4326,500,1,10,1,0,Normal,"12,13",,0,1,"21,1","21,1"
1,14,2,4,138,138,6243,6428,14,28732,2005-08-31,"-47,54925877","-21,58327721",4326,500,1,11,1,0,Normal,"18,3",,0,1,"25,8","25,8"
1,14,2,4,138,138,6244,6429,14,28732,2005-08-31,"-47,54925877","-21,58327721",4326,500,1,12,1,0,Normal,"14,13",,0,1,"22,96","22,96"
1,14,2,4,138,138,6245,6430,14,28732,2005-08-31,"-47,54925877","-21,58327721",4326,500,1,13,1,0,Normal,"10,5",,0,1,"19,23","19,23"
1,14,2,4,138,138,6246,6431,14,28732,2005-08-31,"-47,54925877","-21,58327721",4326,500,1,14,1,0,Normal,7,,0,1,"13,62","13,62"
1,14,2,4,138,138,6247,6432,14,28732,2005-08-31,"-47,54925877","-21,58327721",4326,500,1,15,1,0,Normal,"9,23","16,6",1,1,"17,49","16,6"
1,14,2,4,138,138,6248,6433,14,28732,2005-08-31,"-47,54925877","-21,58327721",4326,500,1,16,1,0,Normal,"12,54","20,6",1,1,"21,51","20,6"
1,14,2,4,138,138,6249,6434,14,28732,2005-08-31,"-47,54925877","-21,58327721",4326,500,1,17,1,2,Dominante,"18,46","26,6",1,1,"25,89","26,6"
1,14,2,4,138,138,6250,6435,14,28732,2005-08-31,"-47,54925877","-21,58327721",4326,500,1,18,1,2,Dominante,"19,99",27,1,1,"26,68",27
1,14,2,4,138,138,6251,6436,14,28732,2005-08-31,"-47,54925877","-21,58327721",4326,500,1,19,1,1,Falha,0,,0,0,,
1,14,2,4,138,138,6252,6437,14,28732,2005-08-31,"-47,54925877","-21,58327721",4326,500,1,20,1,0,Normal,"15,28",24,1,1,"23,86",24
1,14,2,4,138,138,6253,6438,14,28732,2005-08-31,"-47,54925877","-21,58327721",4326,500,1,21,1,0,Normal,"15,63","24,2",1,1,"24,12","24,2"
1,14,2,4,138,138,6254,6439,14,28732,2005-08-31,"-47,54925877","-21,58327721",4326,500,1,22,1,0,Normal,"15,5","24,7",1,1,"24,02","24,7"
1,14,2,4,138,138,6255,6440,14,28732,2005-08-31,"-47,54925877","-21,58327721",4326,500,1,23,1,0,Normal,"10,35","18,9",1,1,"19,04","18,9"
1,14,2,4,138,138,6256,6441,14,28732,2005-08-31,"-47,54925877","-21,58327721",4326,500,1,24,1,0,Normal,"16,62","25,3",1,1,"24,79","25,3"
1,14,2,4,138,138,6257,6442,14,28732,2005-08-31,"-47,54925877","-21,58327721",4326,500,1,25,1,0,Normal,"11,78","22,6",1,1,"20,73","22,6"
1,14,2,4,138,138,6258,6443,14,28732,2005-08-31,"-47,54925877","-21,58327721",4326,500,1,26,1,0,Normal,"15,92",,0,1,"24,32","24,32"
1,14,2,4,138,138,6259,6444,14,28732,2005-08-31,"-47,54925877","-21,58327721",4326,500,1,27,1,0,Normal,"18,14",,0,1,"25,71","25,71"
1,14,2,4,138,138,6260,6445,14,28732,2005-08-31,"-47,54925877","-21,58327721",4326,500,1,28,1,1,Falha,0,,0,0,,
1,14,2,4,138,138,6261,6446,14,28732,2005-08-31,"-47,54925877","-21,58327721",4326,500,1,29,1,0,Normal,"18,46",,0,1,"25,89","25,89"
1,14,2,4,138,138,6262,6447,14,28732,2005-08-31,"-47,54925877","-21,58327721",4326,500,1,30,1,2,Dominante,"20,63","26,6",1,1,"26,98","26,6"
1,14,2,4,138,138,6263,6448,14,28732,2005-08-31,"-47,54925877","-21,58327721",4326,500,1,31,1,0,Normal,"17,51",,0,1,"25,35","25,35"
1,14,2,4,138,138,6264,6449,14,28732,2005-08-31,"-47,54925877","-21,58327721",4326,500,1,32,1,1,Falha,0,,0,0,,
1,14,2,4,138,138,6265,6450,14,28732,2005-08-31,"-47,54925877","-21,58327721",4326,500,1,33,1,0,Normal,"15,6",,0,1,"24,1","24,1"
1,14,2,4,138,138,6266,6451,14,28732,2005-08-31,"-47,54925877","-21,58327721",4326,500,1,34,1,1,Falha,0,,0,0,,
1,14,2,4,138,138,6267,6452,14,28732,2005-08-31,"-47,54925877","-21,58327721",4326,500,1,35,1,0,Normal,"17,44",,0,1,"25,3","25,3"
1,14,2,4,138,138,6268,6453,14,28732,2005-08-31,"-47,54925877","-21,58327721",4326,500,1,36,1,0,Normal,"9,9",,0,1,"18,44","18,44"
1,14,2,4,138,138,6269,6454,14,28732,2005-08-31,"-47,54925877","-21,58327721",4326,500,1,37,1,2,Dominante,"22,92","25,5",1,1,"27,95","25,5"
1,14,2,4,138,138,6270,6455,14,28732,2005-08-31,"-47,54925877","-21,58327721",4326,500,1,38,1,1,Falha,0,,0,0,,
1,14,2,4,138,138,6271,6456,14,28732,2005-08-31,"-47,54925877","-21,58327721",4326,500,1,39,1,1,Falha,0,,0,0,,
1,14,2,4,138,138,6272,6457,14,28732,2005-08-31,"-47,54925877","-21,58327721",4326,500,1,40,1,1,Falha,0,,0,0,,
1,14,2,4,138,138,6273,6458,14,28732,2005-08-31,"-47,54925877","-21,58327721",4326,500,1,41,1,1,Falha,0,,0,0,,
1,14,2,4,138,138,6274,6459,14,28732,2005-08-31,"-47,54925877","-21,58327721",4326,500,1,42,1,3,Bifurcada Abaixo,"17,19",,0,1,"25,15","25,15"
1,14,2,4,138,138,6274,6460,14,28732,2005-08-31,"-47,54925877","-21,58327721",4326,500,1,42,2,3,Bifurcada Abaixo,"13,21",,0,1,"22,15","22,15"
1,14,2,4,138,138,6275,6461,14,28732,2005-08-31,"-47,54925877","-21,58327721",4326,500,1,43,1,1,Falha,0,,0,0,,
1,14,2,4,138,138,6276,6462,14,28732,2005-08-31,"-47,54925877","-21,58327721",4326,500,1,44,1,0,Normal,"15,28",,0,1,"23,86","23,86"
1,14,2,4,140,140,6322,6509,14,28734,2005-08-31,"-47,54592843","-21,58327397",4326,500,1,1,1,1,Falha,0,,0,0,,
1,14,2,4,140,140,6323,6510,14,28734,2005-08-31,"-47,54592843","-21,58327397",4326,500,1,2,1,2,Dominante,"20,85","28,1",1,1,"27,02","28,1"
1,14,2,4,140,140,6324,6511,14,28734,2005-08-31,"-47,54592843","-21,58327397",4326,500,1,3,1,0,Normal,"17,35",,0,1,"25,19","25,19"
1,14,2,4,140,140,6325,6512,14,28734,2005-08-31,"-47,54592843","-21,58327397",4326,500,1,4,1,0,Normal,"17,83",,0,1,"25,48","25,48"
1,14,2,4,140,140,6326,6513,14,28734,2005-08-31,"-47,54592843","-21,58327397",4326,500,1,5,1,0,Normal,"17,44",,0,1,"25,25","25,25"
1,14,2,4,140,140,6327,6514,14,28734,2005-08-31,"-47,54592843","-21,58327397",4326,500,1,6,1,0,Normal,"19,42",,0,1,"26,34","26,34"
1,14,2,4,140,140,6328,6515,14,28734,2005-08-31,"-47,54592843","-21,58327397",4326,500,1,7,1,3,Bifurcada Abaixo,"17,51",,0,1,"25,29","25,29"
1,14,2,4,140,140,6328,6516,14,28734,2005-08-31,"-47,54592843","-21,58327397",4326,500,1,7,2,3,Bifurcada Abaixo,"9,8",,0,1,"18,29","18,29"
1,14,2,4,140,140,6329,6517,14,28734,2005-08-31,"-47,54592843","-21,58327397",4326,500,1,8,1,2,Dominante,"19,67","28,5",1,1,"26,46","28,5"
1,14,2,4,140,140,6330,6518,14,28734,2005-08-31,"-47,54592843","-21,58327397",4326,500,1,9,1,0,Normal,"18,46",,0,1,"25,83","25,83"
1,14,2,4,140,140,6331,6519,14,28734,2005-08-31,"-47,54592843","-21,58327397",4326,500,1,10,1,0,Normal,"13,85",,0,1,"22,68","22,68"
1,14,2,4,140,140,6332,6520,14,28734,2005-08-31,"-47,54592843","-21,58327397",4326,500,1,11,1,0,Normal,"19,42","28,7",1,1,"26,34","28,7"
1,14,2,4,140,140,6333,6521,14,28734,2005-08-31,"-47,54592843","-21,58327397",4326,500,1,12,1,0,Normal,"19,1",27,1,1,"26,17",27
1,14,2,4,140,140,6334,6522,14,28734,2005-08-31,"-47,54592843","-21,58327397",4326,500,1,13,1,0,Normal,"18,14","26,6",1,1,"25,65","26,6"
1,14,2,4,140,140,6335,6523,14,28734,2005-08-31,"-47,54592843","-21,58327397",4326,500,1,14,1,0,Normal,"18,14","27,8",1,1,"25,65","27,8"
1,14,2,4,140,140,6336,6524,14,28734,2005-08-31,"-47,54592843","-21,58327397",4326,500,1,15,1,0,Normal,"16,27","26,4",1,1,"24,51","26,4"
1,14,2,4,140,140,6337,6525,14,28734,2005-08-31,"-47,54592843","-21,58327397",4326,500,1,16,1,2,Dominante,"20,18","28,5",1,1,"26,71","28,5"
1,14,2,4,140,140,6338,6526,14,28734,2005-08-31,"-47,54592843","-21,58327397",4326,500,1,17,1,0,Normal,"14,64","26,6",1,1,"23,33","26,6"
1,14,2,4,140,140,6339,6527,14,28734,2005-08-31,"-47,54592843","-21,58327397",4326,500,1,18,1,7,Bifurcada Acima,"18,14",27,1,1,"25,65",27
1,14,2,4,140,140,6340,6528,14,28734,2005-08-31,"-47,54592843","-21,58327397",4326,500,1,19,1,0,Normal,"16,46","26,2",1,1,"24,63","26,2"
1,14,2,4,140,140,6341,6529,14,28734,2005-08-31,"-47,54592843","-21,58327397",4326,500,1,20,1,0,Normal,"14,71","26,6",1,1,"23,38","26,6"
1,14,2,4,140,140,6342,6530,14,28734,2005-08-31,"-47,54592843","-21,58327397",4326,500,1,21,1,0,Normal,"17,67",,0,1,"25,38","25,38"
1,14,2,4,140,140,6343,6531,14,28734,2005-08-31,"-47,54592843","-21,58327397",4326,500,1,22,1,0,Normal,"18,59",,0,1,"25,9","25,9"
1,14,2,4,140,140,6344,6532,14,28734,2005-08-31,"-47,54592843","-21,58327397",4326,500,1,23,1,0,Normal,"15,34",,0,1,"23,86","23,86"
1,14,2,4,140,140,6345,6533,14,28734,2005-08-31,"-47,54592843","-21,58327397",4326,500,1,24,1,2,Dominante,"22,22","26,9",1,1,"27,6","26,9"
1,14,2,4,140,140,6346,6534,14,28734,2005-08-31,"-47,54592843","-21,58327397",4326,500,1,25,1,0,Normal,"15,06",,0,1,"23,65","23,65"
1,14,2,4,140,140,6347,6535,14,28734,2005-08-31,"-47,54592843","-21,58327397",4326,500,1,26,1,0,Normal,"13,69",,0,1,"22,54","22,54"
1,14,2,4,140,140,6348,6536,14,28734,2005-08-31,"-47,54592843","-21,58327397",4326,500,1,27,1,0,Normal,"18,21",,0,1,"25,69","25,69"
1,14,2,4,140,140,6349,6537,14,28734,2005-08-31,"-47,54592843","-21,58327397",4326,500,1,28,1,0,Normal,"12,73",,0,1,"21,66","21,66"
1,14,2,4,140,140,6350,6538,14,28734,2005-08-31,"-47,54592843","-21,58327397",4326,500,1,29,1,0,Normal,"19,19",,0,1,"26,22","26,22"
1,14,2,4,140,140,6351,6539,14,28734,2005-08-31,"-47,54592843","-21,58327397",4326,500,1,30,1,0,Normal,"13,69",,0,1,"22,54","22,54"
1,14,2,4,140,140,6352,6540,14,28734,2005-08-31,"-47,54592843","-21,58327397",4326,500,1,31,1,0,Normal,"17,51",,0,1,"25,29","25,29"
1,14,2,4,140,140,6353,6541,14,28734,2005-08-31,"-47,54592843","-21,58327397",4326,500,1,32,1,0,Normal,"6,37",,0,1,"12,3","12,3"
1,14,2,4,140,140,6354,6542,14,28734,2005-08-31,"-47,54592843","-21,58327397",4326,500,1,33,1,2,Dominante,"19,89","25,2",1,1,"26,57","25,2"
1,14,2,4,140,140,6355,6543,14,28734,2005-08-31,"-47,54592843","-21,58327397",4326,500,1,34,1,0,Normal,"11,08",,0,1,"19,91","19,91"
1,14,2,4,140,140,6356,6544,14,28734,2005-08-31,"-47,54592843","-21,58327397",4326,500,1,35,1,0,Normal,"19,1",,0,1,"26,17","26,17"
1,14,2,4,140,140,6357,6545,14,28734,2005-08-31,"-47,54592843","-21,58327397",4326,500,1,36,1,0,Normal,"12,89",,0,1,"21,82","21,82"
1,14,2,4,140,140,6358,6546,14,28734,2005-08-31,"-47,54592843","-21,58327397",4326,500,1,37,1,0,Normal,"17,83",,0,1,"25,48","25,48"
1,14,2,4,140,140,6359,6547,14,28734,2005-08-31,"-47,54592843","-21,58327397",4326,500,1,38,1,0,Normal,"14,07",,0,1,"22,87","22,87"
1,14,2,4,140,140,6360,6548,14,28734,2005-08-31,"-47,54592843","-21,58327397",4326,500,1,39,1,0,Normal,"17,22",,0,1,"25,12","25,12"
1,14,2,4,140,140,6361,6549,14,28734,2005-08-31,"-47,54592843","-21,58327397",4326,500,1,40,1,0,Normal,"18,46",,0,1,"25,83","25,83"
1,14,2,4,140,140,6362,6550,14,28734,2005-08-31,"-47,54592843","-21,58327397",4326,500,1,41,1,0,Normal,"7,32",,0,1,"14,25","14,25"
1,14,2,4,140,140,6363,6551,14,28734,2005-08-31,"-47,54592843","-21,58327397",4326,500,1,42,1,0,Normal,"17,03",,0,1,25,25
1,14,2,4,140,140,6364,6552,14,28734,2005-08-31,"-47,54592843","-21,58327397",4326,500,1,43,1,0,Normal,"14,36",,0,1,"23,1","23,1"
1,14,2,4,142,142,6410,6599,14,28736,2005-08-31,"-47,54928612","-21,58483868",4326,500,1,1,1,0,Normal,"14,07",,0,1,"22,75","22,75"
1,14,2,4,142,142,6411,6600,14,28736,2005-08-31,"-47,54928612","-21,58483868",4326,500,1,2,1,1,Falha,0,,0,0,,
1,14,2,4,142,142,6412,6601,14,28736,2005-08-31,"-47,54928612","-21,58483868",4326,500,1,3,1,0,Normal,"12,51",,0,1,"21,24","21,24"
1,14,2,4,142,142,6413,6602,14,28736,2005-08-31,"-47,54928612","-21,58483868",4326,500,1,4,1,0,Normal,"13,72",,0,1,"22,44","22,44"
1,14,2,4,142,142,6414,6603,14,28736,2005-08-31,"-47,54928612","-21,58483868",4326,500,1,5,1,0,Normal,"17,51",,0,1,"25,36","25,36"
1,14,2,4,142,142,6415,6604,14,28736,2005-08-31,"-47,54928612","-21,58483868",4326,500,1,6,1,0,Normal,"14,01",,0,1,"22,7","22,7"
1,14,2,4,142,142,6416,6605,14,28736,2005-08-31,"-47,54928612","-21,58483868",4326,500,1,7,1,0,Normal,"12,41",,0,1,"21,13","21,13"
1,14,2,4,142,142,6417,6606,14,28736,2005-08-31,"-47,54928612","-21,58483868",4326,500,1,8,1,0,Normal,"9,55",,0,1,"17,52","17,52"
1,14,2,4,142,142,6418,6607,14,28736,2005-08-31,"-47,54928612","-21,58483868",4326,500,1,9,1,0,Normal,"12,8",,0,1,"21,54","21,54"
1,14,2,4,142,142,6419,6608,14,28736,2005-08-31,"-47,54928612","-21,58483868",4326,500,1,10,1,0,Normal,"14,64",,0,1,"23,25","23,25"
1,14,2,4,142,142,6420,6609,14,28736,2005-08-31,"-47,54928612","-21,58483868",4326,500,1,11,1,0,Normal,"12,13",,0,1,"20,83","20,83"
1,14,2,4,142,142,6421,6610,14,28736,2005-08-31,"-47,54928612","-21,58483868",4326,500,1,12,1,2,Dominante,"17,76",26,1,1,"25,52",26
1,14,2,4,142,142,6422,6611,14,28736,2005-08-31,"-47,54928612","-21,58483868",4326,500,1,13,1,0,Normal,"11,27",,0,1,"19,84","19,84"
1,14,2,4,142,142,6423,6612,14,28736,2005-08-31,"-47,54928612","-21,58483868",4326,500,1,14,1,0,Normal,"14,96",,0,1,"23,52","23,52"
1,14,2,4,142,142,6424,6613,14,28736,2005-08-31,"-47,54928612","-21,58483868",4326,500,1,15,1,0,Normal,"14,58","24,2",1,1,"23,2","24,2"
1,14,2,4,142,142,6425,6614,14,28736,2005-08-31,"-47,54928612","-21,58483868",4326,500,1,16,1,0,Normal,"13,69","22,5",1,1,"22,41","22,5"
1,14,2,4,142,142,6426,6615,14,28736,2005-08-31,"-47,54928612","-21,58483868",4326,500,1,17,1,0,Normal,"14,77",23,1,1,"23,36",23
1,14,2,4,142,142,6427,6616,14,28736,2005-08-31,"-47,54928612","-21,58483868",4326,500,1,18,1,0,Normal,"17,22","24,5",1,1,"25,17","24,5"
1,14,2,4,142,142,6428,6617,14,28736,2005-08-31,"-47,54928612","-21,58483868",4326,500,1,19,1,0,Normal,"11,4","19,2",1,1,"19,99","19,2"
1,14,2,4,142,142,6429,6618,14,28736,2005-08-31,"-47,54928612","-21,58483868",4326,500,1,20,1,0,Normal,"16,9","23,3",1,1,"24,96","23,3"
1,14,2,4,142,142,6430,6619,14,28736,2005-08-31,"-47,54928612","-21,58483868",4326,500,1,21,1,0,Normal,"15,44","23,7",1,1,"23,9","23,7"
1,14,2,4,142,142,6431,6620,14,28736,2005-08-31,"-47,54928612","-21,58483868",4326,500,1,22,1,0,Normal,"12,19","21,5",1,1,"20,9","21,5"
1,14,2,4,142,142,6432,6621,14,28736,2005-08-31,"-47,54928612","-21,58483868",4326,500,1,23,1,0,Normal,"15,44",24,1,1,"23,9",24
1,14,2,4,142,142,6433,6622,14,28736,2005-08-31,"-47,54928612","-21,58483868",4326,500,1,24,1,0,Normal,"13,69","22,5",1,1,"22,41","22,5"
1,14,2,4,142,142,6434,6623,14,28736,2005-08-31,"-47,54928612","-21,58483868",4326,500,1,25,1,0,Normal,"12,32",,0,1,"21,04","21,04"
1,14,2,4,142,142,6435,6624,14,28736,2005-08-31,"-47,54928612","-21,58483868",4326,500,1,26,1,0,Normal,"13,72",,0,1,"22,44","22,44"
1,14,2,4,142,142,6436,6625,14,28736,2005-08-31,"-47,54928612","-21,58483868",4326,500,1,27,1,0,Normal,"14,2",,0,1,"22,87","22,87"
1,14,2,4,142,142,6437,6626,14,28736,2005-08-31,"-47,54928612","-21,58483868",4326,500,1,28,1,0,Normal,"14,1",,0,1,"22,78","22,78"
1,14,2,4,142,142,6438,6627,14,28736,2005-08-31,"-47,54928612","-21,58483868",4326,500,1,29,1,0,Normal,"12,67",,0,1,"21,41","21,41"
1,14,2,4,142,142,6439,6628,14,28736,2005-08-31,"-47,54928612","-21,58483868",4326,500,1,30,1,0,Normal,"14,16",,0,1,"22,83","22,83"
1,14,2,4,142,142,6440,6629,14,28736,2005-08-31,"-47,54928612","-21,58483868",4326,500,1,31,1,0,Normal,"12,1",,0,1,"20,8","20,8"
1,14,2,4,142,142,6441,6630,14,28736,2005-08-31,"-47,54928612","-21,58483868",4326,500,1,32,1,0,Normal,"16,17",,0,1,"24,45","24,45"
1,14,2,4,142,142,6442,6631,14,28736,2005-08-31,"-47,54928612","-21,58483868",4326,500,1,33,1,0,Normal,"10,54",,0,1,"18,91","18,91"
1,14,2,4,142,142,6443,6632,14,28736,2005-08-31,"-47,54928612","-21,58483868",4326,500,1,34,1,2,Dominante,"20,02","27,5",1,1,"26,81","27,5"
1,14,2,4,142,142,6444,6633,14,28736,2005-08-31,"-47,54928612","-21,58483868",4326,500,1,35,1,0,Normal,"15,12",,0,1,"23,64","23,64"
1,14,2,4,142,142,6445,6634,14,28736,2005-08-31,"-47,54928612","-21,58483868",4326,500,1,36,1,0,Normal,"15,82",,0,1,"24,19","24,19"
1,14,2,4,142,142,6446,6635,14,28736,2005-08-31,"-47,54928612","-21,58483868",4326,500,1,37,1,2,Dominante,"19,07","26,8",1,1,"26,3","26,8"
1,14,2,4,142,142,6447,6636,14,28736,2005-08-31,"-47,54928612","-21,58483868",4326,500,1,38,1,0,Normal,"14,9",,0,1,"23,47","23,47"
1,14,2,4,142,142,6448,6637,14,28736,2005-08-31,"-47,54928612","-21,58483868",4326,500,1,39,1,3,Bifurcada Abaixo,"12,1",,0,1,"20,8","20,8"
1,14,2,4,142,142,6448,6638,14,28736,2005-08-31,"-47,54928612","-21,58483868",4326,500,1,39,2,3,Bifurcada Abaixo,"14,64",,0,1,"23,25","23,25"
1,14,2,4,142,142,6449,6639,14,28736,2005-08-31,"-47,54928612","-21,58483868",4326,500,1,40,1,1,Falha,0,,0,0,,
1,14,2,4,142,142,6450,6640,14,28736,2005-08-31,"-47,54928612","-21,58483868",4326,500,1,41,1,2,Dominante,"18,14","27,7",1,1,"25,76","27,7"
1,14,2,4,142,142,6451,6641,14,28736,2005-08-31,"-47,54928612","-21,58483868",4326,500,1,42,1,2,Dominante,"20,69","25,3",1,1,"27,15","25,3"
1,14,2,4,142,142,6452,6642,14,28736,2005-08-31,"-47,54928612","-21,58483868",4326,500,1,43,1,0,Normal,"16,58",,0,1,"24,74","24,74"
1,14,2,4,142,142,6453,6643,14,28736,2005-08-31,"-47,54928612","-21,58483868",4326,500,1,44,1,0,Normal,"16,33",,0,1,"24,56","24,56"
1,14,2,4,144,144,6500,6691,14,28738,2005-08-31,"-47,5509835","-21,58640167",4326,500,1,1,1,0,Normal,"18,14",,0,1,"24,3","24,3"
1,14,2,4,144,144,6501,6692,14,28738,2005-08-31,"-47,5509835","-21,58640167",4326,500,1,2,1,0,Normal,"17,03",,0,1,"23,83","23,83"
1,14,2,4,144,144,6502,6693,14,28738,2005-08-31,"-47,5509835","-21,58640167",4326,500,1,3,1,0,Normal,"15,92",,0,1,"23,31","23,31"
1,14,2,4,144,144,6503,6694,14,28738,2005-08-31,"-47,5509835","-21,58640167",4326,500,1,4,1,0,Normal,"15,31",,0,1,23,23
1,14,2,4,144,144,6504,6695,14,28738,2005-08-31,"-47,5509835","-21,58640167",4326,500,1,5,1,0,Normal,"18,14",,0,1,"24,3","24,3"
1,14,2,4,144,144,6505,6696,14,28738,2005-08-31,"-47,5509835","-21,58640167",4326,500,1,6,1,0,Normal,"12,41",,0,1,"21,18","21,18"
1,14,2,4,144,144,6506,6697,14,28738,2005-08-31,"-47,5509835","-21,58640167",4326,500,1,7,1,0,Normal,"16,87",,0,1,"23,76","23,76"
1,14,2,4,144,144,6507,6698,14,28738,2005-08-31,"-47,5509835","-21,58640167",4326,500,1,8,1,0,Normal,"15,22",,0,1,"22,95","22,95"
1,14,2,4,144,144,6508,6699,14,28738,2005-08-31,"-47,5509835","-21,58640167",4326,500,1,9,1,0,Normal,"12,89",,0,1,"21,53","21,53"
1,14,2,4,144,144,6509,6700,14,28738,2005-08-31,"-47,5509835","-21,58640167",4326,500,1,10,1,0,Normal,"12,1",,0,1,"20,95","20,95"
1,14,2,4,144,144,6510,6701,14,28738,2005-08-31,"-47,5509835","-21,58640167",4326,500,1,11,1,0,Normal,"13,69",,0,1,"22,06","22,06"
1,14,2,4,144,144,6511,6702,14,28738,2005-08-31,"-47,5509835","-21,58640167",4326,500,1,12,1,0,Normal,"14,26",,0,1,"22,41","22,41"
1,14,2,4,144,144,6512,6703,14,28738,2005-08-31,"-47,5509835","-21,58640167",4326,500,1,13,1,0,Normal,"9,33",,0,1,"18,35","18,35"
1,14,2,4,144,144,6513,6704,14,28738,2005-08-31,"-47,5509835","-21,58640167",4326,500,1,14,1,0,Normal,"11,97",,0,1,"20,85","20,85"
1,14,2,4,144,144,6514,6705,14,28738,2005-08-31,"-47,5509835","-21,58640167",4326,500,1,15,1,0,Normal,"16,23",,0,1,"23,47","23,47"
1,14,2,4,144,144,6515,6706,14,28738,2005-08-31,"-47,5509835","-21,58640167",4326,500,1,16,1,0,Normal,"15,44",22,1,1,"23,07",22
1,14,2,4,144,144,6516,6707,14,28738,2005-08-31,"-47,5509835","-21,58640167",4326,500,1,17,1,2,Dominante,"20,69","23,8",1,1,"25,21","23,8"
1,14,2,4,144,144,6517,6708,14,28738,2005-08-31,"-47,5509835","-21,58640167",4326,500,1,18,1,0,Normal,"17,83","22,9",1,1,"24,18","22,9"
1,14,2,4,144,144,6518,6709,14,28738,2005-08-31,"-47,5509835","-21,58640167",4326,500,1,19,1,0,Normal,"9,29","16,7",1,1,"18,31","16,7"
1,14,2,4,144,144,6519,6710,14,28738,2005-08-31,"-47,5509835","-21,58640167",4326,500,1,20,1,0,Normal,"13,69","24,1",1,1,"22,06","24,1"
1,14,2,4,144,144,6520,6711,14,28738,2005-08-31,"-47,5509835","-21,58640167",4326,500,1,21,1,0,Normal,"17,51",25,1,1,"24,04",25
1,14,2,4,144,144,6521,6712,14,28738,2005-08-31,"-47,5509835","-21,58640167",4326,500,1,22,1,0,Normal,"16,55","24,2",1,1,"23,62","24,2"
1,14,2,4,144,144,6522,6713,14,28738,2005-08-31,"-47,5509835","-21,58640167",4326,500,1,23,1,0,Normal,"14,96",24,1,1,"22,81",24
1,14,2,4,144,144,6523,6714,14,28738,2005-08-31,"-47,5509835","-21,58640167",4326,500,1,24,1,0,Normal,"13,4","24,1",1,1,"21,87","24,1"
1,14,2,4,144,144,6524,6715,14,28738,2005-08-31,"-47,5509835","-21,58640167",4326,500,1,25,1,0,Normal,"18,08",24,1,1,"24,28",24
1,14,2,4,144,144,6525,6716,14,28738,2005-08-31,"-47,5509835","-21,58640167",4326,500,1,26,1,0,Normal,"15,92",,0,1,"23,31","23,31"
1,14,2,4,144,144,6526,6717,14,28738,2005-08-31,"-47,5509835","-21,58640167",4326,500,1,27,1,2,Dominante,"18,78","23,6",1,1,"24,55","23,6"
1,14,2,4,144,144,6527,6718,14,28738,2005-08-31,"-47,5509835","-21,58640167",4326,500,1,28,1,0,Normal,"10,5",,0,1,"19,57","19,57"
1,14,2,4,144,144,6528,6719,14,28738,2005-08-31,"-47,5509835","-21,58640167",4326,500,1,29,1,0,Normal,"16,23",,0,1,"23,47","23,47"
1,14,2,4,144,144,6529,6720,14,28738,2005-08-31,"-47,5509835","-21,58640167",4326,500,1,30,1,0,Normal,"15,15",,0,1,"22,92","22,92"
1,14,2,4,144,144,6530,6721,14,28738,2005-08-31,"-47,5509835","-21,58640167",4326,500,1,31,1,0,Normal,"10,12",,0,1,"19,2","19,2"
1,14,2,4,144,144,6531,6722,14,28738,2005-08-31,"-47,5509835","-21,58640167",4326,500,1,32,1,2,Dominante,"21,42",25,1,1,"25,43",25
1,14,2,4,144,144,6532,6723,14,28738,2005-08-31,"-47,5509835","-21,58640167",4326,500,1,33,1,0,Normal,"16,17",,0,1,"23,44","23,44"
1,14,2,4,144,144,6533,6724,14,28738,2005-08-31,"-47,5509835","-21,58640167",4326,500,1,34,1,0,Normal,"14,01",,0,1,"22,26","22,26"
1,14,2,4,144,144,6534,6725,14,28738,2005-08-31,"-47,5509835","-21,58640167",4326,500,1,35,1,2,Dominante,"22,6",25,1,1,"25,77",25
1,14,2,4,144,144,6535,6726,14,28738,2005-08-31,"-47,5509835","-21,58640167",4326,500,1,36,1,2,Dominante,"18,59","25,1",1,1,"24,48","25,1"
1,14,2,4,144,144,6536,6727,14,28738,2005-08-31,"-47,5509835","-21,58640167",4326,500,1,37,1,0,Normal,"6,46",,0,1,"14,2","14,2"
1,14,2,4,144,144,6537,6728,14,28738,2005-08-31,"-47,5509835","-21,58640167",4326,500,1,38,1,0,Normal,"11,59",,0,1,"20,54","20,54"
1,14,2,4,144,144,6538,6729,14,28738,2005-08-31,"-47,5509835","-21,58640167",4326,500,1,39,1,0,Normal,"14,32",,0,1,"22,45","22,45"
1,14,2,4,144,144,6539,6730,14,28738,2005-08-31,"-47,5509835","-21,58640167",4326,500,1,40,1,0,Normal,"17,22",,0,1,"23,92","23,92"
1,14,2,4,144,144,6540,6731,14,28738,2005-08-31,"-47,5509835","-21,58640167",4326,500,1,41,1,0,Normal,"17,67",,0,1,"24,11","24,11"
1,14,2,4,144,144,6541,6732,14,28738,2005-08-31,"-47,5509835","-21,58640167",4326,500,1,42,1,0,Normal,"17,13",,0,1,"23,88","23,88"
1,14,2,4,144,144,6542,6733,14,28738,2005-08-31,"-47,5509835","-21,58640167",4326,500,1,43,1,0,Normal,"16,77",,0,1,"23,72","23,72"
1,14,2,4,144,144,6543,6734,14,28738,2005-08-31,"-47,5509835","-21,58640167",4326,500,1,44,1,0,Normal,"13,05",,0,1,"21,64","21,64"
1,14,2,4,144,144,6544,6735,14,28738,2005-08-31,"-47,5509835","-21,58640167",4326,500,1,45,1,0,Normal,"16,58",,0,1,"23,63","23,63"
1,14,2,4,144,144,6545,6736,14,28738,2005-08-31,"-47,5509835","-21,58640167",4326,500,1,46,1,0,Normal,"15,09",,0,1,"22,88","22,88"
1,14,2,4,146,146,6599,6792,14,28740,2005-08-31,"-47,5508082","-21,58796624",4326,500,1,1,1,0,Normal,"15,98",,0,1,"23,45","23,45"
1,14,2,4,146,146,6600,6793,14,28740,2005-08-31,"-47,5508082","-21,58796624",4326,500,1,2,1,0,Normal,"16,9",,0,1,"23,95","23,95"
1,14,2,4,146,146,6601,6794,14,28740,2005-08-31,"-47,5508082","-21,58796624",4326,500,1,3,1,0,Normal,"15,47",,0,1,"23,16","23,16"
1,14,2,4,146,146,6602,6795,14,28740,2005-08-31,"-47,5508082","-21,58796624",4326,500,1,4,1,0,Normal,"11,59",,0,1,"20,29","20,29"
1,14,2,4,146,146,6603,6796,14,28740,2005-08-31,"-47,5508082","-21,58796624",4326,500,1,5,1,0,Normal,"15,79",,0,1,"23,35","23,35"
1,14,2,4,146,146,6604,6797,14,28740,2005-08-31,"-47,5508082","-21,58796624",4326,500,1,6,1,0,Normal,"14,51",,0,1,"22,56","22,56"
1,14,2,4,146,146,6605,6798,14,28740,2005-08-31,"-47,5508082","-21,58796624",4326,500,1,7,1,0,Normal,"15,79",,0,1,"23,35","23,35"
1,14,2,4,146,146,6606,6799,14,28740,2005-08-31,"-47,5508082","-21,58796624",4326,500,1,8,1,0,Normal,"13,15",,0,1,"21,6","21,6"
1,14,2,4,146,146,6607,6800,14,28740,2005-08-31,"-47,5508082","-21,58796624",4326,500,1,9,1,2,Dominante,"20,44","25,9",1,1,"25,5","25,9"
1,14,2,4,146,146,6608,6801,14,28740,2005-08-31,"-47,5508082","-21,58796624",4326,500,1,10,1,0,Normal,"15,69",,0,1,"23,29","23,29"
1,14,2,4,146,146,6609,6802,14,28740,2005-08-31,"-47,5508082","-21,58796624",4326,500,1,11,1,0,Normal,"16,62",,0,1,"23,8","23,8"
1,14,2,4,146,146,6610,6803,14,28740,2005-08-31,"-47,5508082","-21,58796624",4326,500,1,12,1,0,Normal,"15,98",,0,1,"23,45","23,45"
1,14,2,4,146,146,6611,6804,14,28740,2005-08-31,"-47,5508082","-21,58796624",4326,500,1,13,1,0,Normal,"13,94",,0,1,"22,18","22,18"
1,14,2,4,146,146,6612,6805,14,28740,2005-08-31,"-47,5508082","-21,58796624",4326,500,1,14,1,0,Normal,"13,15",,0,1,"21,6","21,6"
1,14,2,4,146,146,6613,6806,14,28740,2005-08-31,"-47,5508082","-21,58796624",4326,500,1,15,1,0,Normal,"8,53",,0,1,"16,79","16,79"
1,14,2,4,146,146,6614,6807,14,28740,2005-08-31,"-47,5508082","-21,58796624",4326,500,1,16,1,0,Normal,"14,07","23,5",1,1,"22,27","23,5"
1,14,2,4,146,146,6615,6808,14,28740,2005-08-31,"-47,5508082","-21,58796624",4326,500,1,17,1,2,Dominante,"21,04","25,2",1,1,"25,71","25,2"
1,14,2,4,146,146,6615,6809,14,28740,2005-08-31,"-47,5508082","-21,58796624",4326,500,1,17,2,3,Bifurcada Abaixo,"15,06",21,1,1,"22,91",21
1,14,2,4,146,146,6616,6810,14,28740,2005-08-31,"-47,5508082","-21,58796624",4326,500,1,18,1,0,Normal,"13,11","22,5",1,1,"21,57","22,5"
1,14,2,4,146,146,6617,6811,14,28740,2005-08-31,"-47,5508082","-21,58796624",4326,500,1,19,1,0,Normal,"15,85","23,9",1,1,"23,38","23,9"
1,14,2,4,146,146,6618,6812,14,28740,2005-08-31,"-47,5508082","-21,58796624",4326,500,1,20,1,0,Normal,"16,14","21,5",1,1,"23,54","21,5"
1,14,2,4,146,146,6619,6813,14,28740,2005-08-31,"-47,5508082","-21,58796624",4326,500,1,21,1,2,Dominante,"20,15","25,5",1,1,"25,39","25,5"
1,14,2,4,146,146,6620,6814,14,28740,2005-08-31,"-47,5508082","-21,58796624",4326,500,1,22,1,0,Normal,"16,74","24,5",1,1,"23,86","24,5"
1,14,2,4,146,146,6621,6815,14,28740,2005-08-31,"-47,5508082","-21,58796624",4326,500,1,23,1,0,Normal,"14,67","23,4",1,1,"22,67","23,4"
1,14,2,4,146,146,6622,6816,14,28740,2005-08-31,"-47,5508082","-21,58796624",4326,500,1,24,1,0,Normal,"11,17","19,5",1,1,"19,89","19,5"
1,14,2,4,146,146,6623,6817,14,28740,2005-08-31,"-47,5508082","-21,58796624",4326,500,1,25,1,3,Bifurcada Abaixo,"12,41",,0,1,"21,01","21,01"
1,14,2,4,146,146,6623,6818,14,28740,2005-08-31,"-47,5508082","-21,58796624",4326,500,1,25,2,3,Bifurcada Abaixo,"8,59",,0,1,"16,87","16,87"
1,14,2,4,146,146,6624,6819,14,28740,2005-08-31,"-47,5508082","-21,58796624",4326,500,1,26,1,2,Dominante,"20,63",25,1,1,"25,57",25
1,14,2,4,146,146,6625,6820,14,28740,2005-08-31,"-47,5508082","-21,58796624",4326,500,1,27,1,0,Normal,"12,99",,0,1,"21,48","21,48"
1,14,2,4,146,146,6626,6821,14,28740,2005-08-31,"-47,5508082","-21,58796624",4326,500,1,28,1,0,Normal,"10,5",,0,1,"19,21","19,21"
1,14,2,4,146,146,6627,6822,14,28740,2005-08-31,"-47,5508082","-21,58796624",4326,500,1,29,1,0,Normal,"15,31",,0,1,"23,06","23,06"
1,14,2,4,146,146,6628,6823,14,28740,2005-08-31,"-47,5508082","-21,58796624",4326,500,1,30,1,0,Normal,"18,78",,0,1,"24,83","24,83"
1,14,2,4,146,146,6629,6824,14,28740,2005-08-31,"-47,5508082","-21,58796624",4326,500,1,31,1,0,Normal,"12,8",,0,1,"21,33","21,33"
1,14,2,4,146,146,6630,6825,14,28740,2005-08-31,"-47,5508082","-21,58796624",4326,500,1,32,1,0,Normal,"16,01",,0,1,"23,47","23,47"
1,14,2,4,146,146,6631,6826,14,28740,2005-08-31,"-47,5508082","-21,58796624",4326,500,1,33,1,0,Normal,"14,9",,0,1,"22,81","22,81"
1,14,2,4,146,146,6632,6827,14,28740,2005-08-31,"-47,5508082","-21,58796624",4326,500,1,34,1,1,Falha,0,,0,0,,
1,14,2,4,146,146,6633,6828,14,28740,2005-08-31,"-47,5508082","-21,58796624",4326,500,1,35,1,2,Dominante,"25,34","27,8",1,1,"27,01","27,8"
1,14,2,4,146,146,6634,6829,14,28740,2005-08-31,"-47,5508082","-21,58796624",4326,500,1,36,1,0,Normal,"16,93",,0,1,"23,96","23,96"
1,14,2,4,146,146,6635,6830,14,28740,2005-08-31,"-47,5508082","-21,58796624",4326,500,1,37,1,0,Normal,"14,67",,0,1,"22,67","22,67"
1,14,2,4,146,146,6636,6831,14,28740,2005-08-31,"-47,5508082","-21,58796624",4326,500,1,38,1,0,Normal,"16,81",,0,1,"23,9","23,9"
1,14,2,4,146,146,6637,6832,14,28740,2005-08-31,"-47,5508082","-21,58796624",4326,500,1,39,1,0,Normal,"16,04",,0,1,"23,49","23,49"
1,14,2,4,146,146,6638,6833,14,28740,2005-08-31,"-47,5508082","-21,58796624",4326,500,1,40,1,0,Normal,"4,55",,0,1,"8,97","8,97"
1,14,2,4,146,146,6639,6834,14,28740,2005-08-31,"-47,5508082","-21,58796624",4326,500,1,41,1,0,Normal,"16,55",,0,1,"23,76","23,76"
1,14,2,4,146,146,6640,6835,14,28740,2005-08-31,"-47,5508082","-21,58796624",4326,500,1,42,1,0,Normal,"17,54",,0,1,"24,27","24,27"
1,14,2,4,146,146,6641,6836,14,28740,2005-08-31,"-47,5508082","-21,58796624",4326,500,1,43,1,0,Normal,"13,11",,0,1,"21,57","21,57"
1,15,2,2,147,147,6642,6837,15,28741,2005-08-31,"-47,55927469","-21,58470358",4326,500,1,1,1,0,Normal,"12,48",,0,1,"21,79","21,79"
1,15,2,2,147,147,6643,6838,15,28741,2005-08-31,"-47,55927469","-21,58470358",4326,500,1,2,1,2,Dominante,"17,19","25,5",1,1,"25,09","25,5"
1,15,2,2,147,147,6644,6839,15,28741,2005-08-31,"-47,55927469","-21,58470358",4326,500,1,3,1,0,Normal,"15,63",,0,1,"24,17","24,17"
1,15,2,2,147,147,6645,6840,15,28741,2005-08-31,"-47,55927469","-21,58470358",4326,500,1,4,1,0,Normal,"15,28",,0,1,"23,95","23,95"
1,15,2,2,147,147,6646,6841,15,28741,2005-08-31,"-47,55927469","-21,58470358",4326,500,1,5,1,0,Normal,"14,32",,0,1,"23,28","23,28"
1,15,2,2,147,147,6647,6842,15,28741,2005-08-31,"-47,55927469","-21,58470358",4326,500,1,6,1,2,Dominante,"17,83","25,4",1,1,"25,43","25,4"
1,15,2,2,147,147,6648,6843,15,28741,2005-08-31,"-47,55927469","-21,58470358",4326,500,1,7,1,0,Normal,"15,02",,0,1,"23,77","23,77"
1,15,2,2,147,147,6649,6844,15,28741,2005-08-31,"-47,55927469","-21,58470358",4326,500,1,8,1,0,Normal,"7,64",,0,1,"15,73","15,73"
1,15,2,2,147,147,6650,6845,15,28741,2005-08-31,"-47,55927469","-21,58470358",4326,500,1,9,1,0,Normal,"8,28",,0,1,"16,79","16,79"
1,15,2,2,147,147,6651,6846,15,28741,2005-08-31,"-47,55927469","-21,58470358",4326,500,1,10,1,0,Normal,"10,98",,0,1,"20,31","20,31"
1,15,2,2,147,147,6652,6847,15,28741,2005-08-31,"-47,55927469","-21,58470358",4326,500,1,11,1,0,Normal,"16,55",,0,1,"24,73","24,73"
1,15,2,2,147,147,6653,6848,15,28741,2005-08-31,"-47,55927469","-21,58470358",4326,500,1,12,1,0,Normal,"15,66",,0,1,"24,19","24,19"
1,15,2,2,147,147,6654,6849,15,28741,2005-08-31,"-47,55927469","-21,58470358",4326,500,1,13,1,0,Normal,"13,72",,0,1,"22,83","22,83"
1,15,2,2,147,147,6655,6850,15,28741,2005-08-31,"-47,55927469","-21,58470358",4326,500,1,14,1,0,Normal,"15,92",,0,1,"24,35","24,35"
1,15,2,2,147,147,6656,6851,15,28741,2005-08-31,"-47,55927469","-21,58470358",4326,500,1,15,1,0,Normal,"13,05",22,1,1,"22,29",22
1,15,2,2,147,147,6657,6852,15,28741,2005-08-31,"-47,55927469","-21,58470358",4326,500,1,16,1,0,Normal,"5,41","11,3",1,1,"11,13","11,3"
1,15,2,2,147,147,6658,6853,15,28741,2005-08-31,"-47,55927469","-21,58470358",4326,500,1,17,1,0,Normal,"16,81","23,9",1,1,"24,88","23,9"
1,15,2,2,147,147,6659,6854,15,28741,2005-08-31,"-47,55927469","-21,58470358",4326,500,1,18,1,1,Falha,0,,0,0,,
1,15,2,2,147,147,6660,6855,15,28741,2005-08-31,"-47,55927469","-21,58470358",4326,500,1,19,1,0,Normal,"15,6","22,3",1,1,"24,15","22,3"
1,15,2,2,147,147,6661,6856,15,28741,2005-08-31,"-47,55927469","-21,58470358",4326,500,1,20,1,0,Normal,"8,85","17,3",1,1,"17,65","17,3"
1,15,2,2,147,147,6662,6857,15,28741,2005-08-31,"-47,55927469","-21,58470358",4326,500,1,21,1,0,Normal,"9,87","19,5",1,1,"19,02","19,5"
1,15,2,2,147,147,6663,6858,15,28741,2005-08-31,"-47,55927469","-21,58470358",4326,500,1,22,1,0,Normal,"12,67","22,5",1,1,"21,96","22,5"
1,15,2,2,147,147,6664,6859,15,28741,2005-08-31,"-47,55927469","-21,58470358",4326,500,1,23,1,3,Bifurcada Abaixo,"15,6","23,1",1,1,"24,15","23,1"
1,15,2,2,147,147,6664,6860,15,28741,2005-08-31,"-47,55927469","-21,58470358",4326,500,1,23,2,3,Bifurcada Abaixo,"9,23","17,5",1,1,"18,18","17,5"
1,15,2,2,147,147,6665,6861,15,28741,2005-08-31,"-47,55927469","-21,58470358",4326,500,1,24,1,0,Normal,"15,22","23,5",1,1,"23,91","23,5"
1,15,2,2,147,147,6666,6862,15,28741,2005-08-31,"-47,55927469","-21,58470358",4326,500,1,25,1,0,Normal,12,22,1,1,"21,35",22
1,15,2,2,147,147,6667,6863,15,28741,2005-08-31,"-47,55927469","-21,58470358",4326,500,1,26,1,0,Normal,"14,16",,0,1,"23,16","23,16"
1,15,2,2,147,147,6668,6864,15,28741,2005-08-31,"-47,55927469","-21,58470358",4326,500,1,27,1,0,Normal,"12,54",,0,1,"21,84","21,84"
1,15,2,2,147,147,6669,6865,15,28741,2005-08-31,"-47,55927469","-21,58470358",4326,500,1,28,1,0,Normal,"14,01",,0,1,"23,05","23,05"
1,15,2,2,147,147,6670,6866,15,28741,2005-08-31,"-47,55927469","-21,58470358",4326,500,1,29,1,0,Normal,"10,89",,0,1,"20,21","20,21"
1,15,2,2,147,147,6671,6867,15,28741,2005-08-31,"-47,55927469","-21,58470358",4326,500,1,30,1,0,Normal,"12,67",,0,1,"21,96","21,96"
1,15,2,2,147,147,6672,6868,15,28741,2005-08-31,"-47,55927469","-21,58470358",4326,500,1,31,1,0,Normal,"11,08",,0,1,"20,42","20,42"
1,15,2,2,147,147,6673,6869,15,28741,2005-08-31,"-47,55927469","-21,58470358",4326,500,1,32,1,2,Dominante,"18,21","26,5",1,1,"25,62","26,5"
1,15,2,2,147,147,6674,6870,15,28741,2005-08-31,"-47,55927469","-21,58470358",4326,500,1,33,1,0,Normal,"16,04",,0,1,"24,43","24,43"
1,15,2,2,147,147,6675,6871,15,28741,2005-08-31,"-47,55927469","-21,58470358",4326,500,1,34,1,0,Normal,"15,92",,0,1,"24,35","24,35"
1,15,2,2,147,147,6676,6872,15,28741,2005-08-31,"-47,55927469","-21,58470358",4326,500,1,35,1,2,Dominante,"18,4","27,5",1,1,"25,71","27,5"
1,15,2,2,147,147,6677,6873,15,28741,2005-08-31,"-47,55927469","-21,58470358",4326,500,1,36,1,0,Normal,"10,09",,0,1,"19,29","19,29"
1,15,2,2,147,147,6678,6874,15,28741,2005-08-31,"-47,55927469","-21,58470358",4326,500,1,37,1,1,Falha,0,,0,0,,
1,15,2,2,147,147,6679,6875,15,28741,2005-08-31,"-47,55927469","-21,58470358",4326,500,1,38,1,0,Normal,"16,55",,0,1,"24,73","24,73"
1,15,2,2,147,147,6680,6876,15,28741,2005-08-31,"-47,55927469","-21,58470358",4326,500,1,39,1,0,Normal,"12,99",,0,1,"22,24","22,24"
1,15,2,2,147,147,6681,6877,15,28741,2005-08-31,"-47,55927469","-21,58470358",4326,500,1,40,1,0,Normal,"12,16",,0,1,"21,5","21,5"
1,15,2,2,147,147,6682,6878,15,28741,2005-08-31,"-47,55927469","-21,58470358",4326,500,1,41,1,0,Normal,"14,96",,0,1,"23,73","23,73"
1,15,2,2,147,147,6683,6879,15,28741,2005-08-31,"-47,55927469","-21,58470358",4326,500,1,42,1,2,Dominante,"17,67","26,1",1,1,"25,35","26,1"
1,15,2,2,147,147,6684,6880,15,28741,2005-08-31,"-47,55927469","-21,58470358",4326,500,1,43,1,0,Normal,"16,87",,0,1,"24,91","24,91"
1,15,2,2,147,147,6685,6881,15,28741,2005-08-31,"-47,55927469","-21,58470358",4326,500,1,44,1,0,Normal,"11,14",,0,1,"20,48","20,48"
1,15,2,2,147,147,6686,6882,15,28741,2005-08-31,"-47,55927469","-21,58470358",4326,500,1,45,1,0,Normal,"12,03",,0,1,"21,38","21,38"
1,15,2,2,147,147,6687,6883,15,28741,2005-08-31,"-47,55927469","-21,58470358",4326,500,1,46,1,0,Normal,"15,6",,0,1,"24,15","24,15"
1,15,2,2,147,147,6688,6884,15,28741,2005-08-31,"-47,55927469","-21,58470358",4326,500,1,47,1,0,Normal,"13,69",,0,1,"22,8","22,8"
1,15,2,2,147,147,6689,6885,15,28741,2005-08-31,"-47,55927469","-21,58470358",4326,500,1,48,1,0,Normal,"15,6",,0,1,"24,15","24,15"
1,15,2,2,147,147,6690,6886,15,28741,2005-08-31,"-47,55927469","-21,58470358",4326,500,1,49,1,0,Normal,"14,48",,0,1,"23,4","23,4"
1,15,2,2,147,147,6691,6887,15,28741,2005-08-31,"-47,55927469","-21,58470358",4326,500,1,50,1,0,Normal,"14,64",,0,1,"23,51","23,51"
1,15,2,2,151,151,6844,7046,15,28745,2005-08-31,"-47,55921979","-21,58158066",4326,500,1,1,1,0,Normal,"10,19",,0,1,"18,03","18,03"
1,15,2,2,151,151,6845,7047,15,28745,2005-08-31,"-47,55921979","-21,58158066",4326,500,1,2,1,0,Normal,"15,34",,0,1,"24,03","24,03"
1,15,2,2,151,151,6846,7048,15,28745,2005-08-31,"-47,55921979","-21,58158066",4326,500,1,3,1,0,Normal,"17,51",,0,1,"25,78","25,78"
1,15,2,2,151,151,6847,7049,15,28745,2005-08-31,"-47,55921979","-21,58158066",4326,500,1,4,1,0,Normal,"6,94",,0,1,"12,08","12,08"
1,15,2,2,151,151,6848,7050,15,28745,2005-08-31,"-47,55921979","-21,58158066",4326,500,1,5,1,0,Normal,"13,05",,0,1,"21,75","21,75"
1,15,2,2,151,151,6849,7051,15,28745,2005-08-31,"-47,55921979","-21,58158066",4326,500,1,6,1,2,Dominante,"20,21","25,7",1,1,"27,56","25,7"
1,15,2,2,151,151,6850,7052,15,28745,2005-08-31,"-47,55921979","-21,58158066",4326,500,1,7,1,3,Bifurcada Abaixo,"11,78",,0,1,"20,24","20,24"
1,15,2,2,151,151,6850,7053,15,28745,2005-08-31,"-47,55921979","-21,58158066",4326,500,1,7,2,3,Bifurcada Abaixo,"5,25",,0,1,"8,06","8,06"
1,15,2,2,151,151,6851,7054,15,28745,2005-08-31,"-47,55921979","-21,58158066",4326,500,1,8,1,0,Normal,"14,96",,0,1,"23,69","23,69"
1,15,2,2,151,151,6852,7055,15,28745,2005-08-31,"-47,55921979","-21,58158066",4326,500,1,9,1,0,Normal,"15,66",,0,1,"24,31","24,31"
1,15,2,2,151,151,6853,7056,15,28745,2005-08-31,"-47,55921979","-21,58158066",4326,500,1,10,1,0,Normal,"11,78",,0,1,"20,24","20,24"
1,15,2,2,151,151,6854,7057,15,28745,2005-08-31,"-47,55921979","-21,58158066",4326,500,1,11,1,0,Normal,"18,4",,0,1,"26,41","26,41"
1,15,2,2,151,151,6855,7058,15,28745,2005-08-31,"-47,55921979","-21,58158066",4326,500,1,12,1,0,Normal,"9,9",,0,1,"17,59","17,59"
1,15,2,2,151,151,6856,7059,15,28745,2005-08-31,"-47,55921979","-21,58158066",4326,500,1,13,1,0,Normal,"15,92",,0,1,"24,53","24,53"
1,15,2,2,151,151,6857,7060,15,28745,2005-08-31,"-47,55921979","-21,58158066",4326,500,1,14,1,0,Normal,"17,86",,0,1,"26,04","26,04"
1,15,2,2,151,151,6858,7061,15,28745,2005-08-31,"-47,55921979","-21,58158066",4326,500,1,15,1,0,Normal,"17,19",,0,1,"25,55","25,55"
1,15,2,2,151,151,6859,7062,15,28745,2005-08-31,"-47,55921979","-21,58158066",4326,500,1,16,1,0,Normal,"14,96",24,1,1,"23,69",24
1,15,2,2,151,151,6860,7063,15,28745,2005-08-31,"-47,55921979","-21,58158066",4326,500,1,17,1,2,Dominante,"21,01","27,9",1,1,"28,01","27,9"
1,15,2,2,151,151,6861,7064,15,28745,2005-08-31,"-47,55921979","-21,58158066",4326,500,1,18,1,0,Normal,"10,57","18,9",1,1,"18,6","18,9"
1,15,2,2,151,151,6862,7065,15,28745,2005-08-31,"-47,55921979","-21,58158066",4326,500,1,19,1,2,Dominante,"19,67","27,5",1,1,"27,23","27,5"
1,15,2,2,151,151,6863,7066,15,28745,2005-08-31,"-47,55921979","-21,58158066",4326,500,1,20,1,0,Normal,"13,05","20,2",1,1,"21,75","20,2"
1,15,2,2,151,151,6864,7067,15,28745,2005-08-31,"-47,55921979","-21,58158066",4326,500,1,21,1,0,Normal,"15,12","24,9",1,1,"23,83","24,9"
1,15,2,2,151,151,6865,7068,15,28745,2005-08-31,"-47,55921979","-21,58158066",4326,500,1,22,1,0,Normal,"11,46","19,3",1,1,"19,83","19,3"
1,15,2,2,151,151,6866,7069,15,28745,2005-08-31,"-47,55921979","-21,58158066",4326,500,1,23,1,2,Dominante,"19,42","26,6",1,1,"27,08","26,6"
1,15,2,2,151,151,6867,7070,15,28745,2005-08-31,"-47,55921979","-21,58158066",4326,500,1,24,1,0,Normal,"17,22","25,5",1,1,"25,57","25,5"
1,15,2,2,151,151,6868,7071,15,28745,2005-08-31,"-47,55921979","-21,58158066",4326,500,1,25,1,0,Normal,"12,1","21,3",1,1,"20,64","21,3"
1,15,2,2,151,151,6869,7072,15,28745,2005-08-31,"-47,55921979","-21,58158066",4326,500,1,26,1,0,Normal,"14,64",,0,1,"23,39","23,39"
1,15,2,2,151,151,6870,7073,15,28745,2005-08-31,"-47,55921979","-21,58158066",4326,500,1,27,1,0,Normal,"13,62",,0,1,"22,37","22,37"
1,15,2,2,151,151,6871,7074,15,28745,2005-08-31,"-47,55921979","-21,58158066",4326,500,1,28,1,0,Normal,"18,14",,0,1,"26,23","26,23"
1,15,2,2,151,151,6872,7075,15,28745,2005-08-31,"-47,55921979","-21,58158066",4326,500,1,29,1,0,Normal,"14,42",,0,1,"23,17","23,17"
1,15,2,2,151,151,6873,7076,15,28745,2005-08-31,"-47,55921979","-21,58158066",4326,500,1,30,1,0,Normal,"8,75",,0,1,"15,67","15,67"
1,15,2,2,151,151,6874,7077,15,28745,2005-08-31,"-47,55921979","-21,58158066",4326,500,1,31,1,0,Normal,"14,45",,0,1,"23,2","23,2"
1,15,2,2,151,151,6875,7078,15,28745,2005-08-31,"-47,55921979","-21,58158066",4326,500,1,32,1,0,Normal,"17,28",,0,1,"25,61","25,61"
1,15,2,2,151,151,6876,7079,15,28745,2005-08-31,"-47,55921979","-21,58158066",4326,500,1,33,1,0,Normal,"12,41",,0,1,"21,01","21,01"
1,15,2,2,151,151,6877,7080,15,28745,2005-08-31,"-47,55921979","-21,58158066",4326,500,1,34,1,0,Normal,"18,78",,0,1,"26,67","26,67"
1,15,2,2,151,151,6878,7081,15,28745,2005-08-31,"-47,55921979","-21,58158066",4326,500,1,35,1,0,Normal,"16,81",,0,1,"25,25","25,25"
1,15,2,2,151,151,6879,7082,15,28745,2005-08-31,"-47,55921979","-21,58158066",4326,500,1,36,1,1,Falha,0,,0,0,,
1,15,2,2,151,151,6880,7083,15,28745,2005-08-31,"-47,55921979","-21,58158066",4326,500,1,37,1,0,Normal,"10,82",,0,1,"18,95","18,95"
1,15,2,2,151,151,6881,7084,15,28745,2005-08-31,"-47,55921979","-21,58158066",4326,500,1,38,1,0,Normal,"17,51",,0,1,"25,78","25,78"
1,15,2,2,151,151,6882,7085,15,28745,2005-08-31,"-47,55921979","-21,58158066",4326,500,1,39,1,0,Normal,"7,16",,0,1,"12,56","12,56"
1,15,2,2,151,151,6883,7086,15,28745,2005-08-31,"-47,55921979","-21,58158066",4326,500,1,40,1,0,Normal,"19,1",,0,1,"26,87","26,87"
1,15,2,2,151,151,6884,7087,15,28745,2005-08-31,"-47,55921979","-21,58158066",4326,500,1,41,1,0,Normal,"16,68",,0,1,"25,15","25,15"
1,15,2,2,151,151,6885,7088,15,28745,2005-08-31,"-47,55921979","-21,58158066",4326,500,1,42,1,0,Normal,"17,03",,0,1,"25,42","25,42"
1,15,2,2,151,151,6886,7089,15,28745,2005-08-31,"-47,55921979","-21,58158066",4326,500,1,43,1,0,Normal,"15,47",,0,1,"24,15","24,15"
1,15,2,2,151,151,6887,7090,15,28745,2005-08-31,"-47,55921979","-21,58158066",4326,500,1,44,1,2,Dominante,"19,42",29,1,1,"27,08",29
1,15,2,2,151,151,6888,7091,15,28745,2005-08-31,"-47,55921979","-21,58158066",4326,500,1,45,1,0,Normal,"14,32",,0,1,"23,08","23,08"
1,15,2,2,151,151,6889,7092,15,28745,2005-08-31,"-47,55921979","-21,58158066",4326,500,1,46,1,0,Normal,"16,87",,0,1,"25,3","25,3"
1,15,2,2,151,151,6890,7093,15,28745,2005-08-31,"-47,55921979","-21,58158066",4326,500,1,47,1,0,Normal,"10,5",,0,1,"18,49","18,49"
1,15,2,2,151,151,6891,7094,15,28745,2005-08-31,"-47,55921979","-21,58158066",4326,500,1,48,1,0,Normal,"17,25",,0,1,"25,59","25,59"
1,15,2,2,152,152,6892,7095,15,28746,2005-08-31,"-47,5575515","-21,58002634",4326,500,1,1,1,2,Dominante,"17,54",24,1,1,"24,15",24
1,15,2,2,152,152,6893,7096,15,28746,2005-08-31,"-47,5575515","-21,58002634",4326,500,1,2,1,0,Normal,"14,1",,0,1,"22,57","22,57"
1,15,2,2,152,152,6894,7097,15,28746,2005-08-31,"-47,5575515","-21,58002634",4326,500,1,3,1,0,Normal,"12,99",,0,1,"21,91","21,91"
1,15,2,2,152,152,6895,7098,15,28746,2005-08-31,"-47,5575515","-21,58002634",4326,500,1,4,1,0,Normal,"14,67",,0,1,"22,87","22,87"
1,15,2,2,152,152,6896,7099,15,28746,2005-08-31,"-47,5575515","-21,58002634",4326,500,1,5,1,2,Dominante,"18,53",24,1,1,"24,52",24
1,15,2,2,152,152,6897,7100,15,28746,2005-08-31,"-47,5575515","-21,58002634",4326,500,1,6,1,3,Bifurcada Abaixo,"5,95",,0,1,"14,04","14,04"
1,15,2,2,152,152,6897,7101,15,28746,2005-08-31,"-47,5575515","-21,58002634",4326,500,1,6,2,3,Bifurcada Abaixo,"6,05",,0,1,"14,23","14,23"
1,15,2,2,152,152,6898,7102,15,28746,2005-08-31,"-47,5575515","-21,58002634",4326,500,1,7,1,0,Normal,"10,95",,0,1,"20,43","20,43"
1,15,2,2,152,152,6899,7103,15,28746,2005-08-31,"-47,5575515","-21,58002634",4326,500,1,8,1,2,Dominante,"17,54","23,5",1,1,"24,15","23,5"
1,15,2,2,152,152,6900,7104,15,28746,2005-08-31,"-47,5575515","-21,58002634",4326,500,1,9,1,0,Normal,"14,96",,0,1,"23,02","23,02"
1,15,2,2,152,152,6901,7105,15,28746,2005-08-31,"-47,5575515","-21,58002634",4326,500,1,10,1,0,Normal,"17,41",,0,1,"24,1","24,1"
1,15,2,2,152,152,6902,7106,15,28746,2005-08-31,"-47,5575515","-21,58002634",4326,500,1,11,1,0,Normal,"13,15",,0,1,"22,01","22,01"
1,15,2,2,152,152,6903,7107,15,28746,2005-08-31,"-47,5575515","-21,58002634",4326,500,1,12,1,0,Normal,"15,18",,0,1,"23,13","23,13"
1,15,2,2,152,152,6904,7108,15,28746,2005-08-31,"-47,5575515","-21,58002634",4326,500,1,13,1,0,Normal,"10,22",,0,1,"19,79","19,79"
1,15,2,2,152,152,6905,7109,15,28746,2005-08-31,"-47,5575515","-21,58002634",4326,500,1,14,1,0,Normal,"16,77",,0,1,"23,85","23,85"
1,15,2,2,152,152,6906,7110,15,28746,2005-08-31,"-47,5575515","-21,58002634",4326,500,1,15,1,0,Normal,"14,36","23,2",1,1,"22,71","23,2"
1,15,2,2,152,152,6907,7111,15,28746,2005-08-31,"-47,5575515","-21,58002634",4326,500,1,16,1,0,Normal,"15,57",24,1,1,"23,32",24
1,15,2,2,152,152,6908,7112,15,28746,2005-08-31,"-47,5575515","-21,58002634",4326,500,1,17,1,0,Normal,"16,33","24,3",1,1,"23,66","24,3"
1,15,2,2,152,152,6909,7113,15,28746,2005-08-31,"-47,5575515","-21,58002634",4326,500,1,18,1,0,Normal,"15,28",24,1,1,"23,18",24
1,15,2,2,152,152,6910,7114,15,28746,2005-08-31,"-47,5575515","-21,58002634",4326,500,1,19,1,0,Normal,"14,29","23,8",1,1,"22,67","23,8"
1,15,2,2,152,152,6911,7115,15,28746,2005-08-31,"-47,5575515","-21,58002634",4326,500,1,20,1,0,Normal,"12,8",21,1,1,"21,79",21
1,15,2,2,152,152,6912,7116,15,28746,2005-08-31,"-47,5575515","-21,58002634",4326,500,1,21,1,0,Normal,"15,15",23,1,1,"23,12",23
1,15,2,2,152,152,6913,7117,15,28746,2005-08-31,"-47,5575515","-21,58002634",4326,500,1,22,1,0,Normal,"11,94",21,1,1,"21,2",21
1,15,2,2,152,152,6914,7118,15,28746,2005-08-31,"-47,5575515","-21,58002634",4326,500,1,23,1,0,Normal,"13,15","21,6",1,1,"22,01","21,6"
1,15,2,2,152,152,6915,7119,15,28746,2005-08-31,"-47,5575515","-21,58002634",4326,500,1,24,1,0,Normal,"16,62","22,5",1,1,"23,79","22,5"
1,15,2,2,152,152,6916,7120,15,28746,2005-08-31,"-47,5575515","-21,58002634",4326,500,1,25,1,0,Normal,"14,13",,0,1,"22,58","22,58"
1,15,2,2,152,152,6917,7121,15,28746,2005-08-31,"-47,5575515","-21,58002634",4326,500,1,26,1,0,Normal,"13,11",,0,1,"21,99","21,99"
1,15,2,2,152,152,6918,7122,15,28746,2005-08-31,"-47,5575515","-21,58002634",4326,500,1,27,1,0,Normal,"14,9",,0,1,"22,99","22,99"
1,15,2,2,152,152,6919,7123,15,28746,2005-08-31,"-47,5575515","-21,58002634",4326,500,1,28,1,0,Normal,"15,76",,0,1,"23,41","23,41"
1,15,2,2,152,152,6920,7124,15,28746,2005-08-31,"-47,5575515","-21,58002634",4326,500,1,29,1,2,Dominante,"18,21","24,7",1,1,"24,4","24,7"
1,15,2,2,152,152,6921,7125,15,28746,2005-08-31,"-47,5575515","-21,58002634",4326,500,1,30,1,3,Bifurcada Abaixo,"12,64",,0,1,"21,68","21,68"
1,15,2,2,152,152,6921,7126,15,28746,2005-08-31,"-47,5575515","-21,58002634",4326,500,1,30,2,3,Bifurcada Abaixo,"5,35",,0,1,"12,81","12,81"
1,15,2,2,152,152,6922,7127,15,28746,2005-08-31,"-47,5575515","-21,58002634",4326,500,1,31,1,0,Normal,"10,06",,0,1,"19,64","19,64"
1,15,2,2,152,152,6923,7128,15,28746,2005-08-31,"-47,5575515","-21,58002634",4326,500,1,32,1,0,Normal,"12,73",,0,1,"21,74","21,74"
1,15,2,2,152,152,6924,7129,15,28746,2005-08-31,"-47,5575515","-21,58002634",4326,500,1,33,1,3,Bifurcada Abaixo,"7,38",,0,1,"16,46","16,46"
1,15,2,2,152,152,6924,7130,15,28746,2005-08-31,"-47,5575515","-21,58002634",4326,500,1,33,2,3,Bifurcada Abaixo,"4,3",,0,1,"10,25","10,25"
1,15,2,2,152,152,6925,7131,15,28746,2005-08-31,"-47,5575515","-21,58002634",4326,500,1,34,1,0,Normal,"12,73",,0,1,"21,74","21,74"
1,15,2,2,152,152,6926,7132,15,28746,2005-08-31,"-47,5575515","-21,58002634",4326,500,1,35,1,2,Dominante,"17,54","24,2",1,1,"24,15","24,2"
1,15,2,2,152,152,6927,7133,15,28746,2005-08-31,"-47,5575515","-21,58002634",4326,500,1,36,1,0,Normal,5,,0,1,"12,01","12,01"
1,15,2,2,152,152,6928,7134,15,28746,2005-08-31,"-47,5575515","-21,58002634",4326,500,1,37,1,0,Normal,"15,82",,0,1,"23,43","23,43"
1,15,2,2,152,152,6929,7135,15,28746,2005-08-31,"-47,5575515","-21,58002634",4326,500,1,38,1,0,Normal,"14,36",,0,1,"22,71","22,71"
1,15,2,2,152,152,6930,7136,15,28746,2005-08-31,"-47,5575515","-21,58002634",4326,500,1,39,1,0,Normal,"15,98",,0,1,"23,51","23,51"
1,15,2,2,152,152,6931,7137,15,28746,2005-08-31,"-47,5575515","-21,58002634",4326,500,1,40,1,0,Normal,"13,56",,0,1,"22,26","22,26"
1,15,2,2,152,152,6932,7138,15,28746,2005-08-31,"-47,5575515","-21,58002634",4326,500,1,41,1,0,Normal,"15,22",,0,1,"23,15","23,15"
1,15,2,2,152,152,6933,7139,15,28746,2005-08-31,"-47,5575515","-21,58002634",4326,500,1,42,1,0,Normal,"14,07",,0,1,"22,55","22,55"
1,15,2,2,152,152,6934,7140,15,28746,2005-08-31,"-47,5575515","-21,58002634",4326,500,1,43,1,0,Normal,"8,72",,0,1,"18,22","18,22"
1,15,2,2,152,152,6935,7141,15,28746,2005-08-31,"-47,5575515","-21,58002634",4326,500,1,44,1,0,Normal,"10,38",,0,1,"19,93","19,93"
1,15,2,2,152,152,6936,7142,15,28746,2005-08-31,"-47,5575515","-21,58002634",4326,500,1,45,1,0,Normal,"16,14",,0,1,"23,58","23,58"
1,15,2,2,152,152,6937,7143,15,28746,2005-08-31,"-47,5575515","-21,58002634",4326,500,1,46,1,0,Normal,"14,32",,0,1,"22,69","22,69"
1,15,2,2,152,152,6938,7144,15,28746,2005-08-31,"-47,5575515","-21,58002634",4326,500,1,47,1,0,Normal,"13,4",,0,1,"22,16","22,16"
1,15,2,2,152,152,6939,7145,15,28746,2005-08-31,"-47,5575515","-21,58002634",4326,500,1,48,1,0,Normal,"13,21",,0,1,"22,05","22,05"
1,15,2,2,152,152,6940,7146,15,28746,2005-08-31,"-47,5575515","-21,58002634",4326,500,1,49,1,0,Normal,"11,2",,0,1,"20,63","20,63"
1,15,2,2,152,152,6941,7147,15,28746,2005-08-31,"-47,5575515","-21,58002634",4326,500,1,50,1,3,Bifurcada Abaixo,"12,86",,0,1,"21,83","21,83"
1,15,2,2,152,152,6941,7148,15,28746,2005-08-31,"-47,5575515","-21,58002634",4326,500,1,50,2,3,Bifurcada Abaixo,"6,24",,0,1,"14,59","14,59"
1,15,2,2,152,152,6942,7149,15,28746,2005-08-31,"-47,5575515","-21,58002634",4326,500,1,51,1,0,Normal,"11,97",,0,1,"21,22","21,22"
1,15,2,2,153,153,6943,7150,15,28747,2005-08-31,"-47,55667487","-21,57847791",4326,500,1,1,1,0,Normal,"17,51",,0,1,"25,11","25,11"
1,15,2,2,153,153,6944,7151,15,28747,2005-08-31,"-47,55667487","-21,57847791",4326,500,1,2,1,0,Normal,"15,34",,0,1,"23,41","23,41"
1,15,2,2,153,153,6945,7152,15,28747,2005-08-31,"-47,55667487","-21,57847791",4326,500,1,3,1,0,Normal,"16,74",,0,1,"24,54","24,54"
1,15,2,2,153,153,6946,7153,15,28747,2005-08-31,"-47,55667487","-21,57847791",4326,500,1,4,1,0,Normal,"16,93",,0,1,"24,68","24,68"
1,15,2,2,153,153,6947,7154,15,28747,2005-08-31,"-47,55667487","-21,57847791",4326,500,1,5,1,0,Normal,"17,44",,0,1,"25,06","25,06"
1,15,2,2,153,153,6948,7155,15,28747,2005-08-31,"-47,55667487","-21,57847791",4326,500,1,6,1,0,Normal,"16,14",,0,1,"24,07","24,07"
1,15,2,2,153,153,6949,7156,15,28747,2005-08-31,"-47,55667487","-21,57847791",4326,500,1,7,1,0,Normal,"14,87",,0,1,"22,99","22,99"
1,15,2,2,153,153,6950,7157,15,28747,2005-08-31,"-47,55667487","-21,57847791",4326,500,1,8,1,2,Dominante,"20,63","27,8",1,1,"27,06","27,8"
1,15,2,2,153,153,6951,7158,15,28747,2005-08-31,"-47,55667487","-21,57847791",4326,500,1,9,1,0,Normal,"13,75",,0,1,"21,93","21,93"
1,15,2,2,153,153,6952,7159,15,28747,2005-08-31,"-47,55667487","-21,57847791",4326,500,1,10,1,0,Normal,"16,55",,0,1,"24,4","24,4"
1,15,2,2,153,153,6953,7160,15,28747,2005-08-31,"-47,55667487","-21,57847791",4326,500,1,11,1,0,Normal,"13,78",,0,1,"21,96","21,96"
1,15,2,2,153,153,6954,7161,15,28747,2005-08-31,"-47,55667487","-21,57847791",4326,500,1,12,1,0,Normal,"15,6",,0,1,"23,63","23,63"
1,15,2,2,153,153,6955,7162,15,28747,2005-08-31,"-47,55667487","-21,57847791",4326,500,1,13,1,0,Normal,"18,43",,0,1,"25,74","25,74"
1,15,2,2,153,153,6956,7163,15,28747,2005-08-31,"-47,55667487","-21,57847791",4326,500,1,14,1,0,Normal,"14,9",,0,1,"23,02","23,02"
1,15,2,2,153,153,6957,7164,15,28747,2005-08-31,"-47,55667487","-21,57847791",4326,500,1,15,1,0,Normal,"19,96",,0,1,"26,68","26,68"
1,15,2,2,153,153,6958,7165,15,28747,2005-08-31,"-47,55667487","-21,57847791",4326,500,1,16,1,0,Normal,"13,69","21,2",1,1,"21,87","21,2"
1,15,2,2,153,153,6959,7166,15,28747,2005-08-31,"-47,55667487","-21,57847791",4326,500,1,17,1,0,Normal,"18,88","26,6",1,1,"26,03","26,6"
1,15,2,2,153,153,6960,7167,15,28747,2005-08-31,"-47,55667487","-21,57847791",4326,500,1,18,1,2,Dominante,"20,5","26,3",1,1,"26,99","26,3"
1,15,2,2,153,153,6961,7168,15,28747,2005-08-31,"-47,55667487","-21,57847791",4326,500,1,19,1,0,Normal,"13,53","21,6",1,1,"21,7","21,6"
1,15,2,2,153,153,6962,7169,15,28747,2005-08-31,"-47,55667487","-21,57847791",4326,500,1,20,1,0,Normal,"12,13",19,1,1,"20,15",19
1,15,2,2,153,153,6963,7170,15,28747,2005-08-31,"-47,55667487","-21,57847791",4326,500,1,21,1,0,Normal,"12,54","20,2",1,1,"20,63","20,2"
1,15,2,2,153,153,6964,7171,15,28747,2005-08-31,"-47,55667487","-21,57847791",4326,500,1,22,1,0,Normal,"20,09","26,6",1,1,"26,76","26,6"
1,15,2,2,153,153,6965,7172,15,28747,2005-08-31,"-47,55667487","-21,57847791",4326,500,1,23,1,0,Normal,"18,49","26,2",1,1,"25,78","26,2"
1,15,2,2,153,153,6966,7173,15,28747,2005-08-31,"-47,55667487","-21,57847791",4326,500,1,24,1,0,Normal,"8,5","15,6",1,1,"14,85","15,6"
1,15,2,2,153,153,6967,7174,15,28747,2005-08-31,"-47,55667487","-21,57847791",4326,500,1,25,1,2,Dominante,"20,98","27,5",1,1,"27,25","27,5"
1,15,2,2,153,153,6968,7175,15,28747,2005-08-31,"-47,55667487","-21,57847791",4326,500,1,26,1,0,Normal,"14,74",,0,1,"22,87","22,87"
1,15,2,2,153,153,6969,7176,15,28747,2005-08-31,"-47,55667487","-21,57847791",4326,500,1,27,1,0,Normal,"13,15",,0,1,"21,3","21,3"
1,15,2,2,153,153,6970,7177,15,28747,2005-08-31,"-47,55667487","-21,57847791",4326,500,1,28,1,0,Normal,"18,78",,0,1,"25,96","25,96"
1,15,2,2,153,153,6971,7178,15,28747,2005-08-31,"-47,55667487","-21,57847791",4326,500,1,29,1,0,Normal,"13,85",,0,1,"22,03","22,03"
1,15,2,2,153,153,6972,7179,15,28747,2005-08-31,"-47,55667487","-21,57847791",4326,500,1,30,1,0,Normal,"14,48",,0,1,"22,63","22,63"
1,15,2,2,153,153,6973,7180,15,28747,2005-08-31,"-47,55667487","-21,57847791",4326,500,1,31,1,0,Normal,"17,83",,0,1,"25,33","25,33"
1,15,2,2,153,153,6974,7181,15,28747,2005-08-31,"-47,55667487","-21,57847791",4326,500,1,32,1,3,Bifurcada Abaixo,"8,91",,0,1,"15,56","15,56"
1,15,2,2,153,153,6974,7182,15,28747,2005-08-31,"-47,55667487","-21,57847791",4326,500,1,32,2,3,Bifurcada Abaixo,"15,22",,0,1,"23,3","23,3"
1,15,2,2,153,153,6975,7183,15,28747,2005-08-31,"-47,55667487","-21,57847791",4326,500,1,33,1,0,Normal,"13,31",,0,1,"21,47","21,47"
1,15,2,2,153,153,6976,7184,15,28747,2005-08-31,"-47,55667487","-21,57847791",4326,500,1,34,1,0,Normal,"17,83",,0,1,"25,33","25,33"
1,15,2,2,153,153,6977,7185,15,28747,2005-08-31,"-47,55667487","-21,57847791",4326,500,1,35,1,0,Normal,"16,65",,0,1,"24,47","24,47"
1,15,2,2,153,153,6978,7186,15,28747,2005-08-31,"-47,55667487","-21,57847791",4326,500,1,36,1,0,Normal,"16,62",,0,1,"24,45","24,45"
1,15,2,2,153,153,6979,7187,15,28747,2005-08-31,"-47,55667487","-21,57847791",4326,500,1,37,1,0,Normal,"16,17",,0,1,"24,1","24,1"
1,15,2,2,153,153,6980,7188,15,28747,2005-08-31,"-47,55667487","-21,57847791",4326,500,1,38,1,0,Normal,"18,11",,0,1,"25,52","25,52"
1,15,2,2,153,153,6981,7189,15,28747,2005-08-31,"-47,55667487","-21,57847791",4326,500,1,39,1,0,Normal,"10,41",,0,1,"17,91","17,91"
1,15,2,2,153,153,6982,7190,15,28747,2005-08-31,"-47,55667487","-21,57847791",4326,500,1,40,1,0,Normal,"19,45",,0,1,"26,38","26,38"
1,15,2,2,153,153,6983,7191,15,28747,2005-08-31,"-47,55667487","-21,57847791",4326,500,1,41,1,0,Normal,"19,93","25,8",1,1,"26,66","25,8"
1,15,2,2,153,153,6984,7192,15,28747,2005-08-31,"-47,55667487","-21,57847791",4326,500,1,42,1,0,Normal,"14,42",,0,1,"22,58","22,58"
1,15,2,2,153,153,6985,7193,15,28747,2005-08-31,"-47,55667487","-21,57847791",4326,500,1,43,1,0,Normal,"10,03",,0,1,"17,35","17,35"
1,15,2,2,153,153,6986,7194,15,28747,2005-08-31,"-47,55667487","-21,57847791",4326,500,1,44,1,2,Dominante,"21,2","28,4",1,1,"27,37","28,4"
1,15,2,2,153,153,6987,7195,15,28747,2005-08-31,"-47,55667487","-21,57847791",4326,500,1,45,1,2,Dominante,"21,74",28,1,1,"27,65",28
1,15,2,2,153,153,6988,7196,15,28747,2005-08-31,"-47,55667487","-21,57847791",4326,500,1,46,1,0,Normal,"14,74",,0,1,"22,87","22,87"
1,15,2,2,154,154,6989,7197,15,28748,2005-08-31,"-47,56015405","-21,58311013",4326,500,1,1,1,0,Normal,"19,74",,0,1,"27,31","27,31"
1,15,2,2,154,154,6990,7198,15,28748,2005-08-31,"-47,56015405","-21,58311013",4326,500,1,2,1,0,Normal,"14,64",,0,1,"23,5","23,5"
1,15,2,2,154,154,6991,7199,15,28748,2005-08-31,"-47,56015405","-21,58311013",4326,500,1,3,1,0,Normal,"17,44",,0,1,"25,8","25,8"
1,15,2,2,154,154,6992,7200,15,28748,2005-08-31,"-47,56015405","-21,58311013",4326,500,1,4,1,0,Normal,"15,5",,0,1,"24,27","24,27"
1,15,2,2,154,154,6993,7201,15,28748,2005-08-31,"-47,56015405","-21,58311013",4326,500,1,5,1,0,Normal,"11,46",,0,1,20,20
1,15,2,2,154,154,6994,7202,15,28748,2005-08-31,"-47,56015405","-21,58311013",4326,500,1,6,1,3,Bifurcada Abaixo,"13,31",,0,1,"22,18","22,18"
1,15,2,2,154,154,6994,7203,15,28748,2005-08-31,"-47,56015405","-21,58311013",4326,500,1,6,2,3,Bifurcada Abaixo,7,,0,1,"12,47","12,47"
1,15,2,2,154,154,6995,7204,15,28748,2005-08-31,"-47,56015405","-21,58311013",4326,500,1,7,1,0,Normal,"17,89",,0,1,"26,12","26,12"
1,15,2,2,154,154,6996,7205,15,28748,2005-08-31,"-47,56015405","-21,58311013",4326,500,1,8,1,0,Normal,"16,23",,0,1,"24,88","24,88"
1,15,2,2,154,154,6997,7206,15,28748,2005-08-31,"-47,56015405","-21,58311013",4326,500,1,9,1,0,Normal,"18,3",,0,1,"26,4","26,4"
1,15,2,2,154,154,6998,7207,15,28748,2005-08-31,"-47,56015405","-21,58311013",4326,500,1,10,1,1,Falha,0,,0,0,,
1,15,2,2,154,154,6999,7208,15,28748,2005-08-31,"-47,56015405","-21,58311013",4326,500,1,11,1,0,Normal,"18,21",,0,1,"26,34","26,34"
1,15,2,2,154,154,7000,7209,15,28748,2005-08-31,"-47,56015405","-21,58311013",4326,500,1,12,1,3,Bifurcada Abaixo,"14,58",,0,1,"23,45","23,45"
1,15,2,2,154,154,7000,7210,15,28748,2005-08-31,"-47,56015405","-21,58311013",4326,500,1,12,2,3,Bifurcada Abaixo,"8,02",,0,1,"14,55","14,55"
1,15,2,2,154,154,7001,7211,15,28748,2005-08-31,"-47,56015405","-21,58311013",4326,500,1,13,1,0,Normal,"19,99",,0,1,"27,45","27,45"
1,15,2,2,154,154,7002,7212,15,28748,2005-08-31,"-47,56015405","-21,58311013",4326,500,1,14,1,0,Normal,"15,09",,0,1,"23,91","23,91"
1,15,2,2,154,154,7003,7213,15,28748,2005-08-31,"-47,56015405","-21,58311013",4326,500,1,15,1,1,Falha,0,,0,0,,
1,15,2,2,154,154,7004,7214,15,28748,2005-08-31,"-47,56015405","-21,58311013",4326,500,1,16,1,0,Normal,"17,35",,0,1,"25,73","25,73"
1,15,2,2,154,154,7005,7215,15,28748,2005-08-31,"-47,56015405","-21,58311013",4326,500,1,17,1,0,Normal,"11,62","22,4",1,1,"20,21","22,4"
1,15,2,2,154,154,7006,7216,15,28748,2005-08-31,"-47,56015405","-21,58311013",4326,500,1,18,1,0,Normal,"15,76","23,3",1,1,"24,49","23,3"
1,15,2,2,154,154,7007,7217,15,28748,2005-08-31,"-47,56015405","-21,58311013",4326,500,1,19,1,0,Normal,"13,37","23,8",1,1,"22,24","23,8"
1,15,2,2,154,154,7008,7218,15,28748,2005-08-31,"-47,56015405","-21,58311013",4326,500,1,20,1,3,Bifurcada Abaixo,"10,25","17,4",1,1,"18,33","17,4"
1,15,2,2,154,154,7008,7219,15,28748,2005-08-31,"-47,56015405","-21,58311013",4326,500,1,20,2,3,Bifurcada Abaixo,"6,68",12,1,1,"11,76",12
1,15,2,2,154,154,7009,7220,15,28748,2005-08-31,"-47,56015405","-21,58311013",4326,500,1,21,1,0,Normal,"18,46",25,1,1,"26,5",25
1,15,2,2,154,154,7010,7221,15,28748,2005-08-31,"-47,56015405","-21,58311013",4326,500,1,22,1,0,Normal,"15,92","25,4",1,1,"24,63","25,4"
1,15,2,2,154,154,7011,7222,15,28748,2005-08-31,"-47,56015405","-21,58311013",4326,500,1,23,1,0,Normal,"8,34","13,4",1,1,"15,15","13,4"
1,15,2,2,154,154,7012,7223,15,28748,2005-08-31,"-47,56015405","-21,58311013",4326,500,1,24,1,2,Dominante,"20,4","26,7",1,1,"27,69","26,7"
1,15,2,2,154,154,7013,7224,15,28748,2005-08-31,"-47,56015405","-21,58311013",4326,500,1,25,1,0,Normal,"13,21","24,2",1,1,"22,07","24,2"
1,15,2,2,154,154,7014,7225,15,28748,2005-08-31,"-47,56015405","-21,58311013",4326,500,1,26,1,0,Normal,"16,04","25,9",1,1,"24,72","25,9"
1,15,2,2,154,154,7015,7226,15,28748,2005-08-31,"-47,56015405","-21,58311013",4326,500,1,27,1,0,Normal,"15,12",,0,1,"23,94","23,94"
1,15,2,2,154,154,7016,7227,15,28748,2005-08-31,"-47,56015405","-21,58311013",4326,500,1,28,1,0,Normal,"17,22",,0,1,"25,64","25,64"
1,15,2,2,154,154,7017,7228,15,28748,2005-08-31,"-47,56015405","-21,58311013",4326,500,1,29,1,0,Normal,"17,57",,0,1,"25,89","25,89"
1,15,2,2,154,154,7018,7229,15,28748,2005-08-31,"-47,56015405","-21,58311013",4326,500,1,30,1,0,Normal,"14,64",,0,1,"23,5","23,5"
1,15,2,2,154,154,7019,7230,15,28748,2005-08-31,"-47,56015405","-21,58311013",4326,500,1,31,1,0,Normal,"19,13",,0,1,"26,93","26,93"
1,15,2,2,154,154,7020,7231,15,28748,2005-08-31,"-47,56015405","-21,58311013",4326,500,1,32,1,0,Normal,"10,98",,0,1,"19,37","19,37"
1,15,2,2,154,154,7021,7232,15,28748,2005-08-31,"-47,56015405","-21,58311013",4326,500,1,33,1,0,Normal,"18,46",,0,1,"26,5","26,5"
1,15,2,2,154,154,7022,7233,15,28748,2005-08-31,"-47,56015405","-21,58311013",4326,500,1,34,1,0,Normal,"16,87",,0,1,"25,38","25,38"
1,15,2,2,154,154,7023,7234,15,28748,2005-08-31,"-47,56015405","-21,58311013",4326,500,1,35,1,0,Normal,"15,34",,0,1,"24,13","24,13"
1,15,2,2,154,154,7024,7235,15,28748,2005-08-31,"-47,56015405","-21,58311013",4326,500,1,36,1,0,Normal,"16,55",,0,1,"25,13","25,13"
1,15,2,2,154,154,7025,7236,15,28748,2005-08-31,"-47,56015405","-21,58311013",4326,500,1,37,1,0,Normal,"16,3",,0,1,"24,93","24,93"
1,15,2,2,154,154,7026,7237,15,28748,2005-08-31,"-47,56015405","-21,58311013",4326,500,1,38,1,2,Dominante,"21,26","28,5",1,1,"28,16","28,5"
1,15,2,2,154,154,7027,7238,15,28748,2005-08-31,"-47,56015405","-21,58311013",4326,500,1,39,1,2,Dominante,"23,87",29,1,1,"29,42",29
1,15,2,2,154,154,7028,7239,15,28748,2005-08-31,"-47,56015405","-21,58311013",4326,500,1,40,1,1,Falha,0,,0,0,,
1,15,2,2,154,154,7029,7240,15,28748,2005-08-31,"-47,56015405","-21,58311013",4326,500,1,41,1,1,Falha,0,,0,0,,
1,15,2,2,154,154,7030,7241,15,28748,2005-08-31,"-47,56015405","-21,58311013",4326,500,1,42,1,1,Falha,0,,0,0,,
1,15,2,2,154,154,7031,7242,15,28748,2005-08-31,"-47,56015405","-21,58311013",4326,500,1,43,1,2,Dominante,"23,81",28,1,1,"29,39",28
1,15,2,2,154,154,7032,7243,15,28748,2005-08-31,"-47,56015405","-21,58311013",4326,500,1,44,1,3,Bifurcada Abaixo,"12,1",,0,1,"20,8","20,8"
1,15,2,2,154,154,7032,7244,15,28748,2005-08-31,"-47,56015405","-21,58311013",4326,500,1,44,2,3,Bifurcada Abaixo,"7,16",,0,1,"12,81","12,81"
1,15,2,2,154,154,7033,7245,15,28748,2005-08-31,"-47,56015405","-21,58311013",4326,500,1,45,1,2,Dominante,"21,33","27,6",1,1,"28,2","27,6"
1,16,1,1,155,155,7034,7246,16,28749,2005-08-31,"-47,55768898","-21,58785169",4326,500,1,1,1,2,Dominante,"22,76","27,8",1,1,"26,76","27,8"
1,16,1,1,155,155,7035,7247,16,28749,2005-08-31,"-47,55768898","-21,58785169",4326,500,1,2,1,0,Normal,"11,27",,0,1,"19,45","19,45"
1,16,1,1,155,155,7036,7248,16,28749,2005-08-31,"-47,55768898","-21,58785169",4326,500,1,3,1,0,Normal,"17,51",,0,1,"24,36","24,36"
1,16,1,1,155,155,7037,7249,16,28749,2005-08-31,"-47,55768898","-21,58785169",4326,500,1,4,1,2,Dominante,"21,65","26,4",1,1,"26,33","26,4"
1,16,1,1,155,155,7038,7250,16,28749,2005-08-31,"-47,55768898","-21,58785169",4326,500,1,5,1,0,Normal,"10,19",,0,1,"18,18","18,18"
1,16,1,1,155,155,7039,7251,16,28749,2005-08-31,"-47,55768898","-21,58785169",4326,500,1,6,1,0,Normal,"19,99",,0,1,"25,62","25,62"
1,16,1,1,155,155,7040,7252,16,28749,2005-08-31,"-47,55768898","-21,58785169",4326,500,1,7,1,0,Normal,"18,05",,0,1,"24,66","24,66"
1,16,1,1,155,155,7041,7253,16,28749,2005-08-31,"-47,55768898","-21,58785169",4326,500,1,8,1,0,Normal,"17,19",,0,1,"24,18","24,18"
1,16,1,1,155,155,7042,7254,16,28749,2005-08-31,"-47,55768898","-21,58785169",4326,500,1,9,1,3,Bifurcada Abaixo,"5,25",,0,1,"9,42","9,42"
1,16,1,1,155,155,7042,7255,16,28749,2005-08-31,"-47,55768898","-21,58785169",4326,500,1,9,2,3,Bifurcada Abaixo,"7,64",,0,1,"14,4","14,4"
1,16,1,1,155,155,7043,7256,16,28749,2005-08-31,"-47,55768898","-21,58785169",4326,500,1,10,1,0,Normal,"4,46",,0,1,"7,4","7,4"
1,16,1,1,155,155,7044,7257,16,28749,2005-08-31,"-47,55768898","-21,58785169",4326,500,1,11,1,0,Normal,"15,6",,0,1,"23,18","23,18"
1,16,1,1,155,155,7045,7258,16,28749,2005-08-31,"-47,55768898","-21,58785169",4326,500,1,12,1,0,Normal,"7,32",,0,1,"13,82","13,82"
1,16,1,1,155,155,7046,7259,16,28749,2005-08-31,"-47,55768898","-21,58785169",4326,500,1,13,1,0,Normal,"7,45",,0,1,"14,06","14,06"
1,16,1,1,155,155,7047,7260,16,28749,2005-08-31,"-47,55768898","-21,58785169",4326,500,1,14,1,0,Normal,"12,41",,0,1,"20,61","20,61"
1,16,1,1,155,155,7048,7261,16,28749,2005-08-31,"-47,55768898","-21,58785169",4326,500,1,15,1,0,Normal,"13,94",,0,1,"21,95","21,95"
1,16,1,1,155,155,7049,7262,16,28749,2005-08-31,"-47,55768898","-21,58785169",4326,500,1,16,1,0,Normal,"4,3",,0,1,"6,98","6,98"
1,16,1,1,155,155,7050,7263,16,28749,2005-08-31,"-47,55768898","-21,58785169",4326,500,1,17,1,0,Normal,"18,62",,0,1,"24,96","24,96"
1,16,1,1,155,155,7051,7264,16,28749,2005-08-31,"-47,55768898","-21,58785169",4326,500,1,18,1,0,Normal,"5,89",,0,1,"10,91","10,91"
1,16,1,1,155,155,7052,7265,16,28749,2005-08-31,"-47,55768898","-21,58785169",4326,500,1,19,1,0,Normal,"17,19",,0,1,"24,18","24,18"
1,16,1,1,155,155,7053,7266,16,28749,2005-08-31,"-47,55768898","-21,58785169",4326,500,1,20,1,0,Normal,"9,55",,0,1,"17,35","17,35"
1,16,1,1,155,155,7054,7267,16,28749,2005-08-31,"-47,55768898","-21,58785169",4326,500,1,21,1,0,Normal,"16,27",,0,1,"23,62","23,62"
1,16,1,1,155,155,7055,7268,16,28749,2005-08-31,"-47,55768898","-21,58785169",4326,500,1,22,1,0,Normal,"13,53","23,6",1,1,"21,61","23,6"
1,16,1,1,155,155,7056,7269,16,28749,2005-08-31,"-47,55768898","-21,58785169",4326,500,1,23,1,0,Normal,"21,33",25,1,1,"26,2",25
1,16,1,1,155,155,7057,7270,16,28749,2005-08-31,"-47,55768898","-21,58785169",4326,500,1,24,1,0,Normal,"10,19","18,1",1,1,"18,18","18,1"
1,16,1,1,155,155,7058,7271,16,28749,2005-08-31,"-47,55768898","-21,58785169",4326,500,1,25,1,0,Normal,"19,1","24,7",1,1,"25,2","24,7"
1,16,1,1,155,155,7059,7272,16,28749,2005-08-31,"-47,55768898","-21,58785169",4326,500,1,26,1,2,Dominante,"21,8","25,9",1,1,"26,39","25,9"
1,16,1,1,155,155,7060,7273,16,28749,2005-08-31,"-47,55768898","-21,58785169",4326,500,1,27,1,0,Normal,"20,63","25,7",1,1,"25,91","25,7"
1,16,1,1,155,155,7061,7274,16,28749,2005-08-31,"-47,55768898","-21,58785169",4326,500,1,28,1,0,Normal,"16,71","23,1",1,1,"23,89","23,1"
1,16,1,1,155,155,7062,7275,16,28749,2005-08-31,"-47,55768898","-21,58785169",4326,500,1,29,1,0,Normal,"16,87",24,1,1,"23,99",24
1,16,1,1,155,155,7063,7276,16,28749,2005-08-31,"-47,55768898","-21,58785169",4326,500,1,30,1,1,Falha,0,,0,0,,
1,16,1,1,155,155,7064,7277,16,28749,2005-08-31,"-47,55768898","-21,58785169",4326,500,1,31,1,0,Normal,"12,41",20,1,1,"20,61",20
1,16,1,1,155,155,7065,7278,16,28749,2005-08-31,"-47,55768898","-21,58785169",4326,500,1,32,1,0,Normal,"14,64",22,1,1,"22,49",22
1,16,1,1,155,155,7066,7279,16,28749,2005-08-31,"-47,55768898","-21,58785169",4326,500,1,33,1,0,Normal,"15,28",,0,1,"22,96","22,96"
1,16,1,1,155,155,7067,7280,16,28749,2005-08-31,"-47,55768898","-21,58785169",4326,500,1,34,1,0,Normal,"13,69",,0,1,"21,75","21,75"
1,16,1,1,155,155,7068,7281,16,28749,2005-08-31,"-47,55768898","-21,58785169",4326,500,1,35,1,0,Normal,"9,39",,0,1,"17,13","17,13"
1,16,1,1,155,155,7069,7282,16,28749,2005-08-31,"-47,55768898","-21,58785169",4326,500,1,36,1,0,Normal,"16,49",,0,1,"23,76","23,76"
1,16,1,1,155,155,7070,7283,16,28749,2005-08-31,"-47,55768898","-21,58785169",4326,500,1,37,1,0,Normal,"15,28",,0,1,"22,96","22,96"
1,16,1,1,155,155,7071,7284,16,28749,2005-08-31,"-47,55768898","-21,58785169",4326,500,1,38,1,0,Normal,"14,64",,0,1,"22,49","22,49"
1,16,1,1,155,155,7072,7285,16,28749,2005-08-31,"-47,55768898","-21,58785169",4326,500,1,39,1,2,Dominante,"21,71",27,1,1,"26,36",27
1,16,1,1,155,155,7073,7286,16,28749,2005-08-31,"-47,55768898","-21,58785169",4326,500,1,40,1,0,Normal,"20,37",,0,1,"25,79","25,79"
1,16,1,1,155,155,7074,7287,16,28749,2005-08-31,"-47,55768898","-21,58785169",4326,500,1,41,1,0,Normal,"13,05",,0,1,"21,2","21,2"
1,16,1,1,155,155,7075,7288,16,28749,2005-08-31,"-47,55768898","-21,58785169",4326,500,1,42,1,0,Normal,"15,5",,0,1,"23,11","23,11"
1,16,1,1,155,155,7076,7289,16,28749,2005-08-31,"-47,55768898","-21,58785169",4326,500,1,43,1,0,Normal,"16,07",,0,1,"23,49","23,49"
1,16,1,1,155,155,7077,7290,16,28749,2005-08-31,"-47,55768898","-21,58785169",4326,500,1,44,1,0,Normal,"17,83",,0,1,"24,54","24,54"
1,16,1,1,155,155,7078,7291,16,28749,2005-08-31,"-47,55768898","-21,58785169",4326,500,1,45,1,0,Normal,"19,48",,0,1,"25,39","25,39"
1,16,1,1,155,155,7079,7292,16,28749,2005-08-31,"-47,55768898","-21,58785169",4326,500,1,46,1,0,Normal,"16,87",,0,1,"23,99","23,99"
1,16,1,1,155,155,7080,7293,16,28749,2005-08-31,"-47,55768898","-21,58785169",4326,500,1,47,1,0,Normal,"21,65","26,6",1,1,"26,33","26,6"
1,16,1,1,155,155,7081,7294,16,28749,2005-08-31,"-47,55768898","-21,58785169",4326,500,1,48,1,0,Normal,"16,49",,0,1,"23,76","23,76"
1,16,1,1,155,155,7082,7295,16,28749,2005-08-31,"-47,55768898","-21,58785169",4326,500,1,49,1,0,Normal,"13,27",,0,1,"21,39","21,39"
1,16,1,1,155,155,7083,7296,16,28749,2005-08-31,"-47,55768898","-21,58785169",4326,500,1,50,1,0,Normal,"17,44",,0,1,"24,32","24,32"
1,16,1,1,155,155,7084,7297,16,28749,2005-08-31,"-47,55768898","-21,58785169",4326,500,1,51,1,2,Dominante,"24,51","27,7",1,1,"27,37","27,7"
1,16,1,1,157,157,7135,7348,16,28751,2005-08-31,"-47,555992","-21,58631586",4326,500,1,1,1,0,Normal,"12,25",,0,1,"21,15","21,15"
1,16,1,1,157,157,7136,7349,16,28751,2005-08-31,"-47,555992","-21,58631586",4326,500,1,2,1,2,Dominante,"24,19","31,8",1,1,"29,47","31,8"
1,16,1,1,157,157,7137,7350,16,28751,2005-08-31,"-47,555992","-21,58631586",4326,500,1,3,1,2,Dominante,"24,51",31,1,1,"29,6",31
1,16,1,1,157,157,7138,7351,16,28751,2005-08-31,"-47,555992","-21,58631586",4326,500,1,4,1,0,Normal,"10,5",,0,1,"18,9","18,9"
1,16,1,1,157,157,7139,7352,16,28751,2005-08-31,"-47,555992","-21,58631586",4326,500,1,5,1,0,Normal,"21,01",,0,1,"27,99","27,99"
1,16,1,1,157,157,7140,7353,16,28751,2005-08-31,"-47,555992","-21,58631586",4326,500,1,6,1,0,Normal,"11,46",,0,1,"20,19","20,19"
1,16,1,1,157,157,7141,7354,16,28751,2005-08-31,"-47,555992","-21,58631586",4326,500,1,7,1,0,Normal,"18,14",,0,1,"26,31","26,31"
1,16,1,1,157,157,7142,7355,16,28751,2005-08-31,"-47,555992","-21,58631586",4326,500,1,8,1,1,Falha,0,,0,0,,
1,16,1,1,157,157,7143,7356,16,28751,2005-08-31,"-47,555992","-21,58631586",4326,500,1,9,1,0,Normal,"15,6",,0,1,"24,43","24,43"
1,16,1,1,157,157,7144,7357,16,28751,2005-08-31,"-47,555992","-21,58631586",4326,500,1,10,1,1,Falha,0,,0,0,,
1,16,1,1,157,157,7145,7358,16,28751,2005-08-31,"-47,555992","-21,58631586",4326,500,1,11,1,0,Normal,"14,16",,0,1,"23,15","23,15"
1,16,1,1,157,157,7146,7359,16,28751,2005-08-31,"-47,555992","-21,58631586",4326,500,1,12,1,2,Dominante,"24,89","30,1",1,1,"29,75","30,1"
1,16,1,1,157,157,7147,7360,16,28751,2005-08-31,"-47,555992","-21,58631586",4326,500,1,13,1,0,Normal,"10,35",,0,1,"18,69","18,69"
1,16,1,1,157,157,7148,7361,16,28751,2005-08-31,"-47,555992","-21,58631586",4326,500,1,14,1,2,Dominante,"25,46","29,2",1,1,"29,98","29,2"
1,16,1,1,157,157,7149,7362,16,28751,2005-08-31,"-47,555992","-21,58631586",4326,500,1,15,1,1,Falha,0,,0,0,,
1,16,1,1,157,157,7150,7363,16,28751,2005-08-31,"-47,555992","-21,58631586",4326,500,1,16,1,0,Normal,"19,74",,0,1,"27,29","27,29"
1,16,1,1,157,157,7151,7364,16,28751,2005-08-31,"-47,555992","-21,58631586",4326,500,1,17,1,0,Normal,"20,12",,0,1,"27,51","27,51"
1,16,1,1,157,157,7152,7365,16,28751,2005-08-31,"-47,555992","-21,58631586",4326,500,1,18,1,0,Normal,"21,17",,0,1,"28,07","28,07"
1,16,1,1,157,157,7153,7366,16,28751,2005-08-31,"-47,555992","-21,58631586",4326,500,1,19,1,0,Normal,"17,83",,0,1,"26,1","26,1"
1,16,1,1,157,157,7154,7367,16,28751,2005-08-31,"-47,555992","-21,58631586",4326,500,1,20,1,0,Normal,"20,37","26,8",1,1,"27,65","26,8"
1,16,1,1,157,157,7155,7368,16,28751,2005-08-31,"-47,555992","-21,58631586",4326,500,1,21,1,0,Normal,"18,46","25,9",1,1,"26,51","25,9"
1,16,1,1,157,157,7156,7369,16,28751,2005-08-31,"-47,555992","-21,58631586",4326,500,1,22,1,0,Normal,"16,93","25,8",1,1,"25,47","25,8"
1,16,1,1,157,157,7157,7370,16,28751,2005-08-31,"-47,555992","-21,58631586",4326,500,1,23,1,0,Normal,"21,1","27,2",1,1,"28,04","27,2"
1,16,1,1,157,157,7158,7371,16,28751,2005-08-31,"-47,555992","-21,58631586",4326,500,1,24,1,0,Normal,"19,74","26,1",1,1,"27,29","26,1"
1,16,1,1,157,157,7159,7372,16,28751,2005-08-31,"-47,555992","-21,58631586",4326,500,1,25,1,0,Normal,"11,4","20,5",1,1,"20,11","20,5"
1,16,1,1,157,157,7160,7373,16,28751,2005-08-31,"-47,555992","-21,58631586",4326,500,1,26,1,0,Normal,"18,08",28,1,1,"26,27",28
1,16,1,1,157,157,7161,7374,16,28751,2005-08-31,"-47,555992","-21,58631586",4326,500,1,27,1,2,Dominante,"21,87",28,1,1,"28,42",28
1,16,1,1,157,157,7162,7375,16,28751,2005-08-31,"-47,555992","-21,58631586",4326,500,1,28,1,0,Normal,"20,69","26,5",1,1,"27,82","26,5"
1,16,1,1,157,157,7163,7376,16,28751,2005-08-31,"-47,555992","-21,58631586",4326,500,1,29,1,0,Normal,"14,67","23,1",1,1,"23,63","23,1"
1,16,1,1,157,157,7164,7377,16,28751,2005-08-31,"-47,555992","-21,58631586",4326,500,1,30,1,0,Normal,"18,08",,0,1,"26,27","26,27"
1,16,1,1,157,157,7165,7378,16,28751,2005-08-31,"-47,555992","-21,58631586",4326,500,1,31,1,0,Normal,"12,32",,0,1,"21,23","21,23"
1,16,1,1,157,157,7166,7379,16,28751,2005-08-31,"-47,555992","-21,58631586",4326,500,1,32,1,0,Normal,"21,71",,0,1,"28,35","28,35"
1,16,1,1,157,157,7167,7380,16,28751,2005-08-31,"-47,555992","-21,58631586",4326,500,1,33,1,0,Normal,"20,37",,0,1,"27,65","27,65"
1,16,1,1,157,157,7168,7381,16,28751,2005-08-31,"-47,555992","-21,58631586",4326,500,1,34,1,0,Normal,"16,55",,0,1,"25,18","25,18"
1,16,1,1,157,157,7169,7382,16,28751,2005-08-31,"-47,555992","-21,58631586",4326,500,1,35,1,0,Normal,"16,62",,0,1,"25,24","25,24"
1,16,1,1,157,157,7170,7383,16,28751,2005-08-31,"-47,555992","-21,58631586",4326,500,1,36,1,0,Normal,"14,74",,0,1,"23,69","23,69"
1,16,1,1,157,157,7171,7384,16,28751,2005-08-31,"-47,555992","-21,58631586",4326,500,1,37,1,0,Normal,"13,69",,0,1,"22,7","22,7"
1,16,1,1,157,157,7172,7385,16,28751,2005-08-31,"-47,555992","-21,58631586",4326,500,1,38,1,0,Normal,"20,05",,0,1,"27,47","27,47"
1,16,1,1,157,157,7173,7386,16,28751,2005-08-31,"-47,555992","-21,58631586",4326,500,1,39,1,0,Normal,"13,62",,0,1,"22,63","22,63"
1,16,1,1,157,157,7174,7387,16,28751,2005-08-31,"-47,555992","-21,58631586",4326,500,1,40,1,0,Normal,"9,9",,0,1,"18,03","18,03"
1,16,1,1,157,157,7175,7388,16,28751,2005-08-31,"-47,555992","-21,58631586",4326,500,1,41,1,0,Normal,"18,46",,0,1,"26,51","26,51"
1,16,1,1,157,157,7176,7389,16,28751,2005-08-31,"-47,555992","-21,58631586",4326,500,1,42,1,0,Normal,"15,34",,0,1,"24,21","24,21"
1,16,1,1,157,157,7177,7390,16,28751,2005-08-31,"-47,555992","-21,58631586",4326,500,1,43,1,0,Normal,"19,74",,0,1,"27,29","27,29"
1,16,1,1,157,157,7178,7391,16,28751,2005-08-31,"-47,555992","-21,58631586",4326,500,1,44,1,0,Normal,"17,35",,0,1,"25,77","25,77"
1,16,1,1,157,157,7179,7392,16,28751,2005-08-31,"-47,555992","-21,58631586",4326,500,1,45,1,0,Normal,"18,68",,0,1,"26,65","26,65"
1,16,1,1,157,157,7180,7393,16,28751,2005-08-31,"-47,555992","-21,58631586",4326,500,1,46,1,0,Normal,"15,53",,0,1,"24,37","24,37"
1,16,1,1,158,158,7181,7394,16,28752,2005-08-31,"-47,55601942","-21,58787732",4326,500,1,1,1,2,Dominante,"21,01","26,1",1,1,"25,89","26,1"
1,16,1,1,158,158,7182,7395,16,28752,2005-08-31,"-47,55601942","-21,58787732",4326,500,1,2,1,0,Normal,"13,69",,0,1,"22,91","22,91"
1,16,1,1,158,158,7183,7396,16,28752,2005-08-31,"-47,55601942","-21,58787732",4326,500,1,3,1,0,Normal,"16,55",,0,1,"24,34","24,34"
1,16,1,1,158,158,7184,7397,16,28752,2005-08-31,"-47,55601942","-21,58787732",4326,500,1,4,1,0,Normal,"18,62",,0,1,"25,14","25,14"
1,16,1,1,158,158,7185,7398,16,28752,2005-08-31,"-47,55601942","-21,58787732",4326,500,1,5,1,0,Normal,"17,19",,0,1,"24,61","24,61"
1,16,1,1,158,158,7186,7399,16,28752,2005-08-31,"-47,55601942","-21,58787732",4326,500,1,6,1,0,Normal,"18,21",,0,1,25,25
1,16,1,1,158,158,7187,7400,16,28752,2005-08-31,"-47,55601942","-21,58787732",4326,500,1,7,1,0,Normal,"18,14",,0,1,"24,97","24,97"
1,16,1,1,158,158,7188,7401,16,28752,2005-08-31,"-47,55601942","-21,58787732",4326,500,1,8,1,0,Normal,"16,49",,0,1,"24,32","24,32"
1,16,1,1,158,158,7189,7402,16,28752,2005-08-31,"-47,55601942","-21,58787732",4326,500,1,9,1,0,Normal,"9,23",,0,1,"19,34","19,34"
1,16,1,1,158,158,7190,7403,16,28752,2005-08-31,"-47,55601942","-21,58787732",4326,500,1,10,1,0,Normal,"7,96",,0,1,"17,8","17,8"
1,16,1,1,158,158,7191,7404,16,28752,2005-08-31,"-47,55601942","-21,58787732",4326,500,1,11,1,0,Normal,"12,57",,0,1,"22,21","22,21"
1,16,1,1,158,158,7192,7405,16,28752,2005-08-31,"-47,55601942","-21,58787732",4326,500,1,12,1,0,Normal,"17,67",,0,1,"24,8","24,8"
1,16,1,1,158,158,7193,7406,16,28752,2005-08-31,"-47,55601942","-21,58787732",4326,500,1,13,1,0,Normal,"18,14",,0,1,"24,97","24,97"
1,16,1,1,158,158,7194,7407,16,28752,2005-08-31,"-47,55601942","-21,58787732",4326,500,1,14,1,0,Normal,"10,12",,0,1,"20,24","20,24"
1,16,1,1,158,158,7195,7408,16,28752,2005-08-31,"-47,55601942","-21,58787732",4326,500,1,15,1,0,Normal,"18,46",,0,1,"25,09","25,09"
1,16,1,1,158,158,7196,7409,16,28752,2005-08-31,"-47,55601942","-21,58787732",4326,500,1,16,1,0,Normal,"16,9",,0,1,"24,49","24,49"
1,16,1,1,158,158,7197,7410,16,28752,2005-08-31,"-47,55601942","-21,58787732",4326,500,1,17,1,0,Normal,"4,93",,0,1,"12,28","12,28"
1,16,1,1,158,158,7198,7411,16,28752,2005-08-31,"-47,55601942","-21,58787732",4326,500,1,18,1,0,Normal,"4,14",,0,1,"10,2","10,2"
1,16,1,1,158,158,7199,7412,16,28752,2005-08-31,"-47,55601942","-21,58787732",4326,500,1,19,1,0,Normal,"17,44",,0,1,"24,71","24,71"
1,16,1,1,158,158,7200,7413,16,28752,2005-08-31,"-47,55601942","-21,58787732",4326,500,1,20,1,0,Normal,"17,86",,0,1,"24,87","24,87"
1,16,1,1,158,158,7201,7414,16,28752,2005-08-31,"-47,55601942","-21,58787732",4326,500,1,21,1,0,Normal,"13,53",,0,1,"22,82","22,82"
1,16,1,1,158,158,7202,7415,16,28752,2005-08-31,"-47,55601942","-21,58787732",4326,500,1,22,1,2,Dominante,"21,74","26,4",1,1,"26,09","26,4"
1,16,1,1,158,158,7203,7416,16,28752,2005-08-31,"-47,55601942","-21,58787732",4326,500,1,23,1,0,Normal,"18,46","24,6",1,1,"25,09","24,6"
1,16,1,1,158,158,7204,7417,16,28752,2005-08-31,"-47,55601942","-21,58787732",4326,500,1,24,1,0,Normal,"16,93","24,3",1,1,"24,5","24,3"
1,16,1,1,158,158,7205,7418,16,28752,2005-08-31,"-47,55601942","-21,58787732",4326,500,1,25,1,0,Normal,"20,37","24,9",1,1,"25,71","24,9"
1,16,1,1,158,158,7206,7419,16,28752,2005-08-31,"-47,55601942","-21,58787732",4326,500,1,26,1,0,Normal,"17,83","24,6",1,1,"24,86","24,6"
1,16,1,1,158,158,7207,7420,16,28752,2005-08-31,"-47,55601942","-21,58787732",4326,500,1,27,1,0,Normal,"20,15","26,5",1,1,"25,64","26,5"
1,16,1,1,158,158,7208,7421,16,28752,2005-08-31,"-47,55601942","-21,58787732",4326,500,1,28,1,0,Normal,"13,37","22,5",1,1,"22,72","22,5"
1,16,1,1,158,158,7209,7422,16,28752,2005-08-31,"-47,55601942","-21,58787732",4326,500,1,29,1,0,Normal,"18,62","24,5",1,1,"25,14","24,5"
1,16,1,1,158,158,7210,7423,16,28752,2005-08-31,"-47,55601942","-21,58787732",4326,500,1,30,1,0,Normal,"13,94","23,9",1,1,"23,06","23,9"
1,16,1,1,158,158,7211,7424,16,28752,2005-08-31,"-47,55601942","-21,58787732",4326,500,1,31,1,0,Normal,"12,73","22,3",1,1,"22,31","22,3"
1,16,1,1,158,158,7212,7425,16,28752,2005-08-31,"-47,55601942","-21,58787732",4326,500,1,32,1,0,Normal,"19,74","24,5",1,1,"25,51","24,5"
1,16,1,1,158,158,7213,7426,16,28752,2005-08-31,"-47,55601942","-21,58787732",4326,500,1,33,1,0,Normal,"12,73",,0,1,"22,31","22,31"
1,16,1,1,158,158,7214,7427,16,28752,2005-08-31,"-47,55601942","-21,58787732",4326,500,1,34,1,0,Normal,"14,64",,0,1,"23,44","23,44"
1,16,1,1,158,158,7215,7428,16,28752,2005-08-31,"-47,55601942","-21,58787732",4326,500,1,35,1,0,Normal,"15,98",,0,1,"24,09","24,09"
1,16,1,1,158,158,7216,7429,16,28752,2005-08-31,"-47,55601942","-21,58787732",4326,500,1,36,1,0,Normal,"17,63",,0,1,"24,78","24,78"
1,16,1,1,158,158,7217,7430,16,28752,2005-08-31,"-47,55601942","-21,58787732",4326,500,1,37,1,0,Normal,"20,21","25,9",1,1,"25,66","25,9"
1,16,1,1,158,158,7218,7431,16,28752,2005-08-31,"-47,55601942","-21,58787732",4326,500,1,38,1,2,Dominante,"21,87","26,3",1,1,"26,13","26,3"
1,16,1,1,158,158,7219,7432,16,28752,2005-08-31,"-47,55601942","-21,58787732",4326,500,1,39,1,0,Normal,"14,32",,0,1,"23,27","23,27"
1,16,1,1,158,158,7220,7433,16,28752,2005-08-31,"-47,55601942","-21,58787732",4326,500,1,40,1,0,Normal,"8,59",,0,1,"18,6","18,6"
1,16,1,1,158,158,7221,7434,16,28752,2005-08-31,"-47,55601942","-21,58787732",4326,500,1,41,1,0,Normal,"18,18",,0,1,"24,99","24,99"
1,16,1,1,158,158,7222,7435,16,28752,2005-08-31,"-47,55601942","-21,58787732",4326,500,1,42,1,2,Dominante,"21,26","26,7",1,1,"25,96","26,7"
1,16,1,1,158,158,7223,7436,16,28752,2005-08-31,"-47,55601942","-21,58787732",4326,500,1,43,1,2,Dominante,"21,58","26,3",1,1,"26,05","26,3"
1,16,1,1,158,158,7224,7437,16,28752,2005-08-31,"-47,55601942","-21,58787732",4326,500,1,44,1,0,Normal,"9,23",,0,1,"19,34","19,34"
1,16,1,1,158,158,7225,7438,16,28752,2005-08-31,"-47,55601942","-21,58787732",4326,500,1,45,1,0,Normal,"15,92",,0,1,"24,07","24,07"
1,16,1,1,158,158,7226,7439,16,28752,2005-08-31,"-47,55601942","-21,58787732",4326,500,1,46,1,0,Normal,"13,05",,0,1,"22,52","22,52"
1,16,1,1,158,158,7227,7440,16,28752,2005-08-31,"-47,55601942","-21,58787732",4326,500,1,47,1,0,Normal,"15,02",,0,1,"23,63","23,63"
1,16,1,1,158,158,7228,7441,16,28752,2005-08-31,"-47,55601942","-21,58787732",4326,500,1,48,1,0,Normal,"16,81",,0,1,"24,45","24,45"
1,16,1,1,159,159,7229,7442,16,28753,2005-08-31,"-47,55432197","-21,5863144",4326,500,1,1,1,0,Normal,"14,67",,0,1,"22,25","22,25"
1,16,1,1,159,159,7230,7443,16,28753,2005-08-31,"-47,55432197","-21,5863144",4326,500,1,2,1,0,Normal,"8,59",,0,1,"16,15","16,15"
1,16,1,1,159,159,7231,7444,16,28753,2005-08-31,"-47,55432197","-21,5863144",4326,500,1,3,1,0,Normal,"14,96",,0,1,"22,44","22,44"
1,16,1,1,159,159,7232,7445,16,28753,2005-08-31,"-47,55432197","-21,5863144",4326,500,1,4,1,0,Normal,"16,58",,0,1,"23,44","23,44"
1,16,1,1,159,159,7233,7446,16,28753,2005-08-31,"-47,55432197","-21,5863144",4326,500,1,5,1,0,Normal,"15,28",,0,1,"22,65","22,65"
1,16,1,1,159,159,7234,7447,16,28753,2005-08-31,"-47,55432197","-21,5863144",4326,500,1,6,1,0,Normal,"14,71",,0,1,"22,28","22,28"
1,16,1,1,159,159,7235,7448,16,28753,2005-08-31,"-47,55432197","-21,5863144",4326,500,1,7,1,0,Normal,"12,73",,0,1,"20,76","20,76"
1,16,1,1,159,159,7236,7449,16,28753,2005-08-31,"-47,55432197","-21,5863144",4326,500,1,8,1,2,Dominante,"19,77","25,4",1,1,25,"25,4"
1,16,1,1,159,159,7237,7450,16,28753,2005-08-31,"-47,55432197","-21,5863144",4326,500,1,9,1,0,Normal,"17,98",,0,1,"24,18","24,18"
1,16,1,1,159,159,7238,7451,16,28753,2005-08-31,"-47,55432197","-21,5863144",4326,500,1,10,1,2,Dominante,"20,47","25,5",1,1,"25,29","25,5"
1,16,1,1,159,159,7239,7452,16,28753,2005-08-31,"-47,55432197","-21,5863144",4326,500,1,11,1,0,Normal,"19,26",,0,1,"24,78","24,78"
1,16,1,1,159,159,7240,7453,16,28753,2005-08-31,"-47,55432197","-21,5863144",4326,500,1,12,1,0,Normal,"16,65",,0,1,"23,48","23,48"
1,16,1,1,159,159,7241,7454,16,28753,2005-08-31,"-47,55432197","-21,5863144",4326,500,1,13,1,0,Normal,"12,89",,0,1,"20,9","20,9"
1,16,1,1,159,159,7242,7455,16,28753,2005-08-31,"-47,55432197","-21,5863144",4326,500,1,14,1,2,Dominante,"20,05","25,4",1,1,"25,12","25,4"
1,16,1,1,159,159,7243,7456,16,28753,2005-08-31,"-47,55432197","-21,5863144",4326,500,1,15,1,2,Dominante,"20,4","24,7",1,1,"25,26","24,7"
1,16,1,1,159,159,7244,7457,16,28753,2005-08-31,"-47,55432197","-21,5863144",4326,500,1,16,1,1,Falha,0,,0,0,,
1,16,1,1,159,159,7245,7458,16,28753,2005-08-31,"-47,55432197","-21,5863144",4326,500,1,17,1,0,Normal,"10,19",,0,1,"18,23","18,23"
1,16,1,1,159,159,7246,7459,16,28753,2005-08-31,"-47,55432197","-21,5863144",4326,500,1,18,1,0,Normal,"8,59",,0,1,"16,15","16,15"
1,16,1,1,159,159,7247,7460,16,28753,2005-08-31,"-47,55432197","-21,5863144",4326,500,1,19,1,0,Normal,"9,17",,0,1,"16,96","16,96"
1,16,1,1,159,159,7248,7461,16,28753,2005-08-31,"-47,55432197","-21,5863144",4326,500,1,20,1,0,Normal,"19,16",,0,1,"24,74","24,74"
1,16,1,1,159,159,7249,7462,16,28753,2005-08-31,"-47,55432197","-21,5863144",4326,500,1,21,1,0,Normal,"17,19",,0,1,"23,77","23,77"
1,16,1,1,159,159,7250,7463,16,28753,2005-08-31,"-47,55432197","-21,5863144",4326,500,1,22,1,0,Normal,7,"13,1",1,1,"13,55","13,1"
1,16,1,1,159,159,7251,7464,16,28753,2005-08-31,"-47,55432197","-21,5863144",4326,500,1,23,1,0,Normal,"16,27","22,8",1,1,"23,26","22,8"
1,16,1,1,159,159,7252,7465,16,28753,2005-08-31,"-47,55432197","-21,5863144",4326,500,1,24,1,0,Normal,"10,19","18,2",1,1,"18,23","18,2"
1,16,1,1,159,159,7253,7466,16,28753,2005-08-31,"-47,55432197","-21,5863144",4326,500,1,25,1,0,Normal,"17,51",23,1,1,"23,94",23
1,16,1,1,159,159,7254,7467,16,28753,2005-08-31,"-47,55432197","-21,5863144",4326,500,1,26,1,3,Bifurcada Abaixo,"8,75",17,1,1,"16,38",17
1,16,1,1,159,159,7254,7468,16,28753,2005-08-31,"-47,55432197","-21,5863144",4326,500,1,26,2,3,Bifurcada Abaixo,"13,37","21,9",1,1,"21,29","21,9"
1,16,1,1,159,159,7255,7469,16,28753,2005-08-31,"-47,55432197","-21,5863144",4326,500,1,27,1,0,Normal,"9,23",,0,1,"17,04","17,04"
1,16,1,1,159,159,7256,7470,16,28753,2005-08-31,"-47,55432197","-21,5863144",4326,500,1,28,1,1,Falha,0,,0,0,,
1,16,1,1,159,159,7257,7471,16,28753,2005-08-31,"-47,55432197","-21,5863144",4326,500,1,29,1,0,Normal,"14,96","22,3",1,1,"22,44","22,3"
1,16,1,1,159,159,7258,7472,16,28753,2005-08-31,"-47,55432197","-21,5863144",4326,500,1,30,1,0,Normal,"15,28","22,8",1,1,"22,65","22,8"
1,16,1,1,159,159,7259,7473,16,28753,2005-08-31,"-47,55432197","-21,5863144",4326,500,1,31,1,0,Normal,"18,62",24,1,1,"24,49",24
1,16,1,1,159,159,7260,7474,16,28753,2005-08-31,"-47,55432197","-21,5863144",4326,500,1,32,1,0,Normal,"14,67",23,1,1,"22,25",23
1,16,1,1,159,159,7261,7475,16,28753,2005-08-31,"-47,55432197","-21,5863144",4326,500,1,33,1,2,Dominante,"19,51","24,9",1,1,"24,89","24,9"
1,16,1,1,159,159,7262,7476,16,28753,2005-08-31,"-47,55432197","-21,5863144",4326,500,1,34,1,0,Normal,"14,01",,0,1,"21,78","21,78"
1,16,1,1,159,159,7263,7477,16,28753,2005-08-31,"-47,55432197","-21,5863144",4326,500,1,35,1,0,Normal,"14,32",,0,1,22,22
1,16,1,1,159,159,7264,7478,16,28753,2005-08-31,"-47,55432197","-21,5863144",4326,500,1,36,1,0,Normal,"19,1",,0,1,"24,71","24,71"
1,16,1,1,159,159,7265,7479,16,28753,2005-08-31,"-47,55432197","-21,5863144",4326,500,1,37,1,0,Normal,"16,55",,0,1,"23,42","23,42"
1,16,1,1,159,159,7266,7480,16,28753,2005-08-31,"-47,55432197","-21,5863144",4326,500,1,38,1,0,Normal,"16,07",,0,1,"23,14","23,14"
1,16,1,1,159,159,7267,7481,16,28753,2005-08-31,"-47,55432197","-21,5863144",4326,500,1,39,1,0,Normal,"11,55",,0,1,"19,69","19,69"
1,16,1,1,159,159,7268,7482,16,28753,2005-08-31,"-47,55432197","-21,5863144",4326,500,1,40,1,0,Normal,"12,16",,0,1,"20,26","20,26"
1,16,1,1,159,159,7269,7483,16,28753,2005-08-31,"-47,55432197","-21,5863144",4326,500,1,41,1,0,Normal,"16,23",,0,1,"23,24","23,24"
1,16,1,1,159,159,7270,7484,16,28753,2005-08-31,"-47,55432197","-21,5863144",4326,500,1,42,1,3,Bifurcada Abaixo,"5,41",,0,1,"10,25","10,25"
1,16,1,1,159,159,7270,7485,16,28753,2005-08-31,"-47,55432197","-21,5863144",4326,500,1,42,2,3,Bifurcada Abaixo,"11,46",,0,1,"19,6","19,6"
1,16,1,1,159,159,7271,7486,16,28753,2005-08-31,"-47,55432197","-21,5863144",4326,500,1,43,1,0,Normal,"16,87",,0,1,"23,6","23,6"
1,16,1,1,159,159,7272,7487,16,28753,2005-08-31,"-47,55432197","-21,5863144",4326,500,1,44,1,0,Normal,"16,23",,0,1,"23,24","23,24"
1,16,1,1,159,159,7273,7488,16,28753,2005-08-31,"-47,55432197","-21,5863144",4326,500,1,45,1,0,Normal,"13,11",,0,1,"21,08","21,08"
1,16,1,1,159,159,7274,7489,16,28753,2005-08-31,"-47,55432197","-21,5863144",4326,500,1,46,1,0,Normal,"12,73",,0,1,"20,76","20,76"
1,16,1,1,159,159,7275,7490,16,28753,2005-08-31,"-47,55432197","-21,5863144",4326,500,1,47,1,0,Normal,"14,96",,0,1,"22,44","22,44"
1,16,1,1,159,159,7276,7491,16,28753,2005-08-31,"-47,55432197","-21,5863144",4326,500,1,48,1,0,Normal,"17,35",,0,1,"23,86","23,86"
1,16,1,1,159,159,7277,7492,16,28753,2005-08-31,"-47,55432197","-21,5863144",4326,500,1,49,1,0,Normal,"16,23",,0,1,"23,24","23,24"
1,16,1,1,159,159,7278,7493,16,28753,2005-08-31,"-47,55432197","-21,5863144",4326,500,1,50,1,0,Normal,17,,0,1,"23,67","23,67"
1,16,1,1,159,159,7279,7494,16,28753,2005-08-31,"-47,55432197","-21,5863144",4326,500,1,51,1,0,Normal,"18,46",,0,1,"24,41","24,41"
1,16,1,1,159,159,7280,7495,16,28753,2005-08-31,"-47,55432197","-21,5863144",4326,500,1,52,1,0,Normal,"12,41",,0,1,"20,49","20,49"
1,16,1,1,160,160,7281,7496,16,28754,2005-08-31,"-47,55763411","-21,58472877",4326,500,1,1,1,0,Normal,"17,51",,0,1,"25,25","25,25"
1,16,1,1,160,160,7282,7497,16,28754,2005-08-31,"-47,55763411","-21,58472877",4326,500,1,2,1,0,Normal,"15,02",,0,1,"23,79","23,79"
1,16,1,1,160,160,7283,7498,16,28754,2005-08-31,"-47,55763411","-21,58472877",4326,500,1,3,1,0,Normal,"19,74",,0,1,"26,3","26,3"
1,16,1,1,160,160,7284,7499,16,28754,2005-08-31,"-47,55763411","-21,58472877",4326,500,1,4,1,0,Normal,"19,1",,0,1,"26,02","26,02"
1,16,1,1,160,160,7285,7500,16,28754,2005-08-31,"-47,55763411","-21,58472877",4326,500,1,5,1,0,Normal,"19,03",,0,1,"25,99","25,99"
1,16,1,1,160,160,7286,7501,16,28754,2005-08-31,"-47,55763411","-21,58472877",4326,500,1,6,1,0,Normal,"14,07",,0,1,"23,13","23,13"
1,16,1,1,160,160,7287,7502,16,28754,2005-08-31,"-47,55763411","-21,58472877",4326,500,1,7,1,2,Dominante,"22,28","26,3",1,1,"27,27","26,3"
1,16,1,1,160,160,7288,7503,16,28754,2005-08-31,"-47,55763411","-21,58472877",4326,500,1,8,1,0,Normal,"16,07",,0,1,"24,45","24,45"
1,16,1,1,160,160,7289,7504,16,28754,2005-08-31,"-47,55763411","-21,58472877",4326,500,1,9,1,2,Dominante,"20,37","26,3",1,1,"26,56","26,3"
1,16,1,1,160,160,7290,7505,16,28754,2005-08-31,"-47,55763411","-21,58472877",4326,500,1,10,1,0,Normal,"19,42",,0,1,"26,16","26,16"
1,16,1,1,160,160,7291,7506,16,28754,2005-08-31,"-47,55763411","-21,58472877",4326,500,1,11,1,3,Bifurcada Abaixo,"14,36",,0,1,"23,34","23,34"
1,16,1,1,160,160,7291,7507,16,28754,2005-08-31,"-47,55763411","-21,58472877",4326,500,1,11,2,3,Bifurcada Abaixo,"14,96",,0,1,"23,76","23,76"
1,16,1,1,160,160,7292,7508,16,28754,2005-08-31,"-47,55763411","-21,58472877",4326,500,1,12,1,2,Dominante,"20,85","28,7",1,1,"26,75","28,7"
1,16,1,1,160,160,7293,7509,16,28754,2005-08-31,"-47,55763411","-21,58472877",4326,500,1,13,1,0,Normal,"10,35",,0,1,"19,7","19,7"
1,16,1,1,160,160,7294,7510,16,28754,2005-08-31,"-47,55763411","-21,58472877",4326,500,1,14,1,1,Falha,0,,0,0,,
1,16,1,1,160,160,7295,7511,16,28754,2005-08-31,"-47,55763411","-21,58472877",4326,500,1,15,1,0,Normal,"17,83",,0,1,"25,42","25,42"
1,16,1,1,160,160,7296,7512,16,28754,2005-08-31,"-47,55763411","-21,58472877",4326,500,1,16,1,0,Normal,"16,11",,0,1,"24,48","24,48"
1,16,1,1,160,160,7297,7513,16,28754,2005-08-31,"-47,55763411","-21,58472877",4326,500,1,17,1,0,Normal,"13,37",,0,1,"22,6","22,6"
1,16,1,1,160,160,7298,7514,16,28754,2005-08-31,"-47,55763411","-21,58472877",4326,500,1,18,1,0,Normal,"18,14",,0,1,"25,57","25,57"
1,16,1,1,160,160,7299,7515,16,28754,2005-08-31,"-47,55763411","-21,58472877",4326,500,1,19,1,0,Normal,"14,67",,0,1,"23,56","23,56"
1,16,1,1,160,160,7300,7516,16,28754,2005-08-31,"-47,55763411","-21,58472877",4326,500,1,20,1,0,Normal,"6,37",,0,1,"13,48","13,48"
1,16,1,1,160,160,7301,7517,16,28754,2005-08-31,"-47,55763411","-21,58472877",4326,500,1,21,1,0,Normal,"19,74",,0,1,"26,3","26,3"
1,16,1,1,160,160,7302,7518,16,28754,2005-08-31,"-47,55763411","-21,58472877",4326,500,1,22,1,0,Normal,"20,37","24,7",1,1,"26,56","24,7"
1,16,1,1,160,160,7303,7519,16,28754,2005-08-31,"-47,55763411","-21,58472877",4326,500,1,23,1,0,Normal,"15,28","22,9",1,1,"23,96","22,9"
1,16,1,1,160,160,7304,7520,16,28754,2005-08-31,"-47,55763411","-21,58472877",4326,500,1,24,1,0,Normal,"17,03","23,9",1,1,25,"23,9"
1,16,1,1,160,160,7305,7521,16,28754,2005-08-31,"-47,55763411","-21,58472877",4326,500,1,25,1,0,Normal,"16,58","24,2",1,1,"24,75","24,2"
1,16,1,1,160,160,7306,7522,16,28754,2005-08-31,"-47,55763411","-21,58472877",4326,500,1,26,1,0,Normal,"16,87","24,8",1,1,"24,91","24,8"
1,16,1,1,160,160,7307,7523,16,28754,2005-08-31,"-47,55763411","-21,58472877",4326,500,1,27,1,2,Dominante,"21,33","27,3",1,1,"26,93","27,3"
1,16,1,1,160,160,7308,7524,16,28754,2005-08-31,"-47,55763411","-21,58472877",4326,500,1,28,1,2,Dominante,"24,99","28,4",1,1,"28,12","28,4"
1,16,1,1,160,160,7309,7525,16,28754,2005-08-31,"-47,55763411","-21,58472877",4326,500,1,29,1,1,Falha,0,,0,0,,
1,16,1,1,160,160,7310,7526,16,28754,2005-08-31,"-47,55763411","-21,58472877",4326,500,1,30,1,0,Normal,"19,19","25,3",1,1,"26,06","25,3"
1,16,1,1,160,160,7311,7527,16,28754,2005-08-31,"-47,55763411","-21,58472877",4326,500,1,31,1,0,Normal,"17,35","27,1",1,1,"25,17","27,1"
1,16,1,1,160,160,7312,7528,16,28754,2005-08-31,"-47,55763411","-21,58472877",4326,500,1,32,1,0,Normal,"16,55","26,8",1,1,"24,73","26,8"
1,16,1,1,160,160,7313,7529,16,28754,2005-08-31,"-47,55763411","-21,58472877",4326,500,1,33,1,0,Normal,"19,42",,0,1,"26,16","26,16"
1,16,1,1,160,160,7314,7530,16,28754,2005-08-31,"-47,55763411","-21,58472877",4326,500,1,34,1,0,Normal,"15,76",,0,1,"24,27","24,27"
1,16,1,1,160,160,7315,7531,16,28754,2005-08-31,"-47,55763411","-21,58472877",4326,500,1,35,1,0,Normal,"15,6",,0,1,"24,17","24,17"
1,16,1,1,160,160,7316,7532,16,28754,2005-08-31,"-47,55763411","-21,58472877",4326,500,1,36,1,0,Normal,"17,13",,0,1,"25,05","25,05"
1,16,1,1,160,160,7317,7533,16,28754,2005-08-31,"-47,55763411","-21,58472877",4326,500,1,37,1,0,Normal,"19,1",,0,1,"26,02","26,02"
1,16,1,1,160,160,7318,7534,16,28754,2005-08-31,"-47,55763411","-21,58472877",4326,500,1,38,1,0,Normal,"9,55",,0,1,"18,72","18,72"
1,16,1,1,160,160,7319,7535,16,28754,2005-08-31,"-47,55763411","-21,58472877",4326,500,1,39,1,0,Normal,"18,78",,0,1,"25,87","25,87"
1,16,1,1,160,160,7320,7536,16,28754,2005-08-31,"-47,55763411","-21,58472877",4326,500,1,40,1,0,Normal,"15,76",,0,1,"24,27","24,27"
1,16,1,1,160,160,7321,7537,16,28754,2005-08-31,"-47,55763411","-21,58472877",4326,500,1,41,1,0,Normal,"14,96",,0,1,"23,76","23,76"
1,16,1,1,160,160,7322,7538,16,28754,2005-08-31,"-47,55763411","-21,58472877",4326,500,1,42,1,0,Normal,"16,17",,0,1,"24,51","24,51"
1,16,1,1,160,160,7323,7539,16,28754,2005-08-31,"-47,55763411","-21,58472877",4326,500,1,43,1,0,Normal,"10,19",,0,1,"19,51","19,51"
1,16,1,1,160,160,7324,7540,16,28754,2005-08-31,"-47,55763411","-21,58472877",4326,500,1,44,1,0,Normal,"19,74",,0,1,"26,3","26,3"
1,16,1,1,160,160,7325,7541,16,28754,2005-08-31,"-47,55763411","-21,58472877",4326,500,1,45,1,0,Normal,"11,78",,0,1,"21,21","21,21"
1,16,1,1,160,160,7326,7542,16,28754,2005-08-31,"-47,55763411","-21,58472877",4326,500,1,46,1,0,Normal,"18,56",,0,1,"25,77","25,77"
1,16,1,1,160,160,7327,7543,16,28754,2005-08-31,"-47,55763411","-21,58472877",4326,500,1,47,1,0,Normal,"18,4",,0,1,"25,7","25,7"
1,16,1,1,160,160,7328,7544,16,28754,2005-08-31,"-47,55763411","-21,58472877",4326,500,1,48,1,0,Normal,"16,87",,0,1,"24,91","24,91"
1,16,1,1,161,161,7329,7545,16,28755,2005-08-31,"-47,55593716","-21,58319294",4326,500,1,1,1,0,Normal,"14,67",,0,1,"22,9","22,9"
1,16,1,1,161,161,7330,7546,16,28755,2005-08-31,"-47,55593716","-21,58319294",4326,500,1,2,1,0,Normal,"9,39",,0,1,"19,33","19,33"
1,16,1,1,161,161,7331,7547,16,28755,2005-08-31,"-47,55593716","-21,58319294",4326,500,1,3,1,0,Normal,"18,78",,0,1,"24,46","24,46"
1,16,1,1,161,161,7332,7548,16,28755,2005-08-31,"-47,55593716","-21,58319294",4326,500,1,4,1,0,Normal,"18,21",,0,1,"24,28","24,28"
1,16,1,1,161,161,7333,7549,16,28755,2005-08-31,"-47,55593716","-21,58319294",4326,500,1,5,1,0,Normal,"17,51",,0,1,"24,04","24,04"
1,16,1,1,161,161,7334,7550,16,28755,2005-08-31,"-47,55593716","-21,58319294",4326,500,1,6,1,2,Dominante,"23,55",26,1,1,"25,65",26
1,16,1,1,161,161,7335,7551,16,28755,2005-08-31,"-47,55593716","-21,58319294",4326,500,1,7,1,0,Normal,"19,1",,0,1,"24,55","24,55"
1,16,1,1,161,161,7336,7552,16,28755,2005-08-31,"-47,55593716","-21,58319294",4326,500,1,8,1,0,Normal,"11,81",,0,1,"21,29","21,29"
1,16,1,1,161,161,7337,7553,16,28755,2005-08-31,"-47,55593716","-21,58319294",4326,500,1,9,1,0,Normal,"19,13",,0,1,"24,56","24,56"
1,16,1,1,161,161,7338,7554,16,28755,2005-08-31,"-47,55593716","-21,58319294",4326,500,1,10,1,0,Normal,"16,3",,0,1,"23,6","23,6"
1,16,1,1,161,161,7339,7555,16,28755,2005-08-31,"-47,55593716","-21,58319294",4326,500,1,11,1,2,Dominante,"22,76",26,1,1,"25,48",26
1,16,1,1,161,161,7340,7556,16,28755,2005-08-31,"-47,55593716","-21,58319294",4326,500,1,12,1,2,Dominante,"22,22",26,1,1,"25,36",26
1,16,1,1,161,161,7341,7557,16,28755,2005-08-31,"-47,55593716","-21,58319294",4326,500,1,13,1,0,Normal,"6,37",,0,1,"15,47","15,47"
1,16,1,1,161,161,7342,7558,16,28755,2005-08-31,"-47,55593716","-21,58319294",4326,500,1,14,1,0,Normal,"11,3",,0,1,"20,93","20,93"
1,16,1,1,161,161,7343,7559,16,28755,2005-08-31,"-47,55593716","-21,58319294",4326,500,1,15,1,0,Normal,"18,46",,0,1,"24,36","24,36"
1,16,1,1,161,161,7344,7560,16,28755,2005-08-31,"-47,55593716","-21,58319294",4326,500,1,16,1,1,Falha,0,,0,0,,
1,16,1,1,161,161,7345,7561,16,28755,2005-08-31,"-47,55593716","-21,58319294",4326,500,1,17,1,0,Normal,"18,72",,0,1,"24,44","24,44"
1,16,1,1,161,161,7346,7562,16,28755,2005-08-31,"-47,55593716","-21,58319294",4326,500,1,18,1,1,Falha,0,,0,0,,
1,16,1,1,161,161,7347,7563,16,28755,2005-08-31,"-47,55593716","-21,58319294",4326,500,1,19,1,2,Dominante,"20,69","25,7",1,1,"24,99","25,7"
1,16,1,1,161,161,7348,7564,16,28755,2005-08-31,"-47,55593716","-21,58319294",4326,500,1,20,1,0,Normal,"16,71",,0,1,"23,75","23,75"
1,16,1,1,161,161,7349,7565,16,28755,2005-08-31,"-47,55593716","-21,58319294",4326,500,1,21,1,0,Normal,"16,87","23,9",1,1,"23,81","23,9"
1,16,1,1,161,161,7350,7566,16,28755,2005-08-31,"-47,55593716","-21,58319294",4326,500,1,22,1,0,Normal,"20,12","24,1",1,1,"24,84","24,1"
1,16,1,1,161,161,7351,7567,16,28755,2005-08-31,"-47,55593716","-21,58319294",4326,500,1,23,1,2,Dominante,"20,69","24,7",1,1,"24,99","24,7"
1,16,1,1,161,161,7352,7568,16,28755,2005-08-31,"-47,55593716","-21,58319294",4326,500,1,24,1,0,Normal,"17,76","23,8",1,1,"24,13","23,8"
1,16,1,1,161,161,7353,7569,16,28755,2005-08-31,"-47,55593716","-21,58319294",4326,500,1,25,1,0,Normal,"16,62","23,5",1,1,"23,72","23,5"
1,16,1,1,161,161,7354,7570,16,28755,2005-08-31,"-47,55593716","-21,58319294",4326,500,1,26,1,0,Normal,"18,78","23,8",1,1,"24,46","23,8"
1,16,1,1,161,161,7355,7571,16,28755,2005-08-31,"-47,55593716","-21,58319294",4326,500,1,27,1,0,Normal,"19,35","24,6",1,1,"24,63","24,6"
1,16,1,1,161,161,7356,7572,16,28755,2005-08-31,"-47,55593716","-21,58319294",4326,500,1,28,1,0,Normal,"18,62","23,5",1,1,"24,41","23,5"
1,16,1,1,161,161,7357,7573,16,28755,2005-08-31,"-47,55593716","-21,58319294",4326,500,1,29,1,0,Normal,"13,46","22,8",1,1,"22,29","22,8"
1,16,1,1,161,161,7358,7574,16,28755,2005-08-31,"-47,55593716","-21,58319294",4326,500,1,30,1,0,Normal,"16,17","23,9",1,1,"23,55","23,9"
1,16,1,1,161,161,7359,7575,16,28755,2005-08-31,"-47,55593716","-21,58319294",4326,500,1,31,1,0,Normal,"17,19",,0,1,"23,93","23,93"
1,16,1,1,161,161,7360,7576,16,28755,2005-08-31,"-47,55593716","-21,58319294",4326,500,1,32,1,0,Normal,12,,0,1,"21,41","21,41"
1,16,1,1,161,161,7361,7577,16,28755,2005-08-31,"-47,55593716","-21,58319294",4326,500,1,33,1,0,Normal,"16,23",,0,1,"23,57","23,57"
1,16,1,1,161,161,7362,7578,16,28755,2005-08-31,"-47,55593716","-21,58319294",4326,500,1,34,1,0,Normal,"16,07",,0,1,"23,51","23,51"
1,16,1,1,161,161,7363,7579,16,28755,2005-08-31,"-47,55593716","-21,58319294",4326,500,1,35,1,0,Normal,"13,37",,0,1,"22,24","22,24"
1,16,1,1,161,161,7364,7580,16,28755,2005-08-31,"-47,55593716","-21,58319294",4326,500,1,36,1,0,Normal,"15,34",,0,1,"23,2","23,2"
1,16,1,1,161,161,7365,7581,16,28755,2005-08-31,"-47,55593716","-21,58319294",4326,500,1,37,1,0,Normal,"20,05",,0,1,"24,82","24,82"
1,16,1,1,161,161,7366,7582,16,28755,2005-08-31,"-47,55593716","-21,58319294",4326,500,1,38,1,0,Normal,"14,26",,0,1,"22,7","22,7"
1,16,1,1,161,161,7367,7583,16,28755,2005-08-31,"-47,55593716","-21,58319294",4326,500,1,39,1,0,Normal,"12,41",,0,1,"21,68","21,68"
1,16,1,1,161,161,7368,7584,16,28755,2005-08-31,"-47,55593716","-21,58319294",4326,500,1,40,1,0,Normal,"15,92",,0,1,"23,44","23,44"
1,16,1,1,161,161,7369,7585,16,28755,2005-08-31,"-47,55593716","-21,58319294",4326,500,1,41,1,0,Normal,"17,54",,0,1,"24,05","24,05"
1,16,1,1,161,161,7370,7586,16,28755,2005-08-31,"-47,55593716","-21,58319294",4326,500,1,42,1,1,Falha,0,,0,0,,
1,16,1,1,161,161,7371,7587,16,28755,2005-08-31,"-47,55593716","-21,58319294",4326,500,1,43,1,0,Normal,"16,49",,0,1,"23,67","23,67"
1,16,1,1,161,161,7372,7588,16,28755,2005-08-31,"-47,55593716","-21,58319294",4326,500,1,44,1,0,Normal,"14,01",,0,1,"22,57","22,57"
1,16,1,1,161,161,7373,7589,16,28755,2005-08-31,"-47,55593716","-21,58319294",4326,500,1,45,1,0,Normal,"18,49",,0,1,"24,37","24,37"
1,16,1,1,161,161,7374,7590,16,28755,2005-08-31,"-47,55593716","-21,58319294",4326,500,1,46,1,1,Falha,0,,0,0,,
1,16,1,1,161,161,7375,7591,16,28755,2005-08-31,"-47,55593716","-21,58319294",4326,500,1,47,1,0,Normal,"20,28",,0,1,"24,89","24,89"
1,16,1,1,161,161,7376,7592,16,28755,2005-08-31,"-47,55593716","-21,58319294",4326,500,1,48,1,0,Normal,"13,62",,0,1,"22,37","22,37"
1,16,1,1,161,161,7377,7593,16,28755,2005-08-31,"-47,55593716","-21,58319294",4326,500,1,49,1,0,Normal,"18,78",,0,1,"24,46","24,46"
1,16,1,1,162,162,7378,7594,16,28756,2005-08-31,"-47,55596458","-21,5847544",4326,500,1,1,1,2,Dominante,"21,33","25,5",1,1,"26,88","25,5"
1,16,1,1,162,162,7379,7595,16,28756,2005-08-31,"-47,55596458","-21,5847544",4326,500,1,2,1,0,Normal,"20,75",,0,1,"26,63","26,63"
1,16,1,1,162,162,7380,7596,16,28756,2005-08-31,"-47,55596458","-21,5847544",4326,500,1,3,1,0,Normal,"14,64",,0,1,"23,12","23,12"
1,16,1,1,162,162,7381,7597,16,28756,2005-08-31,"-47,55596458","-21,5847544",4326,500,1,4,1,0,Normal,"19,42",,0,1,"26,02","26,02"
1,16,1,1,162,162,7382,7598,16,28756,2005-08-31,"-47,55596458","-21,5847544",4326,500,1,5,1,0,Normal,"20,47",,0,1,"26,51","26,51"
1,16,1,1,162,162,7383,7599,16,28756,2005-08-31,"-47,55596458","-21,5847544",4326,500,1,6,1,0,Normal,"18,53",,0,1,"25,58","25,58"
1,16,1,1,162,162,7384,7600,16,28756,2005-08-31,"-47,55596458","-21,5847544",4326,500,1,7,1,2,Dominante,"22,28","26,8",1,1,"27,26","26,8"
1,16,1,1,162,162,7385,7601,16,28756,2005-08-31,"-47,55596458","-21,5847544",4326,500,1,8,1,0,Normal,"19,54",,0,1,"26,08","26,08"
1,16,1,1,162,162,7386,7602,16,28756,2005-08-31,"-47,55596458","-21,5847544",4326,500,1,9,1,0,Normal,"16,65",,0,1,"24,5","24,5"
1,16,1,1,162,162,7387,7603,16,28756,2005-08-31,"-47,55596458","-21,5847544",4326,500,1,10,1,0,Normal,"16,81",,0,1,"24,6","24,6"
1,16,1,1,162,162,7388,7604,16,28756,2005-08-31,"-47,55596458","-21,5847544",4326,500,1,11,1,0,Normal,"13,69",,0,1,"22,37","22,37"
1,16,1,1,162,162,7389,7605,16,28756,2005-08-31,"-47,55596458","-21,5847544",4326,500,1,12,1,0,Normal,"3,82",,0,1,"5,94","5,94"
1,16,1,1,162,162,7390,7606,16,28756,2005-08-31,"-47,55596458","-21,5847544",4326,500,1,13,1,0,Normal,"19,42",,0,1,"26,02","26,02"
1,16,1,1,162,162,7391,7607,16,28756,2005-08-31,"-47,55596458","-21,5847544",4326,500,1,14,1,1,Falha,0,,0,0,,
1,16,1,1,162,162,7392,7608,16,28756,2005-08-31,"-47,55596458","-21,5847544",4326,500,1,15,1,0,Normal,"8,85",,0,1,"16,89","16,89"
1,16,1,1,162,162,7393,7609,16,28756,2005-08-31,"-47,55596458","-21,5847544",4326,500,1,16,1,0,Normal,"20,28",,0,1,"26,43","26,43"
1,16,1,1,162,162,7394,7610,16,28756,2005-08-31,"-47,55596458","-21,5847544",4326,500,1,17,1,0,Normal,"9,55",,0,1,"17,91","17,91"
1,16,1,1,162,162,7395,7611,16,28756,2005-08-31,"-47,55596458","-21,5847544",4326,500,1,18,1,0,Normal,"20,37",,0,1,"26,47","26,47"
1,16,1,1,162,162,7396,7612,16,28756,2005-08-31,"-47,55596458","-21,5847544",4326,500,1,19,1,4,Quebrada,"10,98","1,5",0,0,"19,71","1,5"
1,16,1,1,162,162,7397,7613,16,28756,2005-08-31,"-47,55596458","-21,5847544",4326,500,1,20,1,0,Normal,"14,9",,0,1,"23,32","23,32"
1,16,1,1,162,162,7398,7614,16,28756,2005-08-31,"-47,55596458","-21,5847544",4326,500,1,21,1,0,Normal,"18,62",,0,1,"25,62","25,62"
1,16,1,1,162,162,7399,7615,16,28756,2005-08-31,"-47,55596458","-21,5847544",4326,500,1,22,1,0,Normal,"18,46","26,2",1,1,"25,54","26,2"
1,16,1,1,162,162,7400,7616,16,28756,2005-08-31,"-47,55596458","-21,5847544",4326,500,1,23,1,0,Normal,"13,69","23,1",1,1,"22,37","23,1"
1,16,1,1,162,162,7401,7617,16,28756,2005-08-31,"-47,55596458","-21,5847544",4326,500,1,24,1,0,Normal,"21,26","25,1",1,1,"26,85","25,1"
1,16,1,1,162,162,7402,7618,16,28756,2005-08-31,"-47,55596458","-21,5847544",4326,500,1,25,1,0,Normal,"10,57",18,1,1,"19,22",18
1,16,1,1,162,162,7403,7619,16,28756,2005-08-31,"-47,55596458","-21,5847544",4326,500,1,26,1,0,Normal,"17,35","26,4",1,1,"24,92","26,4"
1,16,1,1,162,162,7404,7620,16,28756,2005-08-31,"-47,55596458","-21,5847544",4326,500,1,27,1,0,Normal,"18,84","24,6",1,1,"25,74","24,6"
1,16,1,1,162,162,7405,7621,16,28756,2005-08-31,"-47,55596458","-21,5847544",4326,500,1,28,1,0,Normal,"15,44","24,1",1,1,"23,71","24,1"
1,16,1,1,162,162,7406,7622,16,28756,2005-08-31,"-47,55596458","-21,5847544",4326,500,1,29,1,2,Dominante,"22,28","26,6",1,1,"27,26","26,6"
1,16,1,1,162,162,7407,7623,16,28756,2005-08-31,"-47,55596458","-21,5847544",4326,500,1,30,1,0,Normal,"19,1","26,6",1,1,"25,87","26,6"
1,16,1,1,162,162,7408,7624,16,28756,2005-08-31,"-47,55596458","-21,5847544",4326,500,1,31,1,0,Normal,"16,55","26,6",1,1,"24,44","26,6"
1,16,1,1,162,162,7409,7625,16,28756,2005-08-31,"-47,55596458","-21,5847544",4326,500,1,32,1,0,Normal,"15,02",,0,1,"23,41","23,41"
1,16,1,1,162,162,7410,7626,16,28756,2005-08-31,"-47,55596458","-21,5847544",4326,500,1,33,1,2,Dominante,"22,76","27,5",1,1,"27,44","27,5"
1,16,1,1,162,162,7411,7627,16,28756,2005-08-31,"-47,55596458","-21,5847544",4326,500,1,34,1,0,Normal,"17,19",,0,1,"24,83","24,83"
1,16,1,1,162,162,7412,7628,16,28756,2005-08-31,"-47,55596458","-21,5847544",4326,500,1,35,1,2,Dominante,"22,98","27,8",1,1,"27,52","27,8"
1,16,1,1,162,162,7413,7629,16,28756,2005-08-31,"-47,55596458","-21,5847544",4326,500,1,36,1,0,Normal,"21,01",,0,1,"26,75","26,75"
1,16,1,1,162,162,7414,7630,16,28756,2005-08-31,"-47,55596458","-21,5847544",4326,500,1,37,1,0,Normal,"16,55",,0,1,"24,44","24,44"
1,16,1,1,162,162,7415,7631,16,28756,2005-08-31,"-47,55596458","-21,5847544",4326,500,1,38,1,0,Normal,"15,22",,0,1,"23,55","23,55"
1,16,1,1,162,162,7416,7632,16,28756,2005-08-31,"-47,55596458","-21,5847544",4326,500,1,39,1,0,Normal,"17,38",,0,1,"24,94","24,94"
1,16,1,1,162,162,7417,7633,16,28756,2005-08-31,"-47,55596458","-21,5847544",4326,500,1,40,1,0,Normal,"20,79",,0,1,"26,65","26,65"
1,16,1,1,162,162,7418,7634,16,28756,2005-08-31,"-47,55596458","-21,5847544",4326,500,1,41,1,0,Normal,"15,06",,0,1,"23,44","23,44"
1,16,1,1,162,162,7419,7635,16,28756,2005-08-31,"-47,55596458","-21,5847544",4326,500,1,42,1,0,Normal,"18,08",,0,1,"25,34","25,34"
1,16,1,1,162,162,7420,7636,16,28756,2005-08-31,"-47,55596458","-21,5847544",4326,500,1,43,1,0,Normal,"15,6",,0,1,"23,82","23,82"
1,16,1,1,163,163,7421,7637,16,28757,2005-08-31,"-47,55429505","-21,58478001",4326,500,1,1,1,0,Normal,"17,35",,0,1,"23,27","23,27"
1,16,1,1,163,163,7422,7638,16,28757,2005-08-31,"-47,55429505","-21,58478001",4326,500,1,2,1,0,Normal,"19,1",,0,1,"24,16","24,16"
1,16,1,1,163,163,7423,7639,16,28757,2005-08-31,"-47,55429505","-21,58478001",4326,500,1,3,1,2,Dominante,"20,05","25,4",1,1,"24,59","25,4"
1,16,1,1,163,163,7424,7640,16,28757,2005-08-31,"-47,55429505","-21,58478001",4326,500,1,4,1,2,Dominante,"20,37","25,3",1,1,"24,73","25,3"
1,16,1,1,163,163,7425,7641,16,28757,2005-08-31,"-47,55429505","-21,58478001",4326,500,1,5,1,0,Normal,"18,14",,0,1,"23,69","23,69"
1,16,1,1,163,163,7426,7642,16,28757,2005-08-31,"-47,55429505","-21,58478001",4326,500,1,6,1,0,Normal,"19,42",,0,1,"24,31","24,31"
1,16,1,1,163,163,7427,7643,16,28757,2005-08-31,"-47,55429505","-21,58478001",4326,500,1,7,1,0,Normal,"9,9",,0,1,"17,08","17,08"
1,16,1,1,163,163,7428,7644,16,28757,2005-08-31,"-47,55429505","-21,58478001",4326,500,1,8,1,0,Normal,"3,66",,0,1,"5,01","5,01"
1,16,1,1,163,163,7429,7645,16,28757,2005-08-31,"-47,55429505","-21,58478001",4326,500,1,9,1,0,Normal,"11,46",,0,1,"18,84","18,84"
1,16,1,1,163,163,7430,7646,16,28757,2005-08-31,"-47,55429505","-21,58478001",4326,500,1,10,1,0,Normal,"15,76",,0,1,"22,33","22,33"
1,16,1,1,163,163,7431,7647,16,28757,2005-08-31,"-47,55429505","-21,58478001",4326,500,1,11,1,0,Normal,"14,64",,0,1,"21,57","21,57"
1,16,1,1,163,163,7432,7648,16,28757,2005-08-31,"-47,55429505","-21,58478001",4326,500,1,12,1,0,Normal,"12,41",,0,1,"19,76","19,76"
1,16,1,1,163,163,7433,7649,16,28757,2005-08-31,"-47,55429505","-21,58478001",4326,500,1,13,1,0,Normal,"3,34",,0,1,"4,15","4,15"
1,16,1,1,163,163,7434,7650,16,28757,2005-08-31,"-47,55429505","-21,58478001",4326,500,1,14,1,0,Normal,"17,19",,0,1,"23,18","23,18"
1,16,1,1,163,163,7435,7651,16,28757,2005-08-31,"-47,55429505","-21,58478001",4326,500,1,15,1,0,Normal,"16,49",,0,1,"22,78","22,78"
1,16,1,1,163,163,7436,7652,16,28757,2005-08-31,"-47,55429505","-21,58478001",4326,500,1,16,1,0,Normal,"18,46",,0,1,"23,85","23,85"
1,16,1,1,163,163,7437,7653,16,28757,2005-08-31,"-47,55429505","-21,58478001",4326,500,1,17,1,0,Normal,"14,77",,0,1,"21,66","21,66"
1,16,1,1,163,163,7438,7654,16,28757,2005-08-31,"-47,55429505","-21,58478001",4326,500,1,18,1,0,Normal,"10,03",,0,1,"17,24","17,24"
1,16,1,1,163,163,7439,7655,16,28757,2005-08-31,"-47,55429505","-21,58478001",4326,500,1,19,1,0,Normal,"7,8",,0,1,"14,07","14,07"
1,16,1,1,163,163,7440,7656,16,28757,2005-08-31,"-47,55429505","-21,58478001",4326,500,1,20,1,0,Normal,"9,14",,0,1,"16,09","16,09"
1,16,1,1,163,163,7441,7657,16,28757,2005-08-31,"-47,55429505","-21,58478001",4326,500,1,21,1,0,Normal,"14,64","21,6",1,1,"21,57","21,6"
1,16,1,1,163,163,7442,7658,16,28757,2005-08-31,"-47,55429505","-21,58478001",4326,500,1,22,1,0,Normal,"16,55","21,8",1,1,"22,81","21,8"
1,16,1,1,163,163,7443,7659,16,28757,2005-08-31,"-47,55429505","-21,58478001",4326,500,1,23,1,0,Normal,"14,96","21,4",1,1,"21,79","21,4"
1,16,1,1,163,163,7444,7660,16,28757,2005-08-31,"-47,55429505","-21,58478001",4326,500,1,24,1,0,Normal,"13,37","21,3",1,1,"20,59","21,3"
1,16,1,1,163,163,7445,7661,16,28757,2005-08-31,"-47,55429505","-21,58478001",4326,500,1,25,1,0,Normal,"18,62","23,7",1,1,"23,93","23,7"
1,16,1,1,163,163,7446,7662,16,28757,2005-08-31,"-47,55429505","-21,58478001",4326,500,1,26,1,0,Normal,"15,92","22,5",1,1,"22,43","22,5"
1,16,1,1,163,163,7447,7663,16,28757,2005-08-31,"-47,55429505","-21,58478001",4326,500,1,27,1,0,Normal,"10,25","17,3",1,1,"17,51","17,3"
1,16,1,1,163,163,7448,7664,16,28757,2005-08-31,"-47,55429505","-21,58478001",4326,500,1,28,1,2,Dominante,"19,74","23,9",1,1,"24,46","23,9"
1,16,1,1,163,163,7449,7665,16,28757,2005-08-31,"-47,55429505","-21,58478001",4326,500,1,29,1,2,Dominante,"20,05","24,4",1,1,"24,59","24,4"
1,16,1,1,163,163,7450,7666,16,28757,2005-08-31,"-47,55429505","-21,58478001",4326,500,1,30,1,0,Normal,"5,98","10,7",1,1,"10,66","10,7"
1,16,1,1,163,163,7451,7667,16,28757,2005-08-31,"-47,55429505","-21,58478001",4326,500,1,31,1,2,Dominante,"21,33","25,5",1,1,"25,12","25,5"
1,16,1,1,163,163,7452,7668,16,28757,2005-08-31,"-47,55429505","-21,58478001",4326,500,1,32,1,0,Normal,"10,22",,0,1,"17,47","17,47"
1,16,1,1,163,163,7453,7669,16,28757,2005-08-31,"-47,55429505","-21,58478001",4326,500,1,33,1,0,Normal,"13,37",,0,1,"20,59","20,59"
1,16,1,1,163,163,7454,7670,16,28757,2005-08-31,"-47,55429505","-21,58478001",4326,500,1,34,1,0,Normal,"16,23",,0,1,"22,62","22,62"
1,16,1,1,163,163,7455,7671,16,28757,2005-08-31,"-47,55429505","-21,58478001",4326,500,1,35,1,0,Normal,"17,76",,0,1,"23,49","23,49"
1,16,1,1,163,163,7456,7672,16,28757,2005-08-31,"-47,55429505","-21,58478001",4326,500,1,36,1,0,Normal,"16,87",,0,1,23,23
1,16,1,1,163,163,7457,7673,16,28757,2005-08-31,"-47,55429505","-21,58478001",4326,500,1,37,1,0,Normal,"18,24",,0,1,"23,74","23,74"
1,16,1,1,163,163,7458,7674,16,28757,2005-08-31,"-47,55429505","-21,58478001",4326,500,1,38,1,0,Normal,"19,03",,0,1,"24,13","24,13"
1,16,1,1,163,163,7459,7675,16,28757,2005-08-31,"-47,55429505","-21,58478001",4326,500,1,39,1,0,Normal,"15,34",,0,1,"22,05","22,05"
1,16,1,1,163,163,7460,7676,16,28757,2005-08-31,"-47,55429505","-21,58478001",4326,500,1,40,1,0,Normal,"17,76",,0,1,"23,49","23,49"
1,16,1,1,163,163,7461,7677,16,28757,2005-08-31,"-47,55429505","-21,58478001",4326,500,1,41,1,0,Normal,"18,94",,0,1,"24,09","24,09"
1,16,1,1,163,163,7462,7678,16,28757,2005-08-31,"-47,55429505","-21,58478001",4326,500,1,42,1,0,Normal,"12,54",,0,1,"19,88","19,88"
1,16,1,1,163,163,7463,7679,16,28757,2005-08-31,"-47,55429505","-21,58478001",4326,500,1,43,1,0,Normal,"16,55",,0,1,"22,81","22,81"
1,16,1,1,163,163,7464,7680,16,28757,2005-08-31,"-47,55429505","-21,58478001",4326,500,1,44,1,0,Normal,"15,66",,0,1,"22,26","22,26"
1,16,1,1,163,163,7465,7681,16,28757,2005-08-31,"-47,55429505","-21,58478001",4326,500,1,45,1,0,Normal,"13,37",,0,1,"20,59","20,59"
1,16,1,1,163,163,7466,7682,16,28757,2005-08-31,"-47,55429505","-21,58478001",4326,500,1,46,1,0,Normal,"14,32",,0,1,"21,33","21,33"
1,16,1,1,163,163,7467,7683,16,28757,2005-08-31,"-47,55429505","-21,58478001",4326,500,1,47,1,0,Normal,"14,39",,0,1,"21,38","21,38"
1,16,1,1,163,163,7468,7684,16,28757,2005-08-31,"-47,55429505","-21,58478001",4326,500,1,48,1,0,Normal,"17,67",,0,1,"23,44","23,44"
1,16,1,1,163,163,7469,7685,16,28757,2005-08-31,"-47,55429505","-21,58478001",4326,500,1,49,1,0,Normal,"13,08",,0,1,"20,35","20,35"
1,16,1,1,165,165,7521,7737,16,28759,2005-08-31,"-47,55259813","-21,58324413",4326,500,1,1,1,0,Normal,"10,19",,0,1,"19,4","19,4"
1,16,1,1,165,165,7522,7738,16,28759,2005-08-31,"-47,55259813","-21,58324413",4326,500,1,2,1,0,Normal,"10,35",,0,1,"19,54","19,54"
1,16,1,1,165,165,7523,7739,16,28759,2005-08-31,"-47,55259813","-21,58324413",4326,500,1,3,1,0,Normal,"15,28",,0,1,"22,46","22,46"
1,16,1,1,165,165,7524,7740,16,28759,2005-08-31,"-47,55259813","-21,58324413",4326,500,1,4,1,0,Normal,"13,69",,0,1,"21,71","21,71"
1,16,1,1,165,165,7525,7741,16,28759,2005-08-31,"-47,55259813","-21,58324413",4326,500,1,5,1,0,Normal,"6,56",,0,1,"15,22","15,22"
1,16,1,1,165,165,7526,7742,16,28759,2005-08-31,"-47,55259813","-21,58324413",4326,500,1,6,1,0,Normal,"15,53",,0,1,"22,57","22,57"
1,16,1,1,165,165,7527,7743,16,28759,2005-08-31,"-47,55259813","-21,58324413",4326,500,1,7,1,0,Normal,"6,37",,0,1,"14,91","14,91"
1,16,1,1,165,165,7528,7744,16,28759,2005-08-31,"-47,55259813","-21,58324413",4326,500,1,8,1,2,Dominante,"19,03","23,4",1,1,"23,8","23,4"
1,16,1,1,165,165,7529,7745,16,28759,2005-08-31,"-47,55259813","-21,58324413",4326,500,1,9,1,1,Falha,0,,0,0,,
1,16,1,1,165,165,7530,7746,16,28759,2005-08-31,"-47,55259813","-21,58324413",4326,500,1,10,1,1,Falha,0,,0,0,,
1,16,1,1,165,165,7531,7747,16,28759,2005-08-31,"-47,55259813","-21,58324413",4326,500,1,11,1,2,Dominante,"20,05","24,6",1,1,"24,08","24,6"
1,16,1,1,165,165,7532,7748,16,28759,2005-08-31,"-47,55259813","-21,58324413",4326,500,1,12,1,2,Dominante,"17,57","23,6",1,1,"23,34","23,6"
1,16,1,1,165,165,7533,7749,16,28759,2005-08-31,"-47,55259813","-21,58324413",4326,500,1,13,1,2,Dominante,"18,78","23,5",1,1,"23,72","23,5"
1,16,1,1,165,165,7534,7750,16,28759,2005-08-31,"-47,55259813","-21,58324413",4326,500,1,14,1,1,Falha,0,,0,0,,
1,16,1,1,165,165,7535,7751,16,28759,2005-08-31,"-47,55259813","-21,58324413",4326,500,1,15,1,0,Normal,"14,99",,0,1,"22,34","22,34"
1,16,1,1,165,165,7536,7752,16,28759,2005-08-31,"-47,55259813","-21,58324413",4326,500,1,16,1,0,Normal,"14,39",,0,1,"22,06","22,06"
1,16,1,1,165,165,7537,7753,16,28759,2005-08-31,"-47,55259813","-21,58324413",4326,500,1,17,1,0,Normal,"12,22",,0,1,"20,87","20,87"
1,16,1,1,165,165,7538,7754,16,28759,2005-08-31,"-47,55259813","-21,58324413",4326,500,1,18,1,0,Normal,"14,01",,0,1,"21,87","21,87"
1,16,1,1,165,165,7539,7755,16,28759,2005-08-31,"-47,55259813","-21,58324413",4326,500,1,19,1,0,Normal,"11,71",,0,1,"20,54","20,54"
1,16,1,1,165,165,7540,7756,16,28759,2005-08-31,"-47,55259813","-21,58324413",4326,500,1,20,1,0,Normal,"15,6",,0,1,"22,6","22,6"
1,16,1,1,165,165,7541,7757,16,28759,2005-08-31,"-47,55259813","-21,58324413",4326,500,1,21,1,0,Normal,"16,74",,0,1,"23,04","23,04"
1,16,1,1,165,165,7542,7758,16,28759,2005-08-31,"-47,55259813","-21,58324413",4326,500,1,22,1,0,Normal,"13,69",,0,1,"21,71","21,71"
1,16,1,1,165,165,7543,7759,16,28759,2005-08-31,"-47,55259813","-21,58324413",4326,500,1,23,1,0,Normal,"16,27","22,7",1,1,"22,87","22,7"
1,16,1,1,165,165,7544,7760,16,28759,2005-08-31,"-47,55259813","-21,58324413",4326,500,1,24,1,0,Normal,"16,23","22,6",1,1,"22,85","22,6"
1,16,1,1,165,165,7545,7761,16,28759,2005-08-31,"-47,55259813","-21,58324413",4326,500,1,25,1,0,Normal,"16,49","22,3",1,1,"22,95","22,3"
1,16,1,1,165,165,7546,7762,16,28759,2005-08-31,"-47,55259813","-21,58324413",4326,500,1,26,1,0,Normal,"16,55","22,7",1,1,"22,97","22,7"
1,16,1,1,165,165,7547,7763,16,28759,2005-08-31,"-47,55259813","-21,58324413",4326,500,1,27,1,0,Normal,"16,07","23,4",1,1,"22,79","23,4"
1,16,1,1,165,165,7548,7764,16,28759,2005-08-31,"-47,55259813","-21,58324413",4326,500,1,28,1,0,Normal,"15,92","23,4",1,1,"22,73","23,4"
1,16,1,1,165,165,7549,7765,16,28759,2005-08-31,"-47,55259813","-21,58324413",4326,500,1,29,1,0,Normal,"15,28","23,1",1,1,"22,46","23,1"
1,16,1,1,165,165,7550,7766,16,28759,2005-08-31,"-47,55259813","-21,58324413",4326,500,1,30,1,0,Normal,"15,85","22,3",1,1,"22,7","22,3"
1,16,1,1,165,165,7551,7767,16,28759,2005-08-31,"-47,55259813","-21,58324413",4326,500,1,31,1,0,Normal,"10,5","19,4",1,1,"19,66","19,4"
1,16,1,1,165,165,7552,7768,16,28759,2005-08-31,"-47,55259813","-21,58324413",4326,500,1,32,1,0,Normal,"14,01","22,3",1,1,"21,87","22,3"
1,16,1,1,165,165,7553,7769,16,28759,2005-08-31,"-47,55259813","-21,58324413",4326,500,1,33,1,0,Normal,"14,58",,0,1,"22,15","22,15"
1,16,1,1,165,165,7554,7770,16,28759,2005-08-31,"-47,55259813","-21,58324413",4326,500,1,34,1,0,Normal,"17,19",,0,1,"23,21","23,21"
1,16,1,1,165,165,7555,7771,16,28759,2005-08-31,"-47,55259813","-21,58324413",4326,500,1,35,1,0,Normal,"12,45",,0,1,"21,01","21,01"
1,16,1,1,165,165,7556,7772,16,28759,2005-08-31,"-47,55259813","-21,58324413",4326,500,1,36,1,0,Normal,"15,6",,0,1,"22,6","22,6"
1,16,1,1,165,165,7557,7773,16,28759,2005-08-31,"-47,55259813","-21,58324413",4326,500,1,37,1,0,Normal,"15,02",,0,1,"22,35","22,35"
1,16,1,1,165,165,7558,7774,16,28759,2005-08-31,"-47,55259813","-21,58324413",4326,500,1,38,1,0,Normal,"12,48",,0,1,"21,03","21,03"
1,16,1,1,165,165,7559,7775,16,28759,2005-08-31,"-47,55259813","-21,58324413",4326,500,1,39,1,0,Normal,"16,87",,0,1,"23,09","23,09"
1,16,1,1,165,165,7560,7776,16,28759,2005-08-31,"-47,55259813","-21,58324413",4326,500,1,40,1,0,Normal,"11,46",,0,1,"20,37","20,37"
1,16,1,1,165,165,7561,7777,16,28759,2005-08-31,"-47,55259813","-21,58324413",4326,500,1,41,1,0,Normal,"17,54",,0,1,"23,33","23,33"
1,16,1,1,165,165,7562,7778,16,28759,2005-08-31,"-47,55259813","-21,58324413",4326,500,1,42,1,0,Normal,"16,87",,0,1,"23,09","23,09"
1,16,1,1,165,165,7563,7779,16,28759,2005-08-31,"-47,55259813","-21,58324413",4326,500,1,43,1,0,Normal,"14,67",,0,1,"22,19","22,19"
1,16,1,1,165,165,7564,7780,16,28759,2005-08-31,"-47,55259813","-21,58324413",4326,500,1,44,1,0,Normal,"16,87",,0,1,"23,09","23,09"
1,16,1,1,165,165,7565,7781,16,28759,2005-08-31,"-47,55259813","-21,58324413",4326,500,1,45,1,0,Normal,"16,62",,0,1,23,23
1,16,1,1,165,165,7566,7782,16,28759,2005-08-31,"-47,55259813","-21,58324413",4326,500,1,46,1,1,Falha,0,,0,0,,
1,16,1,1,165,165,7567,7783,16,28759,2005-08-31,"-47,55259813","-21,58324413",4326,500,1,47,1,0,Normal,"12,03",,0,1,"20,75","20,75"
1,16,1,1,165,165,7568,7784,16,28759,2005-08-31,"-47,55259813","-21,58324413",4326,500,1,48,1,0,Normal,"12,99",,0,1,"21,33","21,33"
1,16,1,1,165,165,7569,7785,16,28759,2005-08-31,"-47,55259813","-21,58324413",4326,500,1,49,1,0,Normal,"14,23",,0,1,"21,98","21,98"
1,16,1,1,165,165,7570,7786,16,28759,2005-08-31,"-47,55259813","-21,58324413",4326,500,1,50,1,0,Normal,"11,94",,0,1,"20,69","20,69"
1,16,1,1,165,165,7571,7787,16,28759,2005-08-31,"-47,55259813","-21,58324413",4326,500,1,51,1,2,Dominante,"18,14",23,1,1,"23,52",23
1,16,1,1,166,166,7572,7788,16,28760,2005-08-31,"-47,55262551","-21,5848056",4326,500,1,1,1,0,Normal,"16,87",,0,1,"23,03","23,03"
1,16,1,1,166,166,7573,7789,16,28760,2005-08-31,"-47,55262551","-21,5848056",4326,500,1,2,1,0,Normal,"9,8",,0,1,"18,24","18,24"
1,16,1,1,166,166,7574,7790,16,28760,2005-08-31,"-47,55262551","-21,5848056",4326,500,1,3,1,0,Normal,"12,1",,0,1,"20,28","20,28"
1,16,1,1,166,166,7575,7791,16,28760,2005-08-31,"-47,55262551","-21,5848056",4326,500,1,4,1,0,Normal,"17,67",,0,1,"23,37","23,37"
1,16,1,1,166,166,7576,7792,16,28760,2005-08-31,"-47,55262551","-21,5848056",4326,500,1,5,1,0,Normal,"8,28",,0,1,"16,47","16,47"
1,16,1,1,166,166,7577,7793,16,28760,2005-08-31,"-47,55262551","-21,5848056",4326,500,1,6,1,0,Normal,"15,92",,0,1,"22,59","22,59"
1,16,1,1,166,166,7578,7794,16,28760,2005-08-31,"-47,55262551","-21,5848056",4326,500,1,7,1,0,Normal,"14,96",,0,1,"22,1","22,1"
1,16,1,1,166,166,7579,7795,16,28760,2005-08-31,"-47,55262551","-21,5848056",4326,500,1,8,1,0,Normal,"16,33",,0,1,"22,79","22,79"
1,16,1,1,166,166,7580,7796,16,28760,2005-08-31,"-47,55262551","-21,5848056",4326,500,1,9,1,0,Normal,"14,71",,0,1,"21,97","21,97"
1,16,1,1,166,166,7581,7797,16,28760,2005-08-31,"-47,55262551","-21,5848056",4326,500,1,10,1,0,Normal,"13,37",,0,1,"21,16","21,16"
1,16,1,1,166,166,7582,7798,16,28760,2005-08-31,"-47,55262551","-21,5848056",4326,500,1,11,1,0,Normal,"11,71",,0,1,"19,97","19,97"
1,16,1,1,166,166,7583,7799,16,28760,2005-08-31,"-47,55262551","-21,5848056",4326,500,1,12,1,0,Normal,"15,28",,0,1,"22,27","22,27"
1,16,1,1,166,166,7584,7800,16,28760,2005-08-31,"-47,55262551","-21,5848056",4326,500,1,13,1,0,Normal,"12,73",,0,1,"20,73","20,73"
1,16,1,1,166,166,7585,7801,16,28760,2005-08-31,"-47,55262551","-21,5848056",4326,500,1,14,1,0,Normal,"15,5",,0,1,"22,38","22,38"
1,16,1,1,166,166,7586,7802,16,28760,2005-08-31,"-47,55262551","-21,5848056",4326,500,1,15,1,0,Normal,"14,01",,0,1,"21,56","21,56"
1,16,1,1,166,166,7587,7803,16,28760,2005-08-31,"-47,55262551","-21,5848056",4326,500,1,16,1,0,Normal,"10,82",,0,1,"19,22","19,22"
1,16,1,1,166,166,7588,7804,16,28760,2005-08-31,"-47,55262551","-21,5848056",4326,500,1,17,1,0,Normal,"12,35",,0,1,"20,46","20,46"
1,16,1,1,166,166,7589,7805,16,28760,2005-08-31,"-47,55262551","-21,5848056",4326,500,1,18,1,0,Normal,"14,64",,0,1,"21,93","21,93"
1,16,1,1,166,166,7590,7806,16,28760,2005-08-31,"-47,55262551","-21,5848056",4326,500,1,19,1,0,Normal,"12,38",,0,1,"20,48","20,48"
1,16,1,1,166,166,7591,7807,16,28760,2005-08-31,"-47,55262551","-21,5848056",4326,500,1,20,1,0,Normal,"13,46",,0,1,"21,22","21,22"
1,16,1,1,166,166,7592,7808,16,28760,2005-08-31,"-47,55262551","-21,5848056",4326,500,1,21,1,0,Normal,"10,7",,0,1,"19,12","19,12"
1,16,1,1,166,166,7593,7809,16,28760,2005-08-31,"-47,55262551","-21,5848056",4326,500,1,22,1,0,Normal,"15,02",,0,1,"22,13","22,13"
1,16,1,1,166,166,7594,7810,16,28760,2005-08-31,"-47,55262551","-21,5848056",4326,500,1,23,1,0,Normal,"12,67","21,2",1,1,"20,69","21,2"
1,16,1,1,166,166,7595,7811,16,28760,2005-08-31,"-47,55262551","-21,5848056",4326,500,1,24,1,0,Normal,"15,28","21,6",1,1,"22,27","21,6"
1,16,1,1,166,166,7596,7812,16,28760,2005-08-31,"-47,55262551","-21,5848056",4326,500,1,25,1,0,Normal,"15,34",22,1,1,"22,3",22
1,16,1,1,166,166,7597,7813,16,28760,2005-08-31,"-47,55262551","-21,5848056",4326,500,1,26,1,0,Normal,"12,1","20,2",1,1,"20,28","20,2"
1,16,1,1,166,166,7598,7814,16,28760,2005-08-31,"-47,55262551","-21,5848056",4326,500,1,27,1,0,Normal,"15,25","21,7",1,1,"22,26","21,7"
1,16,1,1,166,166,7599,7815,16,28760,2005-08-31,"-47,55262551","-21,5848056",4326,500,1,28,1,0,Normal,"17,51","23,2",1,1,"23,31","23,2"
1,16,1,1,166,166,7600,7816,16,28760,2005-08-31,"-47,55262551","-21,5848056",4326,500,1,29,1,0,Normal,"17,76","23,7",1,1,"23,41","23,7"
1,16,1,1,166,166,7601,7817,16,28760,2005-08-31,"-47,55262551","-21,5848056",4326,500,1,30,1,0,Normal,"12,73","20,3",1,1,"20,73","20,3"
1,16,1,1,166,166,7602,7818,16,28760,2005-08-31,"-47,55262551","-21,5848056",4326,500,1,31,1,0,Normal,"10,82","19,6",1,1,"19,22","19,6"
1,16,1,1,166,166,7603,7819,16,28760,2005-08-31,"-47,55262551","-21,5848056",4326,500,1,32,1,2,Dominante,"18,46","24,2",1,1,"23,68","24,2"
1,16,1,1,166,166,7604,7820,16,28760,2005-08-31,"-47,55262551","-21,5848056",4326,500,1,33,1,2,Dominante,"18,3",24,1,1,"23,62",24
1,16,1,1,166,166,7605,7821,16,28760,2005-08-31,"-47,55262551","-21,5848056",4326,500,1,34,1,0,Normal,"15,09",,0,1,"22,17","22,17"
1,16,1,1,166,166,7606,7822,16,28760,2005-08-31,"-47,55262551","-21,5848056",4326,500,1,35,1,0,Normal,"14,36",,0,1,"21,77","21,77"
1,16,1,1,166,166,7607,7823,16,28760,2005-08-31,"-47,55262551","-21,5848056",4326,500,1,36,1,0,Normal,"14,01",,0,1,"21,56","21,56"
1,16,1,1,166,166,7608,7824,16,28760,2005-08-31,"-47,55262551","-21,5848056",4326,500,1,37,1,0,Normal,"16,81",,0,1,"23,01","23,01"
1,16,1,1,166,166,7609,7825,16,28760,2005-08-31,"-47,55262551","-21,5848056",4326,500,1,38,1,0,Normal,"12,7",,0,1,"20,71","20,71"
1,16,1,1,166,166,7610,7826,16,28760,2005-08-31,"-47,55262551","-21,5848056",4326,500,1,39,1,0,Normal,"14,96",,0,1,"22,1","22,1"
1,16,1,1,166,166,7611,7827,16,28760,2005-08-31,"-47,55262551","-21,5848056",4326,500,1,40,1,1,Falha,0,,0,0,,
1,16,1,1,166,166,7612,7828,16,28760,2005-08-31,"-47,55262551","-21,5848056",4326,500,1,41,1,0,Normal,"17,83",,0,1,"23,44","23,44"
1,16,1,1,166,166,7613,7829,16,28760,2005-08-31,"-47,55262551","-21,5848056",4326,500,1,42,1,2,Dominante,"18,94","24,4",1,1,"23,86","24,4"
1,16,1,1,166,166,7614,7830,16,28760,2005-08-31,"-47,55262551","-21,5848056",4326,500,1,43,1,0,Normal,"15,6",,0,1,"22,44","22,44"
1,16,1,1,166,166,7615,7831,16,28760,2005-08-31,"-47,55262551","-21,5848056",4326,500,1,44,1,2,Dominante,"19,74","23,6",1,1,"24,14","23,6"
1,16,1,1,166,166,7616,7832,16,28760,2005-08-31,"-47,55262551","-21,5848056",4326,500,1,45,1,0,Normal,"5,25",,0,1,"11,26","11,26"
1,16,1,1,166,166,7617,7833,16,28760,2005-08-31,"-47,55262551","-21,5848056",4326,500,1,46,1,0,Normal,"16,49",,0,1,"22,86","22,86"
1,16,1,1,166,166,7618,7834,16,28760,2005-08-31,"-47,55262551","-21,5848056",4326,500,1,47,1,2,Dominante,"22,28",25,1,1,"24,92",25
1,16,1,1,166,166,7619,7835,16,28760,2005-08-31,"-47,55262551","-21,5848056",4326,500,1,48,1,0,Normal,"15,28",,0,1,"22,27","22,27"
1,16,1,1,166,166,7620,7836,16,28760,2005-08-31,"-47,55262551","-21,5848056",4326,500,1,49,1,0,Normal,"15,63",,0,1,"22,45","22,45"
1,16,1,1,166,166,7621,7837,16,28760,2005-08-31,"-47,55262551","-21,5848056",4326,500,1,50,1,0,Normal,"9,71",,0,1,"18,15","18,15"
1,16,1,1,169,169,7712,7933,16,28763,2005-08-31,"-47,55257076","-21,58168267",4326,500,1,1,1,0,Normal,"18,81",,0,1,"22,93","22,93"
1,16,1,1,169,169,7713,7934,16,28763,2005-08-31,"-47,55257076","-21,58168267",4326,500,1,2,1,0,Normal,"10,35",,0,1,"17,36","17,36"
1,16,1,1,169,169,7714,7935,16,28763,2005-08-31,"-47,55257076","-21,58168267",4326,500,1,3,1,2,Dominante,"20,24","25,2",1,1,"23,49","25,2"
1,16,1,1,169,169,7715,7936,16,28763,2005-08-31,"-47,55257076","-21,58168267",4326,500,1,4,1,0,Normal,"10,82",,0,1,"17,83","17,83"
1,16,1,1,169,169,7716,7937,16,28763,2005-08-31,"-47,55257076","-21,58168267",4326,500,1,5,1,1,Falha,0,,0,0,,
1,16,1,1,169,169,7717,7938,16,28763,2005-08-31,"-47,55257076","-21,58168267",4326,500,1,6,1,0,Normal,"16,3",,0,1,"21,76","21,76"
1,16,1,1,169,169,7718,7939,16,28763,2005-08-31,"-47,55257076","-21,58168267",4326,500,1,7,1,0,Normal,"12,45",,0,1,"19,27","19,27"
1,16,1,1,169,169,7719,7940,16,28763,2005-08-31,"-47,55257076","-21,58168267",4326,500,1,8,1,0,Normal,"12,35",,0,1,"19,19","19,19"
1,16,1,1,169,169,7720,7941,16,28763,2005-08-31,"-47,55257076","-21,58168267",4326,500,1,9,1,0,Normal,"15,06",,0,1,"21,06","21,06"
1,16,1,1,169,169,7721,7942,16,28763,2005-08-31,"-47,55257076","-21,58168267",4326,500,1,10,1,0,Normal,"18,11",,0,1,"22,63","22,63"
1,16,1,1,169,169,7722,7943,16,28763,2005-08-31,"-47,55257076","-21,58168267",4326,500,1,11,1,0,Normal,"14,13",,0,1,"20,48","20,48"
1,16,1,1,169,169,7723,7944,16,28763,2005-08-31,"-47,55257076","-21,58168267",4326,500,1,12,1,0,Normal,"17,57",,0,1,"22,39","22,39"
1,16,1,1,169,169,7724,7945,16,28763,2005-08-31,"-47,55257076","-21,58168267",4326,500,1,13,1,0,Normal,"12,57",,0,1,"19,36","19,36"
1,16,1,1,169,169,7725,7946,16,28763,2005-08-31,"-47,55257076","-21,58168267",4326,500,1,14,1,0,Normal,"14,07",,0,1,"20,44","20,44"
1,16,1,1,169,169,7726,7947,16,28763,2005-08-31,"-47,55257076","-21,58168267",4326,500,1,15,1,2,Dominante,"19,58",24,1,1,"23,24",24
1,16,1,1,169,169,7727,7948,16,28763,2005-08-31,"-47,55257076","-21,58168267",4326,500,1,16,1,0,Normal,"16,49",,0,1,"21,86","21,86"
1,16,1,1,169,169,7728,7949,16,28763,2005-08-31,"-47,55257076","-21,58168267",4326,500,1,17,1,0,Normal,"12,92",,0,1,"19,63","19,63"
1,16,1,1,169,169,7729,7950,16,28763,2005-08-31,"-47,55257076","-21,58168267",4326,500,1,18,1,0,Normal,"17,16",,0,1,"22,19","22,19"
1,16,1,1,169,169,7730,7951,16,28763,2005-08-31,"-47,55257076","-21,58168267",4326,500,1,19,1,0,Normal,"10,82",,0,1,"17,83","17,83"
1,16,1,1,169,169,7731,7952,16,28763,2005-08-31,"-47,55257076","-21,58168267",4326,500,1,20,1,0,Normal,"17,32",,0,1,"22,27","22,27"
1,16,1,1,169,169,7732,7953,16,28763,2005-08-31,"-47,55257076","-21,58168267",4326,500,1,21,1,0,Normal,"14,74",,0,1,"20,87","20,87"
1,16,1,1,169,169,7733,7954,16,28763,2005-08-31,"-47,55257076","-21,58168267",4326,500,1,22,1,0,Normal,"19,48",,0,1,"23,2","23,2"
1,16,1,1,169,169,7734,7955,16,28763,2005-08-31,"-47,55257076","-21,58168267",4326,500,1,23,1,0,Normal,"16,97",,0,1,"22,1","22,1"
1,16,1,1,169,169,7735,7956,16,28763,2005-08-31,"-47,55257076","-21,58168267",4326,500,1,24,1,0,Normal,"15,06","21,5",1,1,"21,06","21,5"
1,16,1,1,169,169,7736,7957,16,28763,2005-08-31,"-47,55257076","-21,58168267",4326,500,1,25,1,0,Normal,"12,64","19,5",1,1,"19,42","19,5"
1,16,1,1,169,169,7737,7958,16,28763,2005-08-31,"-47,55257076","-21,58168267",4326,500,1,26,1,2,Dominante,"20,24","24,1",1,1,"23,49","24,1"
1,16,1,1,169,169,7738,7959,16,28763,2005-08-31,"-47,55257076","-21,58168267",4326,500,1,27,1,0,Normal,12,"19,7",1,1,"18,9","19,7"
1,16,1,1,169,169,7739,7960,16,28763,2005-08-31,"-47,55257076","-21,58168267",4326,500,1,28,1,0,Normal,"15,31","20,9",1,1,"21,21","20,9"
1,16,1,1,169,169,7740,7961,16,28763,2005-08-31,"-47,55257076","-21,58168267",4326,500,1,29,1,0,Normal,"13,5","20,2",1,1,"20,05","20,2"
1,16,1,1,169,169,7741,7962,16,28763,2005-08-31,"-47,55257076","-21,58168267",4326,500,1,30,1,1,Falha,0,,0,0,,
1,16,1,1,169,169,7742,7963,16,28763,2005-08-31,"-47,55257076","-21,58168267",4326,500,1,31,1,2,Dominante,"20,15","22,5",1,1,"23,46","22,5"
1,16,1,1,169,169,7743,7964,16,28763,2005-08-31,"-47,55257076","-21,58168267",4326,500,1,32,1,0,Normal,"9,33","15,9",1,1,"16,22","15,9"
1,16,1,1,169,169,7744,7965,16,28763,2005-08-31,"-47,55257076","-21,58168267",4326,500,1,33,1,0,Normal,"16,01","20,2",1,1,"21,6","20,2"
1,16,1,1,169,169,7745,7966,16,28763,2005-08-31,"-47,55257076","-21,58168267",4326,500,1,34,1,0,Normal,"13,75",,0,1,"20,23","20,23"
1,16,1,1,169,169,7746,7967,16,28763,2005-08-31,"-47,55257076","-21,58168267",4326,500,1,35,1,0,Normal,"18,02",,0,1,"22,59","22,59"
1,16,1,1,169,169,7747,7968,16,28763,2005-08-31,"-47,55257076","-21,58168267",4326,500,1,36,1,0,Normal,"16,46",,0,1,"21,84","21,84"
1,16,1,1,169,169,7748,7969,16,28763,2005-08-31,"-47,55257076","-21,58168267",4326,500,1,37,1,0,Normal,"15,15",,0,1,"21,12","21,12"
1,16,1,1,169,169,7749,7970,16,28763,2005-08-31,"-47,55257076","-21,58168267",4326,500,1,38,1,0,Normal,"17,6",,0,1,"22,4","22,4"
1,16,1,1,169,169,7750,7971,16,28763,2005-08-31,"-47,55257076","-21,58168267",4326,500,1,39,1,0,Normal,"18,97",,0,1,23,23
1,16,1,1,169,169,7751,7972,16,28763,2005-08-31,"-47,55257076","-21,58168267",4326,500,1,40,1,0,Normal,"14,93",,0,1,"20,99","20,99"
1,16,1,1,169,169,7752,7973,16,28763,2005-08-31,"-47,55257076","-21,58168267",4326,500,1,41,1,2,Dominante,"19,99","21,8",1,1,"23,4","21,8"
1,16,1,1,169,169,7753,7974,16,28763,2005-08-31,"-47,55257076","-21,58168267",4326,500,1,42,1,1,Falha,0,,0,0,,
1,16,1,1,169,169,7754,7975,16,28763,2005-08-31,"-47,55257076","-21,58168267",4326,500,1,43,1,0,Normal,"15,18",,0,1,"21,14","21,14"
1,16,1,1,169,169,7755,7976,16,28763,2005-08-31,"-47,55257076","-21,58168267",4326,500,1,44,1,0,Normal,"18,3",,0,1,"22,71","22,71"
1,16,1,1,169,169,7756,7977,16,28763,2005-08-31,"-47,55257076","-21,58168267",4326,500,1,45,1,0,Normal,"18,46",,0,1,"22,78","22,78"
1,16,1,1,170,170,7757,7978,16,28764,2005-08-31,"-47,55092861","-21,58326971",4326,500,1,1,1,0,Normal,"18,62",,0,1,"23,53","23,53"
1,16,1,1,170,170,7758,7979,16,28764,2005-08-31,"-47,55092861","-21,58326971",4326,500,1,2,1,0,Normal,"13,05",,0,1,"21,66","21,66"
1,16,1,1,170,170,7759,7980,16,28764,2005-08-31,"-47,55092861","-21,58326971",4326,500,1,3,1,0,Normal,"17,28",,0,1,"23,18","23,18"
1,16,1,1,170,170,7760,7981,16,28764,2005-08-31,"-47,55092861","-21,58326971",4326,500,1,4,1,0,Normal,"14,48",,0,1,"22,26","22,26"
1,16,1,1,170,170,7761,7982,16,28764,2005-08-31,"-47,55092861","-21,58326971",4326,500,1,5,1,0,Normal,"18,08",,0,1,"23,39","23,39"
1,16,1,1,170,170,7762,7983,16,28764,2005-08-31,"-47,55092861","-21,58326971",4326,500,1,6,1,0,Normal,"8,12",,0,1,"18,31","18,31"
1,16,1,1,170,170,7763,7984,16,28764,2005-08-31,"-47,55092861","-21,58326971",4326,500,1,7,1,0,Normal,"15,63",,0,1,"22,67","22,67"
1,16,1,1,170,170,7764,7985,16,28764,2005-08-31,"-47,55092861","-21,58326971",4326,500,1,8,1,0,Normal,"15,02",,0,1,"22,46","22,46"
1,16,1,1,170,170,7765,7986,16,28764,2005-08-31,"-47,55092861","-21,58326971",4326,500,1,9,1,0,Normal,"11,55",,0,1,"20,9","20,9"
1,16,1,1,170,170,7766,7987,16,28764,2005-08-31,"-47,55092861","-21,58326971",4326,500,1,10,1,0,Normal,"10,35",,0,1,"20,15","20,15"
1,16,1,1,170,170,7767,7988,16,28764,2005-08-31,"-47,55092861","-21,58326971",4326,500,1,11,1,0,Normal,"13,75",,0,1,"21,97","21,97"
1,16,1,1,170,170,7768,7989,16,28764,2005-08-31,"-47,55092861","-21,58326971",4326,500,1,12,1,1,Falha,0,,0,0,,
1,16,1,1,170,170,7769,7990,16,28764,2005-08-31,"-47,55092861","-21,58326971",4326,500,1,13,1,0,Normal,"16,27",,0,1,"22,88","22,88"
1,16,1,1,170,170,7770,7991,16,28764,2005-08-31,"-47,55092861","-21,58326971",4326,500,1,14,1,0,Normal,"17,95",,0,1,"23,36","23,36"
1,16,1,1,170,170,7771,7992,16,28764,2005-08-31,"-47,55092861","-21,58326971",4326,500,1,15,1,0,Normal,"18,3",,0,1,"23,45","23,45"
1,16,1,1,170,170,7772,7993,16,28764,2005-08-31,"-47,55092861","-21,58326971",4326,500,1,16,1,0,Normal,"16,49",,0,1,"22,95","22,95"
1,16,1,1,170,170,7773,7994,16,28764,2005-08-31,"-47,55092861","-21,58326971",4326,500,1,17,1,0,Normal,"17,19",,0,1,"23,15","23,15"
1,16,1,1,170,170,7774,7995,16,28764,2005-08-31,"-47,55092861","-21,58326971",4326,500,1,18,1,0,Normal,"13,53",,0,1,"21,87","21,87"
1,16,1,1,170,170,7775,7996,16,28764,2005-08-31,"-47,55092861","-21,58326971",4326,500,1,19,1,3,Bifurcada Abaixo,"12,73",,0,1,"21,51","21,51"
1,16,1,1,170,170,7775,7997,16,28764,2005-08-31,"-47,55092861","-21,58326971",4326,500,1,19,2,3,Bifurcada Abaixo,"15,31",,0,1,"22,56","22,56"
1,16,1,1,170,170,7776,7998,16,28764,2005-08-31,"-47,55092861","-21,58326971",4326,500,1,20,1,2,Dominante,"18,94","24,3",1,1,"23,61","24,3"
1,16,1,1,170,170,7777,7999,16,28764,2005-08-31,"-47,55092861","-21,58326971",4326,500,1,21,1,0,Normal,"16,55","23,2",1,1,"22,97","23,2"
1,16,1,1,170,170,7778,8000,16,28764,2005-08-31,"-47,55092861","-21,58326971",4326,500,1,22,1,0,Normal,"17,76","23,3",1,1,"23,31","23,3"
1,16,1,1,170,170,7779,8001,16,28764,2005-08-31,"-47,55092861","-21,58326971",4326,500,1,23,1,0,Normal,"12,13","21,7",1,1,"21,21","21,7"
1,16,1,1,170,170,7780,8002,16,28764,2005-08-31,"-47,55092861","-21,58326971",4326,500,1,24,1,2,Dominante,"18,94","23,1",1,1,"23,61","23,1"
1,16,1,1,170,170,7781,8003,16,28764,2005-08-31,"-47,55092861","-21,58326971",4326,500,1,25,1,0,Normal,"14,64","23,1",1,1,"22,32","23,1"
1,16,1,1,170,170,7782,8004,16,28764,2005-08-31,"-47,55092861","-21,58326971",4326,500,1,26,1,0,Normal,"15,66","22,2",1,1,"22,68","22,2"
1,16,1,1,170,170,7783,8005,16,28764,2005-08-31,"-47,55092861","-21,58326971",4326,500,1,27,1,0,Normal,"13,15","21,2",1,1,"21,71","21,2"
1,16,1,1,170,170,7784,8006,16,28764,2005-08-31,"-47,55092861","-21,58326971",4326,500,1,28,1,0,Normal,"13,69","21,3",1,1,"21,94","21,3"
1,16,1,1,170,170,7785,8007,16,28764,2005-08-31,"-47,55092861","-21,58326971",4326,500,1,29,1,3,Bifurcada Abaixo,"15,6","23,5",1,1,"22,66","23,5"
1,16,1,1,170,170,7785,8008,16,28764,2005-08-31,"-47,55092861","-21,58326971",4326,500,1,29,2,3,Bifurcada Abaixo,"12,13",21,1,1,"21,21",21
1,16,1,1,170,170,7786,8009,16,28764,2005-08-31,"-47,55092861","-21,58326971",4326,500,1,30,1,0,Normal,"14,01","21,9",1,1,"22,08","21,9"
1,16,1,1,170,170,7787,8010,16,28764,2005-08-31,"-47,55092861","-21,58326971",4326,500,1,31,1,0,Normal,"17,89","23,6",1,1,"23,35","23,6"
1,16,1,1,170,170,7788,8011,16,28764,2005-08-31,"-47,55092861","-21,58326971",4326,500,1,32,1,0,Normal,"16,58",,0,1,"22,98","22,98"
1,16,1,1,170,170,7789,8012,16,28764,2005-08-31,"-47,55092861","-21,58326971",4326,500,1,33,1,1,Falha,0,,0,0,,
1,16,1,1,170,170,7790,8013,16,28764,2005-08-31,"-47,55092861","-21,58326971",4326,500,1,34,1,0,Normal,"11,78",,0,1,"21,02","21,02"
1,16,1,1,170,170,7791,8014,16,28764,2005-08-31,"-47,55092861","-21,58326971",4326,500,1,35,1,2,Dominante,"19,1","23,6",1,1,"23,65","23,6"
1,16,1,1,170,170,7792,8015,16,28764,2005-08-31,"-47,55092861","-21,58326971",4326,500,1,36,1,0,Normal,"12,48",,0,1,"21,39","21,39"
1,16,1,1,170,170,7793,8016,16,28764,2005-08-31,"-47,55092861","-21,58326971",4326,500,1,37,1,0,Normal,"15,72",,0,1,"22,7","22,7"
1,16,1,1,170,170,7794,8017,16,28764,2005-08-31,"-47,55092861","-21,58326971",4326,500,1,38,1,2,Dominante,"19,48","23,2",1,1,"23,73","23,2"
1,16,1,1,170,170,7795,8018,16,28764,2005-08-31,"-47,55092861","-21,58326971",4326,500,1,39,1,0,Normal,"16,23",,0,1,"22,87","22,87"
1,16,1,1,170,170,7796,8019,16,28764,2005-08-31,"-47,55092861","-21,58326971",4326,500,1,40,1,0,Normal,"15,92",,0,1,"22,77","22,77"
1,16,1,1,170,170,7797,8020,16,28764,2005-08-31,"-47,55092861","-21,58326971",4326,500,1,41,1,0,Normal,"17,76",,0,1,"23,31","23,31"
1,16,1,1,170,170,7798,8021,16,28764,2005-08-31,"-47,55092861","-21,58326971",4326,500,1,42,1,0,Normal,"14,64",,0,1,"22,32","22,32"
1,16,1,1,170,170,7799,8022,16,28764,2005-08-31,"-47,55092861","-21,58326971",4326,500,1,43,1,1,Falha,0,,0,0,,
1,16,1,1,170,170,7800,8023,16,28764,2005-08-31,"-47,55092861","-21,58326971",4326,500,1,44,1,2,Dominante,"20,63","23,8",1,1,"23,98","23,8"
1,16,1,1,170,170,7801,8024,16,28764,2005-08-31,"-47,55092861","-21,58326971",4326,500,1,45,1,1,Falha,0,,0,0,,
1,16,1,1,170,170,7802,8025,16,28764,2005-08-31,"-47,55092861","-21,58326971",4326,500,1,46,1,0,Normal,"18,14",,0,1,"23,41","23,41"
1,16,1,1,170,170,7803,8026,16,28764,2005-08-31,"-47,55092861","-21,58326971",4326,500,1,47,1,0,Normal,"16,87",,0,1,"23,06","23,06"
1,17,1,5,171,171,7804,8027,17,28765,2005-08-31,"-47,55434985","-21,58790294",4326,500,1,1,1,0,Normal,"11,46",,0,1,"15,5","15,5"
1,17,1,5,171,171,7805,8028,17,28765,2005-08-31,"-47,55434985","-21,58790294",4326,500,1,2,1,0,Normal,"10,76",,0,1,"14,99","14,99"
1,17,1,5,171,171,7806,8029,17,28765,2005-08-31,"-47,55434985","-21,58790294",4326,500,1,3,1,0,Normal,"11,46",,0,1,"15,5","15,5"
1,17,1,5,171,171,7807,8030,17,28765,2005-08-31,"-47,55434985","-21,58790294",4326,500,1,4,1,0,Normal,"7,48",,0,1,"11,76","11,76"
1,17,1,5,171,171,7808,8031,17,28765,2005-08-31,"-47,55434985","-21,58790294",4326,500,1,5,1,0,Normal,"9,55",,0,1,"13,97","13,97"
1,17,1,5,171,171,7809,8032,17,28765,2005-08-31,"-47,55434985","-21,58790294",4326,500,1,6,1,2,Dominante,"15,44","18,1",1,1,"17,73","18,1"
1,17,1,5,171,171,7810,8033,17,28765,2005-08-31,"-47,55434985","-21,58790294",4326,500,1,7,1,0,Normal,"12,35",,0,1,"16,1","16,1"
1,17,1,5,171,171,7811,8034,17,28765,2005-08-31,"-47,55434985","-21,58790294",4326,500,1,8,1,3,Bifurcada Abaixo,"12,7",,0,1,"16,31","16,31"
1,17,1,5,171,171,7811,8035,17,28765,2005-08-31,"-47,55434985","-21,58790294",4326,500,1,8,2,3,Bifurcada Abaixo,"10,6",,0,1,"14,86","14,86"
1,17,1,5,171,171,7812,8036,17,28765,2005-08-31,"-47,55434985","-21,58790294",4326,500,1,9,1,0,Normal,"11,3",,0,1,"15,39","15,39"
1,17,1,5,171,171,7813,8037,17,28765,2005-08-31,"-47,55434985","-21,58790294",4326,500,1,10,1,2,Dominante,"15,09","17,8",1,1,"17,57","17,8"
1,17,1,5,171,171,7814,8038,17,28765,2005-08-31,"-47,55434985","-21,58790294",4326,500,1,11,1,2,Dominante,"15,41","17,2",1,1,"17,72","17,2"
1,17,1,5,171,171,7815,8039,17,28765,2005-08-31,"-47,55434985","-21,58790294",4326,500,1,12,1,0,Normal,"12,19",,0,1,"15,99","15,99"
1,17,1,5,171,171,7816,8040,17,28765,2005-08-31,"-47,55434985","-21,58790294",4326,500,1,13,1,0,Normal,"9,71",,0,1,"14,12","14,12"
1,17,1,5,171,171,7817,8041,17,28765,2005-08-31,"-47,55434985","-21,58790294",4326,500,1,14,1,0,Normal,"12,61",,0,1,"16,26","16,26"
1,17,1,5,171,171,7818,8042,17,28765,2005-08-31,"-47,55434985","-21,58790294",4326,500,1,15,1,0,Normal,"12,22",,0,1,"16,01","16,01"
1,17,1,5,171,171,7819,8043,17,28765,2005-08-31,"-47,55434985","-21,58790294",4326,500,1,16,1,3,Bifurcada Abaixo,"10,47",,0,1,"14,76","14,76"
1,17,1,5,171,171,7819,8044,17,28765,2005-08-31,"-47,55434985","-21,58790294",4326,500,1,16,2,3,Bifurcada Abaixo,"8,47",,0,1,"12,9","12,9"
1,17,1,5,171,171,7820,8045,17,28765,2005-08-31,"-47,55434985","-21,58790294",4326,500,1,17,1,0,Normal,"14,39",,0,1,"17,24","17,24"
1,17,1,5,171,171,7821,8046,17,28765,2005-08-31,"-47,55434985","-21,58790294",4326,500,1,18,1,0,Normal,"11,3",,0,1,"15,39","15,39"
1,17,1,5,171,171,7822,8047,17,28765,2005-08-31,"-47,55434985","-21,58790294",4326,500,1,19,1,0,Normal,"8,12",,0,1,"12,52","12,52"
1,17,1,5,171,171,7823,8048,17,28765,2005-08-31,"-47,55434985","-21,58790294",4326,500,1,20,1,0,Normal,"11,52",,0,1,"15,55","15,55"
1,17,1,5,171,171,7824,8049,17,28765,2005-08-31,"-47,55434985","-21,58790294",4326,500,1,21,1,0,Normal,"14,58","17,1",1,1,"17,33","17,1"
1,17,1,5,171,171,7825,8050,17,28765,2005-08-31,"-47,55434985","-21,58790294",4326,500,1,22,1,0,Normal,"11,94","15,6",1,1,"15,83","15,6"
1,17,1,5,171,171,7826,8051,17,28765,2005-08-31,"-47,55434985","-21,58790294",4326,500,1,23,1,0,Normal,"14,96",17,1,1,"17,51",17
1,17,1,5,171,171,7827,8052,17,28765,2005-08-31,"-47,55434985","-21,58790294",4326,500,1,24,1,0,Normal,"13,21","14,7",1,1,"16,61","14,7"
1,17,1,5,171,171,7828,8053,17,28765,2005-08-31,"-47,55434985","-21,58790294",4326,500,1,25,1,0,Normal,"11,24","17,1",1,1,"15,35","17,1"
1,17,1,5,171,171,7829,8054,17,28765,2005-08-31,"-47,55434985","-21,58790294",4326,500,1,26,1,0,Normal,"14,42","16,9",1,1,"17,25","16,9"
1,17,1,5,171,171,7830,8055,17,28765,2005-08-31,"-47,55434985","-21,58790294",4326,500,1,27,1,3,Bifurcada Abaixo,"9,77","14,8",1,1,"14,17","14,8"
1,17,1,5,171,171,7830,8056,17,28765,2005-08-31,"-47,55434985","-21,58790294",4326,500,1,27,2,3,Bifurcada Abaixo,"10,6","15,3",1,1,"14,86","15,3"
1,17,1,5,171,171,7831,8057,17,28765,2005-08-31,"-47,55434985","-21,58790294",4326,500,1,28,1,0,Normal,"11,27","14,4",1,1,"15,37","14,4"
1,17,1,5,171,171,7832,8058,17,28765,2005-08-31,"-47,55434985","-21,58790294",4326,500,1,29,1,0,Normal,"10,12","14,1",1,1,"14,47","14,1"
1,17,1,5,171,171,7833,8059,17,28765,2005-08-31,"-47,55434985","-21,58790294",4326,500,1,30,1,0,Normal,"12,03","15,9",1,1,"15,89","15,9"
1,17,1,5,171,171,7834,8060,17,28765,2005-08-31,"-47,55434985","-21,58790294",4326,500,1,31,1,0,Normal,"10,03",,0,1,"14,4","14,4"
1,17,1,5,171,171,7835,8061,17,28765,2005-08-31,"-47,55434985","-21,58790294",4326,500,1,32,1,0,Normal,"10,66",,0,1,"14,91","14,91"
1,17,1,5,171,171,7836,8062,17,28765,2005-08-31,"-47,55434985","-21,58790294",4326,500,1,33,1,0,Normal,"9,45",,0,1,"13,88","13,88"
1,17,1,5,171,171,7837,8063,17,28765,2005-08-31,"-47,55434985","-21,58790294",4326,500,1,34,1,0,Normal,"9,96",,0,1,"14,34","14,34"
1,17,1,5,171,171,7838,8064,17,28765,2005-08-31,"-47,55434985","-21,58790294",4326,500,1,35,1,7,Bifurcada Acima,"10,7",,0,1,"14,94","14,94"
1,17,1,5,171,171,7839,8065,17,28765,2005-08-31,"-47,55434985","-21,58790294",4326,500,1,36,1,0,Normal,"10,54",,0,1,"14,82","14,82"
1,17,1,5,171,171,7840,8066,17,28765,2005-08-31,"-47,55434985","-21,58790294",4326,500,1,37,1,0,Normal,"9,45",,0,1,"13,88","13,88"
1,17,1,5,171,171,7841,8067,17,28765,2005-08-31,"-47,55434985","-21,58790294",4326,500,1,38,1,0,Normal,"14,45",,0,1,"17,27","17,27"
1,17,1,5,171,171,7842,8068,17,28765,2005-08-31,"-47,55434985","-21,58790294",4326,500,1,39,1,0,Normal,"14,1",,0,1,"17,09","17,09"
1,17,1,5,171,171,7842,8069,17,28765,2005-08-31,"-47,55434985","-21,58790294",4326,500,1,39,2,3,Bifurcada Abaixo,"10,15",,0,1,"14,5","14,5"
1,17,1,5,171,171,7843,8070,17,28765,2005-08-31,"-47,55434985","-21,58790294",4326,500,1,40,1,0,Normal,"7,26",,0,1,"11,47","11,47"
1,17,1,5,171,171,7844,8071,17,28765,2005-08-31,"-47,55434985","-21,58790294",4326,500,1,41,1,3,Bifurcada Abaixo,"13,78",,0,1,"16,92","16,92"
1,17,1,5,171,171,7844,8072,17,28765,2005-08-31,"-47,55434985","-21,58790294",4326,500,1,41,2,2,Dominante,"21,49","20,7",1,1,"19,76","20,7"
1,17,1,5,171,171,7845,8073,17,28765,2005-08-31,"-47,55434985","-21,58790294",4326,500,1,42,1,0,Normal,"11,46",,0,1,"15,5","15,5"
1,17,1,5,171,171,7846,8074,17,28765,2005-08-31,"-47,55434985","-21,58790294",4326,500,1,43,1,0,Normal,"11,08",,0,1,"15,23","15,23"
1,17,1,5,171,171,7847,8075,17,28765,2005-08-31,"-47,55434985","-21,58790294",4326,500,1,44,1,2,Dominante,"17,67","19,3",1,1,"18,61","19,3"
1,17,1,5,171,171,7848,8076,17,28765,2005-08-31,"-47,55434985","-21,58790294",4326,500,1,45,1,0,Normal,"11,65",,0,1,"15,64","15,64"
1,17,1,5,171,171,7849,8077,17,28765,2005-08-31,"-47,55434985","-21,58790294",4326,500,1,46,1,0,Normal,"14,74",,0,1,"17,41","17,41"
1,17,1,5,173,173,7897,8127,17,28767,2005-08-31,"-47,55490651","-21,59101817",4326,500,1,1,1,0,Normal,"12,25",,0,1,"15,27","15,27"
1,17,1,5,173,173,7898,8128,17,28767,2005-08-31,"-47,55490651","-21,59101817",4326,500,1,2,1,0,Normal,"7,61",,0,1,"10,88","10,88"
1,17,1,5,173,173,7899,8129,17,28767,2005-08-31,"-47,55490651","-21,59101817",4326,500,1,3,1,0,Normal,"7,07",,0,1,"10,17","10,17"
1,17,1,5,173,173,7900,8130,17,28767,2005-08-31,"-47,55490651","-21,59101817",4326,500,1,4,1,0,Normal,"3,82",,0,1,"4,48","4,48"
1,17,1,5,173,173,7901,8131,17,28767,2005-08-31,"-47,55490651","-21,59101817",4326,500,1,5,1,0,Normal,"8,5",,0,1,"11,95","11,95"
1,17,1,5,173,173,7902,8132,17,28767,2005-08-31,"-47,55490651","-21,59101817",4326,500,1,6,1,1,Falha,0,,0,0,,
1,17,1,5,173,173,7903,8133,17,28767,2005-08-31,"-47,55490651","-21,59101817",4326,500,1,7,1,0,Normal,"8,09",,0,1,"11,48","11,48"
1,17,1,5,173,173,7904,8134,17,28767,2005-08-31,"-47,55490651","-21,59101817",4326,500,1,8,1,1,Falha,0,,0,0,,
1,17,1,5,173,173,7905,8135,17,28767,2005-08-31,"-47,55490651","-21,59101817",4326,500,1,9,1,2,Dominante,"17,19","19,2",1,1,"17,92","19,2"
1,17,1,5,173,173,7906,8136,17,28767,2005-08-31,"-47,55490651","-21,59101817",4326,500,1,10,1,0,Normal,"9,17",,0,1,"12,67","12,67"
1,17,1,5,173,173,7907,8137,17,28767,2005-08-31,"-47,55490651","-21,59101817",4326,500,1,11,1,0,Normal,"9,87",,0,1,"13,36","13,36"
1,17,1,5,173,173,7908,8138,17,28767,2005-08-31,"-47,55490651","-21,59101817",4326,500,1,12,1,2,Dominante,"16,55","17,4",1,1,"17,64","17,4"
1,17,1,5,173,173,7909,8139,17,28767,2005-08-31,"-47,55490651","-21,59101817",4326,500,1,13,1,2,Dominante,"18,43","18,4",1,1,"18,4","18,4"
1,17,1,5,173,173,7910,8140,17,28767,2005-08-31,"-47,55490651","-21,59101817",4326,500,1,14,1,0,Normal,"13,85",,0,1,"16,28","16,28"
1,17,1,5,173,173,7911,8141,17,28767,2005-08-31,"-47,55490651","-21,59101817",4326,500,1,15,1,0,Normal,"13,34",,0,1,"15,98","15,98"
1,17,1,5,173,173,7912,8142,17,28767,2005-08-31,"-47,55490651","-21,59101817",4326,500,1,16,1,1,Falha,0,,0,0,,
1,17,1,5,173,173,7913,8143,17,28767,2005-08-31,"-47,55490651","-21,59101817",4326,500,1,17,1,0,Normal,"14,32",,0,1,"16,55","16,55"
1,17,1,5,173,173,7914,8144,17,28767,2005-08-31,"-47,55490651","-21,59101817",4326,500,1,18,1,0,Normal,"13,24",,0,1,"15,92","15,92"
1,17,1,5,173,173,7915,8145,17,28767,2005-08-31,"-47,55490651","-21,59101817",4326,500,1,19,1,2,Dominante,"16,58","18,1",1,1,"17,66","18,1"
1,17,1,5,173,173,7916,8146,17,28767,2005-08-31,"-47,55490651","-21,59101817",4326,500,1,20,1,0,Normal,"12,86",16,1,1,"15,68",16
1,17,1,5,173,173,7917,8147,17,28767,2005-08-31,"-47,55490651","-21,59101817",4326,500,1,21,1,3,Bifurcada Abaixo,"13,69","17,2",1,1,"16,19","17,2"
1,17,1,5,173,173,7917,8148,17,28767,2005-08-31,"-47,55490651","-21,59101817",4326,500,1,21,2,3,Bifurcada Abaixo,"6,05",9,1,1,"8,64",9
1,17,1,5,173,173,7918,8149,17,28767,2005-08-31,"-47,55490651","-21,59101817",4326,500,1,22,1,0,Normal,"15,37","16,8",1,1,"17,09","16,8"
1,17,1,5,173,173,7919,8150,17,28767,2005-08-31,"-47,55490651","-21,59101817",4326,500,1,23,1,0,Normal,"13,85","16,7",1,1,"16,28","16,7"
1,17,1,5,173,173,7920,8151,17,28767,2005-08-31,"-47,55490651","-21,59101817",4326,500,1,24,1,0,Normal,"14,2","16,2",1,1,"16,48","16,2"
1,17,1,5,173,173,7921,8152,17,28767,2005-08-31,"-47,55490651","-21,59101817",4326,500,1,25,1,2,Dominante,"16,58",17,1,1,"17,66",17
1,17,1,5,173,173,7922,8153,17,28767,2005-08-31,"-47,55490651","-21,59101817",4326,500,1,26,1,0,Normal,"13,31","16,2",1,1,"15,96","16,2"
1,17,1,5,173,173,7923,8154,17,28767,2005-08-31,"-47,55490651","-21,59101817",4326,500,1,27,1,0,Normal,"14,07","15,6",1,1,"16,41","15,6"
1,17,1,5,173,173,7924,8155,17,28767,2005-08-31,"-47,55490651","-21,59101817",4326,500,1,28,1,0,Normal,"8,47","10,9",1,1,"11,92","10,9"
1,17,1,5,173,173,7925,8156,17,28767,2005-08-31,"-47,55490651","-21,59101817",4326,500,1,29,1,0,Normal,"16,55","16,8",1,1,"17,64","16,8"
1,17,1,5,173,173,7926,8157,17,28767,2005-08-31,"-47,55490651","-21,59101817",4326,500,1,30,1,0,Normal,"7,45",,0,1,"10,68","10,68"
1,17,1,5,173,173,7927,8158,17,28767,2005-08-31,"-47,55490651","-21,59101817",4326,500,1,31,1,0,Normal,"12,61",,0,1,"15,52","15,52"
1,17,1,5,173,173,7928,8159,17,28767,2005-08-31,"-47,55490651","-21,59101817",4326,500,1,32,1,0,Normal,"16,49","17,7",1,1,"17,62","17,7"
1,17,1,5,173,173,7929,8160,17,28767,2005-08-31,"-47,55490651","-21,59101817",4326,500,1,33,1,0,Normal,"12,61",,0,1,"15,52","15,52"
1,17,1,5,173,173,7930,8161,17,28767,2005-08-31,"-47,55490651","-21,59101817",4326,500,1,34,1,0,Normal,"12,57",,0,1,"15,49","15,49"
1,17,1,5,173,173,7931,8162,17,28767,2005-08-31,"-47,55490651","-21,59101817",4326,500,1,35,1,0,Normal,"15,06",,0,1,"16,94","16,94"
1,17,1,5,173,173,7932,8163,17,28767,2005-08-31,"-47,55490651","-21,59101817",4326,500,1,36,1,0,Normal,"13,72",,0,1,"16,21","16,21"
1,17,1,5,173,173,7933,8164,17,28767,2005-08-31,"-47,55490651","-21,59101817",4326,500,1,37,1,0,Normal,"14,39",,0,1,"16,59","16,59"
1,17,1,5,173,173,7934,8165,17,28767,2005-08-31,"-47,55490651","-21,59101817",4326,500,1,38,1,0,Normal,"10,09",,0,1,"13,56","13,56"
1,17,1,5,173,173,7935,8166,17,28767,2005-08-31,"-47,55490651","-21,59101817",4326,500,1,39,1,0,Normal,"10,54",,0,1,"13,96","13,96"
1,17,1,5,173,173,7936,8167,17,28767,2005-08-31,"-47,55490651","-21,59101817",4326,500,1,40,1,0,Normal,"10,95",,0,1,"14,3","14,3"
1,17,1,5,173,173,7937,8168,17,28767,2005-08-31,"-47,55490651","-21,59101817",4326,500,1,41,1,0,Normal,"13,88",,0,1,"16,3","16,3"
1,17,1,5,174,174,7938,8169,17,28768,2005-08-31,"-47,55493392","-21,59257963",4326,500,1,1,1,0,Normal,"16,87",,0,1,"20,2","20,2"
1,17,1,5,174,174,7939,8170,17,28768,2005-08-31,"-47,55493392","-21,59257963",4326,500,1,2,1,0,Normal,"14,32",,0,1,"19,29","19,29"
1,17,1,5,174,174,7940,8171,17,28768,2005-08-31,"-47,55493392","-21,59257963",4326,500,1,3,1,0,Normal,"13,53",,0,1,"18,95","18,95"
1,17,1,5,174,174,7941,8172,17,28768,2005-08-31,"-47,55493392","-21,59257963",4326,500,1,4,1,0,Normal,"13,69",,0,1,"19,02","19,02"
1,17,1,5,174,174,7942,8173,17,28768,2005-08-31,"-47,55493392","-21,59257963",4326,500,1,5,1,0,Normal,"10,5",,0,1,"17,26","17,26"
1,17,1,5,174,174,7943,8174,17,28768,2005-08-31,"-47,55493392","-21,59257963",4326,500,1,6,1,0,Normal,"18,08",,0,1,"20,56","20,56"
1,17,1,5,174,174,7944,8175,17,28768,2005-08-31,"-47,55493392","-21,59257963",4326,500,1,7,1,0,Normal,"15,53",,0,1,"19,76","19,76"
1,17,1,5,174,174,7945,8176,17,28768,2005-08-31,"-47,55493392","-21,59257963",4326,500,1,8,1,0,Normal,"12,41",,0,1,"18,41","18,41"
1,17,1,5,174,174,7946,8177,17,28768,2005-08-31,"-47,55493392","-21,59257963",4326,500,1,9,1,2,Dominante,"18,68","22,6",1,1,"20,72","22,6"
1,17,1,5,174,174,7947,8178,17,28768,2005-08-31,"-47,55493392","-21,59257963",4326,500,1,10,1,0,Normal,"10,82",,0,1,"17,48","17,48"
1,17,1,5,174,174,7948,8179,17,28768,2005-08-31,"-47,55493392","-21,59257963",4326,500,1,11,1,0,Normal,"12,73",,0,1,"18,57","18,57"
1,17,1,5,174,174,7949,8180,17,28768,2005-08-31,"-47,55493392","-21,59257963",4326,500,1,12,1,0,Normal,"13,05",,0,1,"18,73","18,73"
1,17,1,5,174,174,7950,8181,17,28768,2005-08-31,"-47,55493392","-21,59257963",4326,500,1,13,1,0,Normal,"15,92",,0,1,"19,89","19,89"
1,17,1,5,174,174,7951,8182,17,28768,2005-08-31,"-47,55493392","-21,59257963",4326,500,1,14,1,0,Normal,"9,39",,0,1,"16,43","16,43"
1,17,1,5,174,174,7952,8183,17,28768,2005-08-31,"-47,55493392","-21,59257963",4326,500,1,15,1,3,Bifurcada Abaixo,"9,8",16,1,1,"16,76",16
1,17,1,5,174,174,7952,8184,17,28768,2005-08-31,"-47,55493392","-21,59257963",4326,500,1,15,2,3,Bifurcada Abaixo,"10,82","16,5",1,1,"17,48","16,5"
1,17,1,5,174,174,7953,8185,17,28768,2005-08-31,"-47,55493392","-21,59257963",4326,500,1,16,1,1,Falha,0,,0,0,,
1,17,1,5,174,174,7954,8186,17,28768,2005-08-31,"-47,55493392","-21,59257963",4326,500,1,17,1,0,Normal,"14,32","17,7",1,1,"19,29","17,7"
1,17,1,5,174,174,7955,8187,17,28768,2005-08-31,"-47,55493392","-21,59257963",4326,500,1,18,1,2,Dominante,"24,83","22,2",1,1,"21,95","22,2"
1,17,1,5,174,174,7956,8188,17,28768,2005-08-31,"-47,55493392","-21,59257963",4326,500,1,19,1,0,Normal,"3,82","8,9",1,1,"8,33","8,9"
1,17,1,5,174,174,7957,8189,17,28768,2005-08-31,"-47,55493392","-21,59257963",4326,500,1,20,1,0,Normal,"17,67","21,6",1,1,"20,44","21,6"
1,17,1,5,174,174,7958,8190,17,28768,2005-08-31,"-47,55493392","-21,59257963",4326,500,1,21,1,0,Normal,"13,69","19,6",1,1,"19,02","19,6"
1,17,1,5,174,174,7959,8191,17,28768,2005-08-31,"-47,55493392","-21,59257963",4326,500,1,22,1,2,Dominante,"22,6","22,6",1,1,"21,58","22,6"
1,17,1,5,174,174,7960,8192,17,28768,2005-08-31,"-47,55493392","-21,59257963",4326,500,1,23,1,0,Normal,"10,82","15,9",1,1,"17,48","15,9"
1,17,1,5,174,174,7961,8193,17,28768,2005-08-31,"-47,55493392","-21,59257963",4326,500,1,24,1,0,Normal,"12,03","17,6",1,1,"18,2","17,6"
1,17,1,5,174,174,7962,8194,17,28768,2005-08-31,"-47,55493392","-21,59257963",4326,500,1,25,1,0,Normal,"14,01","18,5",1,1,"19,16","18,5"
1,17,1,5,174,174,7963,8195,17,28768,2005-08-31,"-47,55493392","-21,59257963",4326,500,1,26,1,0,Normal,"7,96","14,4",1,1,"15,12","14,4"
1,17,1,5,174,174,7964,8196,17,28768,2005-08-31,"-47,55493392","-21,59257963",4326,500,1,27,1,0,Normal,"12,41",,0,1,"18,41","18,41"
1,17,1,5,174,174,7965,8197,17,28768,2005-08-31,"-47,55493392","-21,59257963",4326,500,1,28,1,0,Normal,"12,48",,0,1,"18,44","18,44"
1,17,1,5,174,174,7966,8198,17,28768,2005-08-31,"-47,55493392","-21,59257963",4326,500,1,29,1,0,Normal,"14,96",,0,1,"19,55","19,55"
1,17,1,5,174,174,7967,8199,17,28768,2005-08-31,"-47,55493392","-21,59257963",4326,500,1,30,1,0,Normal,"18,3",,0,1,"20,62","20,62"
1,17,1,5,174,174,7968,8200,17,28768,2005-08-31,"-47,55493392","-21,59257963",4326,500,1,31,1,0,Normal,"16,39",,0,1,"20,05","20,05"
1,17,1,5,174,174,7969,8201,17,28768,2005-08-31,"-47,55493392","-21,59257963",4326,500,1,32,1,2,Dominante,"18,75","22,3",1,1,"20,74","22,3"
1,17,1,5,174,174,7970,8202,17,28768,2005-08-31,"-47,55493392","-21,59257963",4326,500,1,33,1,0,Normal,"17,63",,0,1,"20,43","20,43"
1,17,1,5,174,174,7971,8203,17,28768,2005-08-31,"-47,55493392","-21,59257963",4326,500,1,34,1,0,Normal,"10,35",,0,1,"17,16","17,16"
1,17,1,5,174,174,7972,8204,17,28768,2005-08-31,"-47,55493392","-21,59257963",4326,500,1,35,1,0,Normal,"12,13",,0,1,"18,26","18,26"
1,17,1,5,174,174,7973,8205,17,28768,2005-08-31,"-47,55493392","-21,59257963",4326,500,1,36,1,0,Normal,"9,14",,0,1,"16,23","16,23"
1,17,1,5,174,174,7974,8206,17,28768,2005-08-31,"-47,55493392","-21,59257963",4326,500,1,37,1,0,Normal,"13,69",,0,1,"19,02","19,02"
1,17,1,5,174,174,7975,8207,17,28768,2005-08-31,"-47,55493392","-21,59257963",4326,500,1,38,1,0,Normal,"16,71",,0,1,"20,15","20,15"
1,17,1,5,174,174,7976,8208,17,28768,2005-08-31,"-47,55493392","-21,59257963",4326,500,1,39,1,3,Bifurcada Abaixo,"14,74",,0,1,"19,46","19,46"
1,17,1,5,174,174,7976,8209,17,28768,2005-08-31,"-47,55493392","-21,59257963",4326,500,1,39,2,3,Bifurcada Abaixo,"7,16",,0,1,"14,22","14,22"
1,17,1,5,174,174,7977,8210,17,28768,2005-08-31,"-47,55493392","-21,59257963",4326,500,1,40,1,0,Normal,"16,17",,0,1,"19,98","19,98"
1,17,1,5,174,174,7978,8211,17,28768,2005-08-31,"-47,55493392","-21,59257963",4326,500,1,41,1,0,Normal,"15,6",,0,1,"19,78","19,78"
1,17,1,5,174,174,7979,8212,17,28768,2005-08-31,"-47,55493392","-21,59257963",4326,500,1,42,1,0,Normal,"13,59",,0,1,"18,98","18,98"
1,17,1,5,174,174,7980,8213,17,28768,2005-08-31,"-47,55493392","-21,59257963",4326,500,1,43,1,2,Dominante,"20,63","21,3",1,1,"21,18","21,3"
1,17,1,5,174,174,7981,8214,17,28768,2005-08-31,"-47,55493392","-21,59257963",4326,500,1,44,1,0,Normal,"12,48",,0,1,"18,44","18,44"
1,17,1,5,174,174,7982,8215,17,28768,2005-08-31,"-47,55493392","-21,59257963",4326,500,1,45,1,0,Normal,"12,1",,0,1,"18,24","18,24"
1,17,1,5,174,174,7983,8216,17,28768,2005-08-31,"-47,55493392","-21,59257963",4326,500,1,46,1,0,Normal,"11,94",,0,1,"18,15","18,15"
1,18,2,2,175,175,7984,8217,18,28769,2005-08-31,"-47,55273505","-21,59105147",4326,500,1,1,1,2,Dominante,"21,71",28,1,1,"28,42",28
1,18,2,2,175,175,7985,8218,18,28769,2005-08-31,"-47,55273505","-21,59105147",4326,500,1,2,1,0,Normal,"17,95",,0,1,"26,56","26,56"
1,18,2,2,175,175,7986,8219,18,28769,2005-08-31,"-47,55273505","-21,59105147",4326,500,1,3,1,0,Normal,"17,25",,0,1,"26,14","26,14"
1,18,2,2,175,175,7987,8220,18,28769,2005-08-31,"-47,55273505","-21,59105147",4326,500,1,4,1,0,Normal,"10,06",,0,1,"19,54","19,54"
1,18,2,2,175,175,7988,8221,18,28769,2005-08-31,"-47,55273505","-21,59105147",4326,500,1,5,1,2,Dominante,"20,82","27,8",1,1,"28,03","27,8"
1,18,2,2,175,175,7989,8222,18,28769,2005-08-31,"-47,55273505","-21,59105147",4326,500,1,6,1,0,Normal,"12,13",,0,1,"22,01","22,01"
1,18,2,2,175,175,7990,8223,18,28769,2005-08-31,"-47,55273505","-21,59105147",4326,500,1,7,1,0,Normal,"18,43",,0,1,"26,83","26,83"
1,18,2,2,175,175,7991,8224,18,28769,2005-08-31,"-47,55273505","-21,59105147",4326,500,1,8,1,0,Normal,"8,94",,0,1,"17,91","17,91"
1,18,2,2,175,175,7992,8225,18,28769,2005-08-31,"-47,55273505","-21,59105147",4326,500,1,9,1,0,Normal,"16,74",,0,1,"25,82","25,82"
1,18,2,2,175,175,7993,8226,18,28769,2005-08-31,"-47,55273505","-21,59105147",4326,500,1,10,1,0,Normal,"18,08",,0,1,"26,63","26,63"
1,18,2,2,175,175,7994,8227,18,28769,2005-08-31,"-47,55273505","-21,59105147",4326,500,1,11,1,0,Normal,"13,31",,0,1,"23,17","23,17"
1,18,2,2,175,175,7995,8228,18,28769,2005-08-31,"-47,55273505","-21,59105147",4326,500,1,12,1,0,Normal,"14,61",,0,1,"24,29","24,29"
1,18,2,2,175,175,7996,8229,18,28769,2005-08-31,"-47,55273505","-21,59105147",4326,500,1,13,1,0,Normal,"17,83",,0,1,"26,49","26,49"
1,18,2,2,175,175,7997,8230,18,28769,2005-08-31,"-47,55273505","-21,59105147",4326,500,1,14,1,0,Normal,"11,94",,0,1,"21,81","21,81"
1,18,2,2,175,175,7998,8231,18,28769,2005-08-31,"-47,55273505","-21,59105147",4326,500,1,15,1,0,Normal,"17,95",27,1,1,"26,56",27
1,18,2,2,175,175,7999,8232,18,28769,2005-08-31,"-47,55273505","-21,59105147",4326,500,1,16,1,0,Normal,"15,76","25,9",1,1,"25,15","25,9"
1,18,2,2,175,175,8000,8233,18,28769,2005-08-31,"-47,55273505","-21,59105147",4326,500,1,17,1,0,Normal,"16,74","26,1",1,1,"25,82","26,1"
1,18,2,2,175,175,8001,8234,18,28769,2005-08-31,"-47,55273505","-21,59105147",4326,500,1,18,1,0,Normal,"8,12","16,4",1,1,"16,54","16,4"
1,18,2,2,175,175,8002,8235,18,28769,2005-08-31,"-47,55273505","-21,59105147",4326,500,1,19,1,0,Normal,"17,13","25,5",1,1,"26,07","25,5"
1,18,2,2,175,175,8003,8236,18,28769,2005-08-31,"-47,55273505","-21,59105147",4326,500,1,20,1,0,Normal,"12,41","23,9",1,1,"22,3","23,9"
1,18,2,2,175,175,8004,8237,18,28769,2005-08-31,"-47,55273505","-21,59105147",4326,500,1,21,1,0,Normal,"10,98",20,1,1,"20,72",20
1,18,2,2,175,175,8005,8238,18,28769,2005-08-31,"-47,55273505","-21,59105147",4326,500,1,22,1,0,Normal,"13,08","22,2",1,1,"22,96","22,2"
1,18,2,2,175,175,8006,8239,18,28769,2005-08-31,"-47,55273505","-21,59105147",4326,500,1,23,1,2,Dominante,"20,69","27,3",1,1,"27,97","27,3"
1,18,2,2,175,175,8007,8240,18,28769,2005-08-31,"-47,55273505","-21,59105147",4326,500,1,24,1,0,Normal,"18,14","27,8",1,1,"26,67","27,8"
1,18,2,2,175,175,8008,8241,18,28769,2005-08-31,"-47,55273505","-21,59105147",4326,500,1,25,1,0,Normal,"10,76",,0,1,"20,45","20,45"
1,18,2,2,175,175,8009,8242,18,28769,2005-08-31,"-47,55273505","-21,59105147",4326,500,1,26,1,0,Normal,"14,51",,0,1,"24,21","24,21"
1,18,2,2,175,175,8010,8243,18,28769,2005-08-31,"-47,55273505","-21,59105147",4326,500,1,27,1,0,Normal,"18,62",,0,1,"26,94","26,94"
1,18,2,2,175,175,8011,8244,18,28769,2005-08-31,"-47,55273505","-21,59105147",4326,500,1,28,1,0,Normal,"3,34",,0,1,"4,8","4,8"
1,18,2,2,175,175,8012,8245,18,28769,2005-08-31,"-47,55273505","-21,59105147",4326,500,1,29,1,0,Normal,"18,78",,0,1,"27,02","27,02"
1,18,2,2,175,175,8013,8246,18,28769,2005-08-31,"-47,55273505","-21,59105147",4326,500,1,30,1,0,Normal,"13,81",,0,1,"23,62","23,62"
1,18,2,2,175,175,8014,8247,18,28769,2005-08-31,"-47,55273505","-21,59105147",4326,500,1,31,1,0,Normal,"17,57",,0,1,"26,33","26,33"
1,18,2,2,175,175,8015,8248,18,28769,2005-08-31,"-47,55273505","-21,59105147",4326,500,1,32,1,0,Normal,"4,52",,0,1,"8,31","8,31"
1,18,2,2,175,175,8016,8249,18,28769,2005-08-31,"-47,55273505","-21,59105147",4326,500,1,33,1,0,Normal,"16,97",,0,1,"25,97","25,97"
1,18,2,2,175,175,8017,8250,18,28769,2005-08-31,"-47,55273505","-21,59105147",4326,500,1,34,1,0,Normal,"19,54",,0,1,"27,42","27,42"
1,18,2,2,175,175,8018,8251,18,28769,2005-08-31,"-47,55273505","-21,59105147",4326,500,1,35,1,0,Normal,"18,05",,0,1,"26,62","26,62"
1,18,2,2,175,175,8019,8252,18,28769,2005-08-31,"-47,55273505","-21,59105147",4326,500,1,36,1,0,Normal,"15,98",,0,1,"25,31","25,31"
1,18,2,2,175,175,8020,8253,18,28769,2005-08-31,"-47,55273505","-21,59105147",4326,500,1,37,1,0,Normal,"17,25",,0,1,"26,14","26,14"
1,18,2,2,175,175,8021,8254,18,28769,2005-08-31,"-47,55273505","-21,59105147",4326,500,1,38,1,0,Normal,"12,03",,0,1,"21,91","21,91"
1,18,2,2,175,175,8022,8255,18,28769,2005-08-31,"-47,55273505","-21,59105147",4326,500,1,39,1,2,Dominante,"20,18",27,1,1,"27,73",27
1,18,2,2,175,175,8023,8256,18,28769,2005-08-31,"-47,55273505","-21,59105147",4326,500,1,40,1,2,Dominante,"20,37","27,8",1,1,"27,82","27,8"
1,18,2,2,175,175,8024,8257,18,28769,2005-08-31,"-47,55273505","-21,59105147",4326,500,1,41,1,0,Normal,"18,81",,0,1,"27,04","27,04"
1,18,2,2,175,175,8025,8258,18,28769,2005-08-31,"-47,55273505","-21,59105147",4326,500,1,42,1,0,Normal,"17,79",,0,1,"26,47","26,47"
1,18,2,2,175,175,8026,8259,18,28769,2005-08-31,"-47,55273505","-21,59105147",4326,500,1,43,1,0,Normal,"9,33",,0,1,"18,5","18,5"
1,18,2,2,175,175,8027,8260,18,28769,2005-08-31,"-47,55273505","-21,59105147",4326,500,1,44,1,0,Normal,"17,51",,0,1,"26,3","26,3"
1,18,2,2,178,178,8109,8342,18,28772,2005-08-31,"-47,55106544","-21,59107705",4326,500,1,1,1,0,Normal,"14,42",,0,1,"23,49","23,49"
1,18,2,2,178,178,8110,8343,18,28772,2005-08-31,"-47,55106544","-21,59107705",4326,500,1,2,1,2,Dominante,"21,49",29,1,1,"27,87",29
1,18,2,2,178,178,8110,8344,18,28772,2005-08-31,"-47,55106544","-21,59107705",4326,500,1,2,2,2,Dominante,"20,5","28,3",1,1,"27,4","28,3"
1,18,2,2,178,178,8111,8345,18,28772,2005-08-31,"-47,55106544","-21,59107705",4326,500,1,3,1,0,Normal,"19,03",,0,1,"26,64","26,64"
1,18,2,2,178,178,8112,8346,18,28772,2005-08-31,"-47,55106544","-21,59107705",4326,500,1,4,1,0,Normal,"17,79",,0,1,"25,92","25,92"
1,18,2,2,178,178,8113,8347,18,28772,2005-08-31,"-47,55106544","-21,59107705",4326,500,1,5,1,0,Normal,"14,93",,0,1,"23,91","23,91"
1,18,2,2,178,178,8114,8348,18,28772,2005-08-31,"-47,55106544","-21,59107705",4326,500,1,6,1,2,Dominante,"20,59","27,8",1,1,"27,45","27,8"
1,18,2,2,178,178,8115,8349,18,28772,2005-08-31,"-47,55106544","-21,59107705",4326,500,1,7,1,0,Normal,"13,37",,0,1,"22,55","22,55"
1,18,2,2,178,178,8116,8350,18,28772,2005-08-31,"-47,55106544","-21,59107705",4326,500,1,8,1,0,Normal,"17,83",,0,1,"25,94","25,94"
1,18,2,2,178,178,8117,8351,18,28772,2005-08-31,"-47,55106544","-21,59107705",4326,500,1,9,1,0,Normal,"19,58",,0,1,"26,93","26,93"
1,18,2,2,178,178,8118,8352,18,28772,2005-08-31,"-47,55106544","-21,59107705",4326,500,1,10,1,0,Normal,"18,14",,0,1,"26,13","26,13"
1,18,2,2,178,178,8119,8353,18,28772,2005-08-31,"-47,55106544","-21,59107705",4326,500,1,11,1,2,Dominante,"20,88",28,1,1,"27,58",28
1,18,2,2,178,178,8120,8354,18,28772,2005-08-31,"-47,55106544","-21,59107705",4326,500,1,12,1,0,Normal,"15,31",,0,1,"24,21","24,21"
1,18,2,2,178,178,8121,8355,18,28772,2005-08-31,"-47,55106544","-21,59107705",4326,500,1,13,1,0,Normal,"14,23",,0,1,"23,32","23,32"
1,18,2,2,178,178,8122,8356,18,28772,2005-08-31,"-47,55106544","-21,59107705",4326,500,1,14,1,0,Normal,"12,73",,0,1,"21,92","21,92"
1,18,2,2,178,178,8123,8357,18,28772,2005-08-31,"-47,55106544","-21,59107705",4326,500,1,15,1,0,Normal,"12,61",,0,1,"21,8","21,8"
1,18,2,2,178,178,8124,8358,18,28772,2005-08-31,"-47,55106544","-21,59107705",4326,500,1,16,1,0,Normal,"15,41",,0,1,"24,28","24,28"
1,18,2,2,178,178,8125,8359,18,28772,2005-08-31,"-47,55106544","-21,59107705",4326,500,1,17,1,2,Dominante,"20,75","27,6",1,1,"27,52","27,6"
1,18,2,2,178,178,8126,8360,18,28772,2005-08-31,"-47,55106544","-21,59107705",4326,500,1,18,1,0,Normal,"12,99",,0,1,"22,18","22,18"
1,18,2,2,178,178,8127,8361,18,28772,2005-08-31,"-47,55106544","-21,59107705",4326,500,1,19,1,3,Bifurcada Abaixo,"9,14","17,6",1,1,"17,39","17,6"
1,18,2,2,178,178,8127,8362,18,28772,2005-08-31,"-47,55106544","-21,59107705",4326,500,1,19,2,3,Bifurcada Abaixo,"15,02","23,9",1,1,"23,98","23,9"
1,18,2,2,178,178,8128,8363,18,28772,2005-08-31,"-47,55106544","-21,59107705",4326,500,1,20,1,0,Normal,"14,9","23,2",1,1,"23,88","23,2"
1,18,2,2,178,178,8129,8364,18,28772,2005-08-31,"-47,55106544","-21,59107705",4326,500,1,21,1,0,Normal,"15,06","23,3",1,1,"24,01","23,3"
1,18,2,2,178,178,8130,8365,18,28772,2005-08-31,"-47,55106544","-21,59107705",4326,500,1,22,1,0,Normal,"12,57",23,1,1,"21,76",23
1,18,2,2,178,178,8131,8366,18,28772,2005-08-31,"-47,55106544","-21,59107705",4326,500,1,23,1,0,Normal,"14,13","22,1",1,1,"23,24","22,1"
1,18,2,2,178,178,8132,8367,18,28772,2005-08-31,"-47,55106544","-21,59107705",4326,500,1,24,1,0,Normal,"16,9",25,1,1,"25,35",25
1,18,2,2,178,178,8133,8368,18,28772,2005-08-31,"-47,55106544","-21,59107705",4326,500,1,25,1,0,Normal,"12,83","22,5",1,1,"22,02","22,5"
1,18,2,2,178,178,8134,8369,18,28772,2005-08-31,"-47,55106544","-21,59107705",4326,500,1,26,1,0,Normal,"13,34",22,1,1,"22,52",22
1,18,2,2,178,178,8135,8370,18,28772,2005-08-31,"-47,55106544","-21,59107705",4326,500,1,27,1,0,Normal,"18,49","24,6",1,1,"26,33","24,6"
1,18,2,2,178,178,8136,8371,18,28772,2005-08-31,"-47,55106544","-21,59107705",4326,500,1,28,1,0,Normal,"15,82",25,1,1,"24,59",25
1,18,2,2,178,178,8137,8372,18,28772,2005-08-31,"-47,55106544","-21,59107705",4326,500,1,29,1,0,Normal,"8,37",,0,1,"16,13","16,13"
1,18,2,2,178,178,8138,8373,18,28772,2005-08-31,"-47,55106544","-21,59107705",4326,500,1,30,1,0,Normal,"12,73",,0,1,"21,92","21,92"
1,18,2,2,178,178,8139,8374,18,28772,2005-08-31,"-47,55106544","-21,59107705",4326,500,1,31,1,0,Normal,"12,1",,0,1,"21,26","21,26"
1,18,2,2,178,178,8140,8375,18,28772,2005-08-31,"-47,55106544","-21,59107705",4326,500,1,32,1,0,Normal,"16,17",,0,1,"24,85","24,85"
1,18,2,2,178,178,8141,8376,18,28772,2005-08-31,"-47,55106544","-21,59107705",4326,500,1,33,1,0,Normal,"12,25",,0,1,"21,42","21,42"
1,18,2,2,178,178,8142,8377,18,28772,2005-08-31,"-47,55106544","-21,59107705",4326,500,1,34,1,0,Normal,"16,97",,0,1,"25,39","25,39"
1,18,2,2,178,178,8143,8378,18,28772,2005-08-31,"-47,55106544","-21,59107705",4326,500,1,35,1,0,Normal,"10,28",,0,1,"19,05","19,05"
1,18,2,2,178,178,8144,8379,18,28772,2005-08-31,"-47,55106544","-21,59107705",4326,500,1,36,1,0,Normal,"16,55",,0,1,"25,11","25,11"
1,18,2,2,178,178,8145,8380,18,28772,2005-08-31,"-47,55106544","-21,59107705",4326,500,1,37,1,0,Normal,"14,83",,0,1,"23,83","23,83"
1,18,2,2,178,178,8146,8381,18,28772,2005-08-31,"-47,55106544","-21,59107705",4326,500,1,38,1,0,Normal,"14,61",,0,1,"23,65","23,65"
1,18,2,2,178,178,8147,8382,18,28772,2005-08-31,"-47,55106544","-21,59107705",4326,500,1,39,1,0,Normal,"13,72",,0,1,"22,87","22,87"
1,18,2,2,178,178,8148,8383,18,28772,2005-08-31,"-47,55106544","-21,59107705",4326,500,1,40,1,0,Normal,"18,46",,0,1,"26,32","26,32"
1,18,2,2,178,178,8149,8384,18,28772,2005-08-31,"-47,55106544","-21,59107705",4326,500,1,41,1,0,Normal,"14,42",,0,1,"23,49","23,49"
1,18,2,2,178,178,8150,8385,18,28772,2005-08-31,"-47,55106544","-21,59107705",4326,500,1,42,1,0,Normal,"19,23",,0,1,"26,75","26,75"
1,18,2,2,178,178,8151,8386,18,28772,2005-08-31,"-47,55106544","-21,59107705",4326,500,1,43,1,0,Normal,"8,18",,0,1,"15,8","15,8"
1,18,2,2,178,178,8152,8387,18,28772,2005-08-31,"-47,55106544","-21,59107705",4326,500,1,44,1,0,Normal,"14,83",,0,1,"23,83","23,83"
1,18,2,2,178,178,8153,8388,18,28772,2005-08-31,"-47,55106544","-21,59107705",4326,500,1,45,1,0,Normal,"19,67",,0,1,"26,98","26,98"
1,18,2,2,178,178,8154,8389,18,28772,2005-08-31,"-47,55106544","-21,59107705",4326,500,1,46,1,0,Normal,"14,07",,0,1,"23,18","23,18"
1,18,2,2,178,178,8155,8390,18,28772,2005-08-31,"-47,55106544","-21,59107705",4326,500,1,47,1,0,Normal,"15,76",,0,1,"24,55","24,55"
1,18,2,2,178,178,8156,8391,18,28772,2005-08-31,"-47,55106544","-21,59107705",4326,500,1,48,1,0,Normal,"10,85",,0,1,"19,79","19,79"
1,18,2,2,178,178,8157,8392,18,28772,2005-08-31,"-47,55106544","-21,59107705",4326,500,1,49,1,0,Normal,"13,05",,0,1,"22,24","22,24"
1,18,2,2,178,178,8158,8393,18,28772,2005-08-31,"-47,55106544","-21,59107705",4326,500,1,50,1,0,Normal,"18,02",,0,1,"26,06","26,06"
1,18,2,2,179,179,8159,8394,18,28773,2005-08-31,"-47,55109282","-21,59263852",4326,500,1,1,1,0,Normal,"16,17",,0,1,"26,07","26,07"
1,18,2,2,179,179,8160,8395,18,28773,2005-08-31,"-47,55109282","-21,59263852",4326,500,1,2,1,0,Normal,"14,01",,0,1,"24,21","24,21"
1,18,2,2,179,179,8161,8396,18,28773,2005-08-31,"-47,55109282","-21,59263852",4326,500,1,3,1,2,Dominante,"19,74",28,1,1,"28,43",28
1,18,2,2,179,179,8162,8397,18,28773,2005-08-31,"-47,55109282","-21,59263852",4326,500,1,4,1,0,Normal,"14,58",,0,1,"24,74","24,74"
1,18,2,2,179,179,8163,8398,18,28773,2005-08-31,"-47,55109282","-21,59263852",4326,500,1,5,1,0,Normal,"16,07",,0,1,"25,99","25,99"
1,18,2,2,179,179,8164,8399,18,28773,2005-08-31,"-47,55109282","-21,59263852",4326,500,1,6,1,0,Normal,"16,81",,0,1,"26,55","26,55"
1,18,2,2,179,179,8165,8400,18,28773,2005-08-31,"-47,55109282","-21,59263852",4326,500,1,7,1,0,Normal,"14,26",,0,1,"24,44","24,44"
1,18,2,2,179,179,8166,8401,18,28773,2005-08-31,"-47,55109282","-21,59263852",4326,500,1,8,1,0,Normal,"13,37",,0,1,"23,58","23,58"
1,18,2,2,179,179,8167,8402,18,28773,2005-08-31,"-47,55109282","-21,59263852",4326,500,1,9,1,2,Dominante,"20,37",28,1,1,"28,78",28
1,18,2,2,179,179,8168,8403,18,28773,2005-08-31,"-47,55109282","-21,59263852",4326,500,1,10,1,0,Normal,"12,51",,0,1,"22,65","22,65"
1,18,2,2,179,179,8169,8404,18,28773,2005-08-31,"-47,55109282","-21,59263852",4326,500,1,11,1,2,Dominante,"19,74","28,1",1,1,"28,43","28,1"
1,18,2,2,179,179,8170,8405,18,28773,2005-08-31,"-47,55109282","-21,59263852",4326,500,1,12,1,0,Normal,"14,01",,0,1,"24,21","24,21"
1,18,2,2,179,179,8171,8406,18,28773,2005-08-31,"-47,55109282","-21,59263852",4326,500,1,13,1,0,Normal,"17,92",,0,1,"27,32","27,32"
1,18,2,2,179,179,8172,8407,18,28773,2005-08-31,"-47,55109282","-21,59263852",4326,500,1,14,1,0,Normal,"13,37",,0,1,"23,58","23,58"
1,18,2,2,179,179,8173,8408,18,28773,2005-08-31,"-47,55109282","-21,59263852",4326,500,1,15,1,0,Normal,"16,23",,0,1,"26,11","26,11"
1,18,2,2,179,179,8174,8409,18,28773,2005-08-31,"-47,55109282","-21,59263852",4326,500,1,16,1,0,Normal,"14,39",25,1,1,"24,57",25
1,18,2,2,179,179,8175,8410,18,28773,2005-08-31,"-47,55109282","-21,59263852",4326,500,1,17,1,3,Bifurcada Abaixo,"14,96","24,3",1,1,"25,08","24,3"
1,18,2,2,179,179,8175,8411,18,28773,2005-08-31,"-47,55109282","-21,59263852",4326,500,1,17,2,3,Bifurcada Abaixo,"8,75",17,1,1,"17,36",17
1,18,2,2,179,179,8176,8412,18,28773,2005-08-31,"-47,55109282","-21,59263852",4326,500,1,18,1,0,Normal,"17,67","27,5",1,1,"27,15","27,5"
1,18,2,2,179,179,8177,8413,18,28773,2005-08-31,"-47,55109282","-21,59263852",4326,500,1,19,1,0,Normal,"17,19","27,8",1,1,"26,82","27,8"
1,18,2,2,179,179,8178,8414,18,28773,2005-08-31,"-47,55109282","-21,59263852",4326,500,1,20,1,0,Normal,"14,64",26,1,1,"24,79",26
1,18,2,2,179,179,8179,8415,18,28773,2005-08-31,"-47,55109282","-21,59263852",4326,500,1,21,1,0,Normal,"16,87","26,2",1,1,"26,59","26,2"
1,18,2,2,179,179,8180,8416,18,28773,2005-08-31,"-47,55109282","-21,59263852",4326,500,1,22,1,0,Normal,"16,17",27,1,1,"26,07",27
1,18,2,2,179,179,8181,8417,18,28773,2005-08-31,"-47,55109282","-21,59263852",4326,500,1,23,1,0,Normal,"18,84",27,1,1,"27,9",27
1,18,2,2,179,179,8182,8418,18,28773,2005-08-31,"-47,55109282","-21,59263852",4326,500,1,24,1,0,Normal,"14,01",24,1,1,"24,21",24
1,18,2,2,179,179,8183,8419,18,28773,2005-08-31,"-47,55109282","-21,59263852",4326,500,1,25,1,0,Normal,"16,23","26,5",1,1,"26,11","26,5"
1,18,2,2,179,179,8184,8420,18,28773,2005-08-31,"-47,55109282","-21,59263852",4326,500,1,26,1,0,Normal,"12,57",,0,1,"22,72","22,72"
1,18,2,2,179,179,8185,8421,18,28773,2005-08-31,"-47,55109282","-21,59263852",4326,500,1,27,1,0,Normal,"15,28",,0,1,"25,35","25,35"
1,18,2,2,179,179,8186,8422,18,28773,2005-08-31,"-47,55109282","-21,59263852",4326,500,1,28,1,0,Normal,"15,28",,0,1,"25,35","25,35"
1,18,2,2,179,179,8187,8423,18,28773,2005-08-31,"-47,55109282","-21,59263852",4326,500,1,29,1,0,Normal,"18,08",,0,1,"27,42","27,42"
1,18,2,2,179,179,8188,8424,18,28773,2005-08-31,"-47,55109282","-21,59263852",4326,500,1,30,1,0,Normal,"18,14",,0,1,"27,46","27,46"
1,18,2,2,179,179,8189,8425,18,28773,2005-08-31,"-47,55109282","-21,59263852",4326,500,1,31,1,0,Normal,"15,76",,0,1,"25,74","25,74"
1,18,2,2,179,179,8190,8426,18,28773,2005-08-31,"-47,55109282","-21,59263852",4326,500,1,32,1,0,Normal,"14,26",,0,1,"24,44","24,44"
1,18,2,2,179,179,8191,8427,18,28773,2005-08-31,"-47,55109282","-21,59263852",4326,500,1,33,1,0,Normal,"15,92",,0,1,"25,87","25,87"
1,18,2,2,179,179,8192,8428,18,28773,2005-08-31,"-47,55109282","-21,59263852",4326,500,1,34,1,0,Normal,"18,46",,0,1,"27,66","27,66"
1,18,2,2,179,179,8193,8429,18,28773,2005-08-31,"-47,55109282","-21,59263852",4326,500,1,35,1,0,Normal,"15,28",,0,1,"25,35","25,35"
1,18,2,2,179,179,8194,8430,18,28773,2005-08-31,"-47,55109282","-21,59263852",4326,500,1,36,1,0,Normal,"9,9",,0,1,"19,24","19,24"
1,18,2,2,179,179,8195,8431,18,28773,2005-08-31,"-47,55109282","-21,59263852",4326,500,1,37,1,2,Dominante,"20,53","28,9",1,1,"28,86","28,9"
1,18,2,2,179,179,8196,8432,18,28773,2005-08-31,"-47,55109282","-21,59263852",4326,500,1,38,1,0,Normal,"12,03",,0,1,"22,1","22,1"
1,18,2,2,179,179,8197,8433,18,28773,2005-08-31,"-47,55109282","-21,59263852",4326,500,1,39,1,2,Dominante,"22,28","29,5",1,1,"29,73","29,5"
1,18,2,2,179,179,8198,8434,18,28773,2005-08-31,"-47,55109282","-21,59263852",4326,500,1,40,1,0,Normal,"13,08",,0,1,"23,27","23,27"
1,18,2,2,179,179,8199,8435,18,28773,2005-08-31,"-47,55109282","-21,59263852",4326,500,1,41,1,0,Normal,"17,51",,0,1,"27,04","27,04"
1,18,2,2,179,179,8200,8436,18,28773,2005-08-31,"-47,55109282","-21,59263852",4326,500,1,42,1,0,Normal,"18,94",,0,1,"27,96","27,96"
1,18,2,2,179,179,8201,8437,18,28773,2005-08-31,"-47,55109282","-21,59263852",4326,500,1,43,1,0,Normal,"17,7",,0,1,"27,17","27,17"
1,18,2,2,179,179,8202,8438,18,28773,2005-08-31,"-47,55109282","-21,59263852",4326,500,1,44,1,0,Normal,"14,9",,0,1,"25,02","25,02"
1,18,2,2,179,179,8203,8439,18,28773,2005-08-31,"-47,55109282","-21,59263852",4326,500,1,45,1,0,Normal,"18,78",,0,1,"27,86","27,86"
1,18,2,2,179,179,8204,8440,18,28773,2005-08-31,"-47,55109282","-21,59263852",4326,500,1,46,1,0,Normal,"18,68",,0,1,"27,8","27,8"
1,18,2,2,180,180,8205,8441,18,28774,2005-08-31,"-47,55111972","-21,59417291",4326,500,1,1,1,0,Normal,"17,51",,0,1,"24,96","24,96"
1,18,2,2,180,180,8206,8442,18,28774,2005-08-31,"-47,55111972","-21,59417291",4326,500,1,2,1,0,Normal,"13,05",,0,1,"20,9","20,9"
1,18,2,2,180,180,8207,8443,18,28774,2005-08-31,"-47,55111972","-21,59417291",4326,500,1,3,1,0,Normal,"15,28",,0,1,"23,14","23,14"
1,18,2,2,180,180,8208,8444,18,28774,2005-08-31,"-47,55111972","-21,59417291",4326,500,1,4,1,0,Normal,"13,05",,0,1,"20,9","20,9"
1,18,2,2,180,180,8209,8445,18,28774,2005-08-31,"-47,55111972","-21,59417291",4326,500,1,5,1,0,Normal,"18,3",,0,1,"25,52","25,52"
1,18,2,2,180,180,8210,8446,18,28774,2005-08-31,"-47,55111972","-21,59417291",4326,500,1,6,1,0,Normal,"9,55",,0,1,"16,19","16,19"
1,18,2,2,180,180,8211,8447,18,28774,2005-08-31,"-47,55111972","-21,59417291",4326,500,1,7,1,0,Normal,"8,59",,0,1,"14,56","14,56"
1,18,2,2,180,180,8212,8448,18,28774,2005-08-31,"-47,55111972","-21,59417291",4326,500,1,8,1,0,Normal,"18,24",,0,1,"25,48","25,48"
1,18,2,2,180,180,8213,8449,18,28774,2005-08-31,"-47,55111972","-21,59417291",4326,500,1,9,1,0,Normal,"9,14",,0,1,"15,52","15,52"
1,18,2,2,180,180,8214,8450,18,28774,2005-08-31,"-47,55111972","-21,59417291",4326,500,1,10,1,0,Normal,"11,14",,0,1,"18,55","18,55"
1,18,2,2,180,180,8215,8451,18,28774,2005-08-31,"-47,55111972","-21,59417291",4326,500,1,11,1,0,Normal,"13,75",,0,1,"21,66","21,66"
1,18,2,2,180,180,8216,8452,18,28774,2005-08-31,"-47,55111972","-21,59417291",4326,500,1,12,1,0,Normal,"13,37",,0,1,"21,25","21,25"
1,18,2,2,180,180,8217,8453,18,28774,2005-08-31,"-47,55111972","-21,59417291",4326,500,1,13,1,0,Normal,"11,3",,0,1,"18,76","18,76"
1,18,2,2,180,180,8218,8454,18,28774,2005-08-31,"-47,55111972","-21,59417291",4326,500,1,14,1,0,Normal,"18,14",,0,1,"25,41","25,41"
1,18,2,2,180,180,8219,8455,18,28774,2005-08-31,"-47,55111972","-21,59417291",4326,500,1,15,1,0,Normal,"12,16",,0,1,"19,86","19,86"
1,18,2,2,180,180,8220,8456,18,28774,2005-08-31,"-47,55111972","-21,59417291",4326,500,1,16,1,2,Dominante,"18,46","25,2",1,1,"25,63","25,2"
1,18,2,2,180,180,8221,8457,18,28774,2005-08-31,"-47,55111972","-21,59417291",4326,500,1,17,1,0,Normal,"15,63",,0,1,"23,45","23,45"
1,18,2,2,180,180,8222,8458,18,28774,2005-08-31,"-47,55111972","-21,59417291",4326,500,1,18,1,0,Normal,"9,87","17,1",1,1,"16,7","17,1"
1,18,2,2,180,180,8223,8459,18,28774,2005-08-31,"-47,55111972","-21,59417291",4326,500,1,19,1,0,Normal,"17,67","24,3",1,1,"25,08","24,3"
1,18,2,2,180,180,8224,8460,18,28774,2005-08-31,"-47,55111972","-21,59417291",4326,500,1,20,1,0,Normal,"15,6",22,1,1,"23,42",22
1,18,2,2,180,180,8225,8461,18,28774,2005-08-31,"-47,55111972","-21,59417291",4326,500,1,21,1,3,Bifurcada Abaixo,"9,55","15,4",1,1,"16,19","15,4"
1,18,2,2,180,180,8225,8462,18,28774,2005-08-31,"-47,55111972","-21,59417291",4326,500,1,21,2,5,Inclinadas,7,,0,1,"11,45","11,45"
1,18,2,2,180,180,8226,8463,18,28774,2005-08-31,"-47,55111972","-21,59417291",4326,500,1,22,1,0,Normal,"14,64",23,1,1,"22,54",23
1,18,2,2,180,180,8227,8464,18,28774,2005-08-31,"-47,55111972","-21,59417291",4326,500,1,23,1,0,Normal,"11,84","20,5",1,1,"19,46","20,5"
1,18,2,2,180,180,8228,8465,18,28774,2005-08-31,"-47,55111972","-21,59417291",4326,500,1,24,1,0,Normal,"17,83","25,2",1,1,"25,19","25,2"
1,18,2,2,180,180,8229,8466,18,28774,2005-08-31,"-47,55111972","-21,59417291",4326,500,1,25,1,0,Normal,"11,46","19,1",1,1,"18,98","19,1"
1,18,2,2,180,180,8230,8467,18,28774,2005-08-31,"-47,55111972","-21,59417291",4326,500,1,26,1,0,Normal,"18,08","24,7",1,1,"25,37","24,7"
1,18,2,2,180,180,8231,8468,18,28774,2005-08-31,"-47,55111972","-21,59417291",4326,500,1,27,1,8,Tombada,"11,94",,0,1,"19,59","19,59"
1,18,2,2,180,180,8232,8469,18,28774,2005-08-31,"-47,55111972","-21,59417291",4326,500,1,28,1,0,Normal,"17,83","25,3",1,1,"25,19","25,3"
1,18,2,2,180,180,8233,8470,18,28774,2005-08-31,"-47,55111972","-21,59417291",4326,500,1,29,1,0,Normal,"15,76",,0,1,"23,56","23,56"
1,18,2,2,180,180,8234,8471,18,28774,2005-08-31,"-47,55111972","-21,59417291",4326,500,1,30,1,0,Normal,"10,82",,0,1,"18,11","18,11"
1,18,2,2,180,180,8235,8472,18,28774,2005-08-31,"-47,55111972","-21,59417291",4326,500,1,31,1,0,Normal,"9,8",,0,1,"16,59","16,59"
1,18,2,2,180,180,8236,8473,18,28774,2005-08-31,"-47,55111972","-21,59417291",4326,500,1,32,1,0,Normal,"16,55",,0,1,"24,22","24,22"
1,18,2,2,180,180,8237,8474,18,28774,2005-08-31,"-47,55111972","-21,59417291",4326,500,1,33,1,0,Normal,"15,28",,0,1,"23,14","23,14"
1,18,2,2,180,180,8238,8475,18,28774,2005-08-31,"-47,55111972","-21,59417291",4326,500,1,34,1,2,Dominante,"18,78",27,1,1,"25,85",27
1,18,2,2,180,180,8239,8476,18,28774,2005-08-31,"-47,55111972","-21,59417291",4326,500,1,35,1,0,Normal,"17,76",,0,1,"25,14","25,14"
1,18,2,2,180,180,8240,8477,18,28774,2005-08-31,"-47,55111972","-21,59417291",4326,500,1,36,1,0,Normal,"13,37",,0,1,"21,25","21,25"
1,18,2,2,180,180,8241,8478,18,28774,2005-08-31,"-47,55111972","-21,59417291",4326,500,1,37,1,3,Bifurcada Abaixo,"9,55",,0,1,"16,19","16,19"
1,18,2,2,180,180,8241,8479,18,28774,2005-08-31,"-47,55111972","-21,59417291",4326,500,1,37,2,3,Bifurcada Abaixo,"13,69",,0,1,"21,59","21,59"
1,18,2,2,180,180,8242,8480,18,28774,2005-08-31,"-47,55111972","-21,59417291",4326,500,1,38,1,0,Normal,"17,51",,0,1,"24,96","24,96"
1,18,2,2,180,180,8243,8481,18,28774,2005-08-31,"-47,55111972","-21,59417291",4326,500,1,39,1,2,Dominante,"19,19","26,6",1,1,"26,12","26,6"
1,18,2,2,180,180,8244,8482,18,28774,2005-08-31,"-47,55111972","-21,59417291",4326,500,1,40,1,0,Normal,"16,07",,0,1,"23,82","23,82"
1,18,2,2,180,180,8245,8483,18,28774,2005-08-31,"-47,55111972","-21,59417291",4326,500,1,41,1,0,Normal,"17,19",,0,1,"24,72","24,72"
1,18,2,2,180,180,8246,8484,18,28774,2005-08-31,"-47,55111972","-21,59417291",4326,500,1,42,1,3,Bifurcada Abaixo,"13,69",,0,1,"21,59","21,59"
1,18,2,2,180,180,8246,8485,18,28774,2005-08-31,"-47,55111972","-21,59417291",4326,500,1,42,2,3,Bifurcada Abaixo,"8,12",,0,1,"13,69","13,69"
1,18,2,2,180,180,8247,8486,18,28774,2005-08-31,"-47,55111972","-21,59417291",4326,500,1,43,1,0,Normal,"9,36",,0,1,"15,88","15,88"
1,18,2,2,180,180,8248,8487,18,28774,2005-08-31,"-47,55111972","-21,59417291",4326,500,1,44,1,2,Dominante,"24,19","28,5",1,1,"28,81","28,5"
1,18,2,2,180,180,8249,8488,18,28774,2005-08-31,"-47,55111972","-21,59417291",4326,500,1,45,1,3,Bifurcada Abaixo,"15,28",,0,1,"23,14","23,14"
1,18,2,2,180,180,8249,8489,18,28774,2005-08-31,"-47,55111972","-21,59417291",4326,500,1,45,2,3,Bifurcada Abaixo,"7,32",,0,1,"12,12","12,12"
1,18,2,2,180,180,8250,8490,18,28774,2005-08-31,"-47,55111972","-21,59417291",4326,500,1,46,1,0,Normal,"16,87",,0,1,"24,47","24,47"
1,18,2,2,180,180,8251,8491,18,28774,2005-08-31,"-47,55111972","-21,59417291",4326,500,1,47,1,2,Dominante,"19,99","27,2",1,1,"26,62","27,2"
1,18,2,2,181,181,8252,8492,18,28775,2005-08-31,"-47,54942319","-21,59266409",4326,500,1,1,1,0,Normal,"19,32",,0,1,"28,09","28,09"
1,18,2,2,181,181,8253,8493,18,28775,2005-08-31,"-47,54942319","-21,59266409",4326,500,1,2,1,0,Normal,"15,06",,0,1,"24,51","24,51"
1,18,2,2,181,181,8254,8494,18,28775,2005-08-31,"-47,54942319","-21,59266409",4326,500,1,3,1,0,Normal,"11,78",,0,1,"20,63","20,63"
1,18,2,2,181,181,8255,8495,18,28775,2005-08-31,"-47,54942319","-21,59266409",4326,500,1,4,1,0,Normal,"14,26",,0,1,"23,68","23,68"
1,18,2,2,181,181,8256,8496,18,28775,2005-08-31,"-47,54942319","-21,59266409",4326,500,1,5,1,0,Normal,"14,64",,0,1,"24,08","24,08"
1,18,2,2,181,181,8257,8497,18,28775,2005-08-31,"-47,54942319","-21,59266409",4326,500,1,6,1,0,Normal,"13,05",,0,1,"22,28","22,28"
1,18,2,2,181,181,8258,8498,18,28775,2005-08-31,"-47,54942319","-21,59266409",4326,500,1,7,1,0,Normal,"19,26",,0,1,"28,05","28,05"
1,18,2,2,181,181,8259,8499,18,28775,2005-08-31,"-47,54942319","-21,59266409",4326,500,1,8,1,0,Normal,"12,19",,0,1,"21,19","21,19"
1,18,2,2,181,181,8260,8500,18,28775,2005-08-31,"-47,54942319","-21,59266409",4326,500,1,9,1,0,Normal,"11,62",,0,1,"20,41","20,41"
1,18,2,2,181,181,8261,8501,18,28775,2005-08-31,"-47,54942319","-21,59266409",4326,500,1,10,1,0,Normal,"16,23",,0,1,"25,63","25,63"
1,18,2,2,181,181,8262,8502,18,28775,2005-08-31,"-47,54942319","-21,59266409",4326,500,1,11,1,0,Normal,"14,01",,0,1,"23,4","23,4"
1,18,2,2,181,181,8263,8503,18,28775,2005-08-31,"-47,54942319","-21,59266409",4326,500,1,12,1,0,Normal,"11,14",,0,1,"19,72","19,72"
1,18,2,2,181,181,8264,8504,18,28775,2005-08-31,"-47,54942319","-21,59266409",4326,500,1,13,1,0,Normal,"20,94",30,1,1,"29,16",30
1,18,2,2,181,181,8265,8505,18,28775,2005-08-31,"-47,54942319","-21,59266409",4326,500,1,14,1,0,Normal,"20,05",30,1,1,"28,59",30
1,18,2,2,181,181,8266,8506,18,28775,2005-08-31,"-47,54942319","-21,59266409",4326,500,1,15,1,2,Dominante,"22,63","31,6",1,1,"30,14","31,6"
1,18,2,2,181,181,8267,8507,18,28775,2005-08-31,"-47,54942319","-21,59266409",4326,500,1,16,1,0,Normal,"20,21","29,5",1,1,"28,69","29,5"
1,18,2,2,181,181,8268,8508,18,28775,2005-08-31,"-47,54942319","-21,59266409",4326,500,1,17,1,2,Dominante,"22,06",29,1,1,"29,83",29
1,18,2,2,181,181,8269,8509,18,28775,2005-08-31,"-47,54942319","-21,59266409",4326,500,1,18,1,1,Falha,0,,0,0,,
1,18,2,2,181,181,8270,8510,18,28775,2005-08-31,"-47,54942319","-21,59266409",4326,500,1,19,1,1,Falha,0,,0,0,,
1,18,2,2,181,181,8271,8511,18,28775,2005-08-31,"-47,54942319","-21,59266409",4326,500,1,20,1,3,Bifurcada Abaixo,"17,67","24,6",1,1,"26,86","24,6"
1,18,2,2,181,181,8271,8512,18,28775,2005-08-31,"-47,54942319","-21,59266409",4326,500,1,20,2,2,Dominante,"21,65","28,4",1,1,"29,59","28,4"
1,18,2,2,181,181,8272,8513,18,28775,2005-08-31,"-47,54942319","-21,59266409",4326,500,1,21,1,2,Dominante,"23,49",31,1,1,"30,6",31
1,18,2,2,181,181,8273,8514,18,28775,2005-08-31,"-47,54942319","-21,59266409",4326,500,1,22,1,0,Normal,"11,52",21,1,1,"20,27",21
1,18,2,2,181,181,8274,8515,18,28775,2005-08-31,"-47,54942319","-21,59266409",4326,500,1,23,1,0,Normal,"15,76",24,1,1,"25,19",24
1,18,2,2,181,181,8275,8516,18,28775,2005-08-31,"-47,54942319","-21,59266409",4326,500,1,24,1,2,Dominante,"25,15","31,2",1,1,"31,41","31,2"
1,18,2,2,181,181,8276,8517,18,28775,2005-08-31,"-47,54942319","-21,59266409",4326,500,1,25,1,0,Normal,"11,4",,0,1,"20,1","20,1"
1,18,2,2,181,181,8277,8518,18,28775,2005-08-31,"-47,54942319","-21,59266409",4326,500,1,26,1,0,Normal,"15,6",,0,1,"25,04","25,04"
1,18,2,2,181,181,8278,8519,18,28775,2005-08-31,"-47,54942319","-21,59266409",4326,500,1,27,1,0,Normal,"18,14",,0,1,"27,22","27,22"
1,18,2,2,181,181,8279,8520,18,28775,2005-08-31,"-47,54942319","-21,59266409",4326,500,1,28,1,0,Normal,"6,3",,0,1,"10,37","10,37"
1,18,2,2,181,181,8280,8521,18,28775,2005-08-31,"-47,54942319","-21,59266409",4326,500,1,29,1,0,Normal,"18,18",,0,1,"27,26","27,26"
1,18,2,2,181,181,8281,8522,18,28775,2005-08-31,"-47,54942319","-21,59266409",4326,500,1,30,1,0,Normal,"21,17",,0,1,"29,3","29,3"
1,18,2,2,181,181,8282,8523,18,28775,2005-08-31,"-47,54942319","-21,59266409",4326,500,1,31,1,0,Normal,"19,42",,0,1,"28,16","28,16"
1,18,2,2,181,181,8283,8524,18,28775,2005-08-31,"-47,54942319","-21,59266409",4326,500,1,32,1,0,Normal,"12,89",,0,1,"22,09","22,09"
1,18,2,2,181,181,8284,8525,18,28775,2005-08-31,"-47,54942319","-21,59266409",4326,500,1,33,1,3,Bifurcada Abaixo,"11,46",,0,1,"20,18","20,18"
1,18,2,2,181,181,8284,8526,18,28775,2005-08-31,"-47,54942319","-21,59266409",4326,500,1,33,2,3,Bifurcada Abaixo,"11,14",,0,1,"19,72","19,72"
1,18,2,2,181,181,8285,8527,18,28775,2005-08-31,"-47,54942319","-21,59266409",4326,500,1,34,1,0,Normal,"21,65",,0,1,"29,59","29,59"
1,18,2,2,181,181,8286,8528,18,28775,2005-08-31,"-47,54942319","-21,59266409",4326,500,1,35,1,0,Normal,"19,1",,0,1,"27,94","27,94"
1,18,2,2,181,181,8287,8529,18,28775,2005-08-31,"-47,54942319","-21,59266409",4326,500,1,36,1,0,Normal,"16,23",,0,1,"25,63","25,63"
1,18,2,2,181,181,8288,8530,18,28775,2005-08-31,"-47,54942319","-21,59266409",4326,500,1,37,1,0,Normal,"18,78",,0,1,"27,71","27,71"
1,18,2,2,181,181,8289,8531,18,28775,2005-08-31,"-47,54942319","-21,59266409",4326,500,1,38,1,0,Normal,"14,8",,0,1,"24,25","24,25"
1,18,2,2,181,181,8290,8532,18,28775,2005-08-31,"-47,54942319","-21,59266409",4326,500,1,39,1,0,Normal,"15,37",,0,1,"24,82","24,82"
1,18,2,2,181,181,8291,8533,18,28775,2005-08-31,"-47,54942319","-21,59266409",4326,500,1,40,1,0,Normal,"21,26",,0,1,"29,36","29,36"
1,18,2,2,181,181,8292,8534,18,28775,2005-08-31,"-47,54942319","-21,59266409",4326,500,1,41,1,0,Normal,"19,19",,0,1,28,28
1,18,2,2,182,182,8293,8535,18,28776,2005-08-31,"-47,54939583","-21,59110262",4326,500,1,1,1,0,Normal,"15,41",,0,1,"25,57","25,57"
1,18,2,2,182,182,8294,8536,18,28776,2005-08-31,"-47,54939583","-21,59110262",4326,500,1,2,1,2,Dominante,"18,18","28,5",1,1,"27,76","28,5"
1,18,2,2,182,182,8295,8537,18,28776,2005-08-31,"-47,54939583","-21,59110262",4326,500,1,3,1,0,Normal,"16,93",,0,1,"26,84","26,84"
1,18,2,2,182,182,8296,8538,18,28776,2005-08-31,"-47,54939583","-21,59110262",4326,500,1,4,1,0,Normal,"17,25",,0,1,"27,09","27,09"
1,18,2,2,182,182,8297,8539,18,28776,2005-08-31,"-47,54939583","-21,59110262",4326,500,1,5,1,0,Normal,"11,49",,0,1,"21,29","21,29"
1,18,2,2,182,182,8298,8540,18,28776,2005-08-31,"-47,54939583","-21,59110262",4326,500,1,6,1,0,Normal,"15,85",,0,1,"25,96","25,96"
1,18,2,2,182,182,8299,8541,18,28776,2005-08-31,"-47,54939583","-21,59110262",4326,500,1,7,1,0,Normal,"14,1",,0,1,"24,33","24,33"
1,18,2,2,182,182,8300,8542,18,28776,2005-08-31,"-47,54939583","-21,59110262",4326,500,1,8,1,0,Normal,"13,94",,0,1,"24,16","24,16"
1,18,2,2,182,182,8301,8543,18,28776,2005-08-31,"-47,54939583","-21,59110262",4326,500,1,9,1,0,Normal,"15,98",,0,1,"26,07","26,07"
1,18,2,2,182,182,8302,8544,18,28776,2005-08-31,"-47,54939583","-21,59110262",4326,500,1,10,1,0,Normal,"15,76",,0,1,"25,88","25,88"
1,18,2,2,182,182,8303,8545,18,28776,2005-08-31,"-47,54939583","-21,59110262",4326,500,1,11,1,0,Normal,"14,99",,0,1,"25,19","25,19"
1,18,2,2,182,182,8304,8546,18,28776,2005-08-31,"-47,54939583","-21,59110262",4326,500,1,12,1,0,Normal,"10,73",,0,1,"20,23","20,23"
1,18,2,2,182,182,8305,8547,18,28776,2005-08-31,"-47,54939583","-21,59110262",4326,500,1,13,1,0,Normal,"15,28",,0,1,"25,46","25,46"
1,18,2,2,182,182,8306,8548,18,28776,2005-08-31,"-47,54939583","-21,59110262",4326,500,1,14,1,0,Normal,"14,23",,0,1,"24,46","24,46"
1,18,2,2,182,182,8307,8549,18,28776,2005-08-31,"-47,54939583","-21,59110262",4326,500,1,15,1,0,Normal,"9,01",,0,1,"17,45","17,45"
1,18,2,2,182,182,8308,8550,18,28776,2005-08-31,"-47,54939583","-21,59110262",4326,500,1,16,1,0,Normal,"17,7",,0,1,"27,42","27,42"
1,18,2,2,182,182,8309,8551,18,28776,2005-08-31,"-47,54939583","-21,59110262",4326,500,1,17,1,0,Normal,"15,53",,0,1,"25,68","25,68"
1,18,2,2,182,182,8310,8552,18,28776,2005-08-31,"-47,54939583","-21,59110262",4326,500,1,18,1,0,Normal,"11,14",,0,1,"20,81","20,81"
1,18,2,2,182,182,8311,8553,18,28776,2005-08-31,"-47,54939583","-21,59110262",4326,500,1,19,1,0,Normal,"9,8",18,1,1,"18,8",18
1,18,2,2,182,182,8312,8554,18,28776,2005-08-31,"-47,54939583","-21,59110262",4326,500,1,20,1,0,Normal,"16,87","27,8",1,1,"26,79","27,8"
1,18,2,2,182,182,8313,8555,18,28776,2005-08-31,"-47,54939583","-21,59110262",4326,500,1,21,1,0,Normal,"14,48","25,4",1,1,"24,71","25,4"
1,18,2,2,182,182,8314,8556,18,28776,2005-08-31,"-47,54939583","-21,59110262",4326,500,1,22,1,0,Normal,"15,28","25,7",1,1,"25,46","25,7"
1,18,2,2,182,182,8315,8557,18,28776,2005-08-31,"-47,54939583","-21,59110262",4326,500,1,23,1,0,Normal,"16,58",26,1,1,"26,56",26
1,18,2,2,182,182,8316,8558,18,28776,2005-08-31,"-47,54939583","-21,59110262",4326,500,1,24,1,0,Normal,"15,18","24,9",1,1,"25,37","24,9"
1,18,2,2,182,182,8317,8559,18,28776,2005-08-31,"-47,54939583","-21,59110262",4326,500,1,25,1,0,Normal,"15,95",26,1,1,"26,05",26
1,18,2,2,182,182,8318,8560,18,28776,2005-08-31,"-47,54939583","-21,59110262",4326,500,1,26,1,0,Normal,"17,6","27,7",1,1,"27,35","27,7"
1,18,2,2,182,182,8319,8561,18,28776,2005-08-31,"-47,54939583","-21,59110262",4326,500,1,27,1,0,Normal,"13,27",25,1,1,"23,45",25
1,18,2,2,182,182,8320,8562,18,28776,2005-08-31,"-47,54939583","-21,59110262",4326,500,1,28,1,0,Normal,"16,71",27,1,1,"26,67",27
1,18,2,2,182,182,8321,8563,18,28776,2005-08-31,"-47,54939583","-21,59110262",4326,500,1,29,1,0,Normal,"13,05",,0,1,"23,2","23,2"
1,18,2,2,182,182,8322,8564,18,28776,2005-08-31,"-47,54939583","-21,59110262",4326,500,1,30,1,0,Normal,"16,62",,0,1,"26,6","26,6"
1,18,2,2,182,182,8323,8565,18,28776,2005-08-31,"-47,54939583","-21,59110262",4326,500,1,31,1,0,Normal,"16,49",,0,1,"26,49","26,49"
1,18,2,2,182,182,8324,8566,18,28776,2005-08-31,"-47,54939583","-21,59110262",4326,500,1,32,1,0,Normal,"15,09",,0,1,"25,28","25,28"
1,18,2,2,182,182,8325,8567,18,28776,2005-08-31,"-47,54939583","-21,59110262",4326,500,1,33,1,0,Normal,"13,69",,0,1,"23,9","23,9"
1,18,2,2,182,182,8326,8568,18,28776,2005-08-31,"-47,54939583","-21,59110262",4326,500,1,34,1,0,Normal,"14,39",,0,1,"24,62","24,62"
1,18,2,2,182,182,8327,8569,18,28776,2005-08-31,"-47,54939583","-21,59110262",4326,500,1,35,1,0,Normal,"17,83","27,1",1,1,"27,51","27,1"
1,18,2,2,182,182,8328,8570,18,28776,2005-08-31,"-47,54939583","-21,59110262",4326,500,1,36,1,1,Falha,0,,0,0,,
1,18,2,2,182,182,8329,8571,18,28776,2005-08-31,"-47,54939583","-21,59110262",4326,500,1,37,1,2,Dominante,"21,49","28,8",1,1,"29,78","28,8"
1,18,2,2,182,182,8330,8572,18,28776,2005-08-31,"-47,54939583","-21,59110262",4326,500,1,38,1,1,Falha,0,,0,0,,
1,18,2,2,182,182,8331,8573,18,28776,2005-08-31,"-47,54939583","-21,59110262",4326,500,1,39,1,0,Normal,"11,2",,0,1,"20,89","20,89"
1,18,2,2,182,182,8332,8574,18,28776,2005-08-31,"-47,54939583","-21,59110262",4326,500,1,40,1,0,Normal,"16,55",,0,1,"26,54","26,54"
1,18,2,2,182,182,8333,8575,18,28776,2005-08-31,"-47,54939583","-21,59110262",4326,500,1,41,1,0,Normal,"16,68",,0,1,"26,64","26,64"
1,18,2,2,182,182,8334,8576,18,28776,2005-08-31,"-47,54939583","-21,59110262",4326,500,1,42,1,2,Dominante,"19,99",29,1,1,"28,93",29
1,18,2,2,182,182,8335,8577,18,28776,2005-08-31,"-47,54939583","-21,59110262",4326,500,1,43,1,2,Dominante,"18,18","26,2",1,1,"27,76","26,2"
1,18,2,2,182,182,8336,8578,18,28776,2005-08-31,"-47,54939583","-21,59110262",4326,500,1,44,1,0,Normal,"14,48",,0,1,"24,71","24,71"
1,18,2,2,182,182,8337,8579,18,28776,2005-08-31,"-47,54939583","-21,59110262",4326,500,1,45,1,2,Dominante,"18,91",28,1,1,"28,25",28
1,18,2,2,182,182,8338,8580,18,28776,2005-08-31,"-47,54939583","-21,59110262",4326,500,1,46,1,0,Normal,"13,75",,0,1,"23,97","23,97"
1,18,2,2,182,182,8339,8581,18,28776,2005-08-31,"-47,54939583","-21,59110262",4326,500,1,47,1,0,Normal,"12,99",,0,1,"23,14","23,14"
1,18,2,2,182,182,8340,8582,18,28776,2005-08-31,"-47,54939583","-21,59110262",4326,500,1,48,1,0,Normal,"14,74",,0,1,"24,96","24,96"
1,18,2,2,183,183,8341,8583,18,28777,2005-08-31,"-47,54936848","-21,58954115",4326,500,1,1,1,0,Normal,"16,93",,0,1,"27,45","27,45"
1,18,2,2,183,183,8342,8584,18,28777,2005-08-31,"-47,54936848","-21,58954115",4326,500,1,2,1,0,Normal,"16,27",,0,1,"26,86","26,86"
1,18,2,2,183,183,8343,8585,18,28777,2005-08-31,"-47,54936848","-21,58954115",4326,500,1,3,1,0,Normal,"15,5",,0,1,"26,13","26,13"
1,18,2,2,183,183,8344,8586,18,28777,2005-08-31,"-47,54936848","-21,58954115",4326,500,1,4,1,0,Normal,"15,72",,0,1,"26,34","26,34"
1,18,2,2,183,183,8345,8587,18,28777,2005-08-31,"-47,54936848","-21,58954115",4326,500,1,5,1,0,Normal,"13,88",,0,1,"24,4","24,4"
1,18,2,2,183,183,8346,8588,18,28777,2005-08-31,"-47,54936848","-21,58954115",4326,500,1,6,1,0,Normal,"16,33",,0,1,"26,92","26,92"
1,18,2,2,183,183,8347,8589,18,28777,2005-08-31,"-47,54936848","-21,58954115",4326,500,1,7,1,0,Normal,"16,07",,0,1,"26,67","26,67"
1,18,2,2,183,183,8348,8590,18,28777,2005-08-31,"-47,54936848","-21,58954115",4326,500,1,8,1,2,Dominante,"19,74","28,5",1,1,"29,63","28,5"
1,18,2,2,183,183,8349,8591,18,28777,2005-08-31,"-47,54936848","-21,58954115",4326,500,1,9,1,0,Normal,"9,01",,0,1,"17,13","17,13"
1,18,2,2,183,183,8350,8592,18,28777,2005-08-31,"-47,54936848","-21,58954115",4326,500,1,10,1,0,Normal,"11,68",,0,1,"21,57","21,57"
1,18,2,2,183,183,8351,8593,18,28777,2005-08-31,"-47,54936848","-21,58954115",4326,500,1,11,1,0,Normal,"13,72",,0,1,"24,21","24,21"
1,18,2,2,183,183,8352,8594,18,28777,2005-08-31,"-47,54936848","-21,58954115",4326,500,1,12,1,0,Normal,"14,36",,0,1,"24,94","24,94"
1,18,2,2,183,183,8353,8595,18,28777,2005-08-31,"-47,54936848","-21,58954115",4326,500,1,13,1,2,Dominante,"18,78",29,1,1,"28,94",29
1,18,2,2,183,183,8354,8596,18,28777,2005-08-31,"-47,54936848","-21,58954115",4326,500,1,14,1,0,Normal,"12,1",,0,1,"22,16","22,16"
1,18,2,2,183,183,8355,8597,18,28777,2005-08-31,"-47,54936848","-21,58954115",4326,500,1,15,1,0,Normal,"18,56",,0,1,"28,78","28,78"
1,18,2,2,183,183,8356,8598,18,28777,2005-08-31,"-47,54936848","-21,58954115",4326,500,1,16,1,0,Normal,"15,76","27,5",1,1,"26,38","27,5"
1,18,2,2,183,183,8357,8599,18,28777,2005-08-31,"-47,54936848","-21,58954115",4326,500,1,17,1,0,Normal,"16,07",27,1,1,"26,67",27
1,18,2,2,183,183,8358,8600,18,28777,2005-08-31,"-47,54936848","-21,58954115",4326,500,1,18,1,0,Normal,"14,64","26,6",1,1,"25,24","26,6"
1,18,2,2,183,183,8359,8601,18,28777,2005-08-31,"-47,54936848","-21,58954115",4326,500,1,19,1,2,Dominante,"18,81","28,5",1,1,"28,96","28,5"
1,18,2,2,183,183,8360,8602,18,28777,2005-08-31,"-47,54936848","-21,58954115",4326,500,1,20,1,2,Dominante,"19,45","29,9",1,1,"29,43","29,9"
1,18,2,2,183,183,8361,8603,18,28777,2005-08-31,"-47,54936848","-21,58954115",4326,500,1,21,1,0,Normal,"11,75","20,7",1,1,"21,67","20,7"
1,18,2,2,183,183,8362,8604,18,28777,2005-08-31,"-47,54936848","-21,58954115",4326,500,1,22,1,0,Normal,"12,03","22,5",1,1,"22,06","22,5"
1,18,2,2,183,183,8363,8605,18,28777,2005-08-31,"-47,54936848","-21,58954115",4326,500,1,23,1,0,Normal,"18,3",28,1,1,"28,58",28
1,18,2,2,183,183,8364,8606,18,28777,2005-08-31,"-47,54936848","-21,58954115",4326,500,1,24,1,0,Normal,"18,11",29,1,1,"28,43",29
1,18,2,2,183,183,8365,8607,18,28777,2005-08-31,"-47,54936848","-21,58954115",4326,500,1,25,1,0,Normal,"14,23",24,1,1,"24,79",24
1,18,2,2,183,183,8366,8608,18,28777,2005-08-31,"-47,54936848","-21,58954115",4326,500,1,26,1,0,Normal,"18,08","28,1",1,1,"28,4","28,1"
1,18,2,2,183,183,8367,8609,18,28777,2005-08-31,"-47,54936848","-21,58954115",4326,500,1,27,1,2,Dominante,"18,68",29,1,1,"28,87",29
1,18,2,2,183,183,8368,8610,18,28777,2005-08-31,"-47,54936848","-21,58954115",4326,500,1,28,1,0,Normal,"15,5",,0,1,"26,13","26,13"
1,18,2,2,183,183,8369,8611,18,28777,2005-08-31,"-47,54936848","-21,58954115",4326,500,1,29,1,0,Normal,"11,59",,0,1,"21,44","21,44"
1,18,2,2,183,183,8370,8612,18,28777,2005-08-31,"-47,54936848","-21,58954115",4326,500,1,30,1,0,Normal,"16,71",,0,1,"27,26","27,26"
1,18,2,2,183,183,8371,8613,18,28777,2005-08-31,"-47,54936848","-21,58954115",4326,500,1,31,1,0,Normal,"16,68",,0,1,"27,23","27,23"
1,18,2,2,183,183,8372,8614,18,28777,2005-08-31,"-47,54936848","-21,58954115",4326,500,1,32,1,0,Normal,"18,08",,0,1,"28,4","28,4"
1,18,2,2,183,183,8373,8615,18,28777,2005-08-31,"-47,54936848","-21,58954115",4326,500,1,33,1,0,Normal,"18,18",,0,1,"28,48","28,48"
1,18,2,2,183,183,8374,8616,18,28777,2005-08-31,"-47,54936848","-21,58954115",4326,500,1,34,1,0,Normal,"6,05",,0,1,"10,46","10,46"
1,18,2,2,183,183,8375,8617,18,28777,2005-08-31,"-47,54936848","-21,58954115",4326,500,1,35,1,0,Normal,"14,26",,0,1,"24,83","24,83"
1,18,2,2,183,183,8376,8618,18,28777,2005-08-31,"-47,54936848","-21,58954115",4326,500,1,36,1,0,Normal,"18,11",,0,1,"28,43","28,43"
1,18,2,2,183,183,8377,8619,18,28777,2005-08-31,"-47,54936848","-21,58954115",4326,500,1,37,1,0,Normal,"18,46","28,4",1,1,"28,7","28,4"
1,18,2,2,183,183,8378,8620,18,28777,2005-08-31,"-47,54936848","-21,58954115",4326,500,1,38,1,0,Normal,"15,6",,0,1,"26,22","26,22"
1,18,2,2,183,183,8379,8621,18,28777,2005-08-31,"-47,54936848","-21,58954115",4326,500,1,39,1,0,Normal,"17,06",,0,1,"27,56","27,56"
1,18,2,2,183,183,8380,8622,18,28777,2005-08-31,"-47,54936848","-21,58954115",4326,500,1,40,1,0,Normal,"15,22",,0,1,"25,85","25,85"
1,18,2,2,183,183,8381,8623,18,28777,2005-08-31,"-47,54936848","-21,58954115",4326,500,1,41,1,0,Normal,"16,62",,0,1,"27,18","27,18"
1,18,2,2,183,183,8382,8624,18,28777,2005-08-31,"-47,54936848","-21,58954115",4326,500,1,42,1,0,Normal,"13,11",,0,1,"23,48","23,48"
1,18,2,2,183,183,8383,8625,18,28777,2005-08-31,"-47,54936848","-21,58954115",4326,500,1,43,1,0,Normal,"16,46",,0,1,"27,03","27,03"
1,18,2,2,183,183,8384,8626,18,28777,2005-08-31,"-47,54936848","-21,58954115",4326,500,1,44,1,3,Bifurcada Abaixo,"7,51",,0,1,"14,01","14,01"
1,18,2,2,183,183,8384,8627,18,28777,2005-08-31,"-47,54936848","-21,58954115",4326,500,1,44,2,3,Bifurcada Abaixo,"14,87",,0,1,"25,48","25,48"
1,19,2,2,185,185,8434,8678,19,28780,2005-08-31,"-47,55941346","-21,59094896",4326,500,1,1,1,0,Normal,"18,3",,0,1,25,25
1,19,2,2,185,185,8435,8679,19,28780,2005-08-31,"-47,55941346","-21,59094896",4326,500,1,2,1,0,Normal,"15,28",,0,1,"22,51","22,51"
1,19,2,2,185,185,8436,8680,19,28780,2005-08-31,"-47,55941346","-21,59094896",4326,500,1,3,1,0,Normal,"15,92",,0,1,"23,09","23,09"
1,19,2,2,185,185,8437,8681,19,28780,2005-08-31,"-47,55941346","-21,59094896",4326,500,1,4,1,0,Normal,"15,12",,0,1,"22,36","22,36"
1,19,2,2,185,185,8438,8682,19,28780,2005-08-31,"-47,55941346","-21,59094896",4326,500,1,5,1,0,Normal,"19,1",,0,1,"25,56","25,56"
1,19,2,2,185,185,8439,8683,19,28780,2005-08-31,"-47,55941346","-21,59094896",4326,500,1,6,1,0,Normal,"8,63",,0,1,"13,79","13,79"
1,19,2,2,185,185,8440,8684,19,28780,2005-08-31,"-47,55941346","-21,59094896",4326,500,1,7,1,0,Normal,"14,16",,0,1,"21,4","21,4"
1,19,2,2,185,185,8441,8685,19,28780,2005-08-31,"-47,55941346","-21,59094896",4326,500,1,8,1,0,Normal,"15,92",,0,1,"23,09","23,09"
1,19,2,2,185,185,8442,8686,19,28780,2005-08-31,"-47,55941346","-21,59094896",4326,500,1,9,1,0,Normal,"15,85",,0,1,"23,03","23,03"
1,19,2,2,185,185,8443,8687,19,28780,2005-08-31,"-47,55941346","-21,59094896",4326,500,1,10,1,0,Normal,"14,32",,0,1,"21,57","21,57"
1,19,2,2,185,185,8444,8688,19,28780,2005-08-31,"-47,55941346","-21,59094896",4326,500,1,11,1,0,Normal,"10,82",,0,1,"17,32","17,32"
1,19,2,2,185,185,8445,8689,19,28780,2005-08-31,"-47,55941346","-21,59094896",4326,500,1,12,1,0,Normal,"13,94",,0,1,"21,17","21,17"
1,19,2,2,185,185,8446,8690,19,28780,2005-08-31,"-47,55941346","-21,59094896",4326,500,1,13,1,0,Normal,"16,97",,0,1,"23,98","23,98"
1,19,2,2,185,185,8447,8691,19,28780,2005-08-31,"-47,55941346","-21,59094896",4326,500,1,14,1,2,Dominante,"20,69","27,1",1,1,"26,58","27,1"
1,19,2,2,185,185,8448,8692,19,28780,2005-08-31,"-47,55941346","-21,59094896",4326,500,1,15,1,0,Normal,"16,46",,0,1,"23,56","23,56"
1,19,2,2,185,185,8449,8693,19,28780,2005-08-31,"-47,55941346","-21,59094896",4326,500,1,16,1,0,Normal,"18,62","25,8",1,1,"25,23","25,8"
1,19,2,2,185,185,8450,8694,19,28780,2005-08-31,"-47,55941346","-21,59094896",4326,500,1,17,1,0,Normal,"20,05","25,6",1,1,"26,18","25,6"
1,19,2,2,185,185,8451,8695,19,28780,2005-08-31,"-47,55941346","-21,59094896",4326,500,1,18,1,0,Normal,"14,96","22,3",1,1,"22,2","22,3"
1,19,2,2,185,185,8452,8696,19,28780,2005-08-31,"-47,55941346","-21,59094896",4326,500,1,19,1,0,Normal,"8,5","12,2",1,1,"13,56","12,2"
1,19,2,2,185,185,8453,8697,19,28780,2005-08-31,"-47,55941346","-21,59094896",4326,500,1,20,1,0,Normal,"16,55","24,2",1,1,"23,63","24,2"
1,19,2,2,185,185,8454,8698,19,28780,2005-08-31,"-47,55941346","-21,59094896",4326,500,1,21,1,0,Normal,"13,4","21,9",1,1,"20,59","21,9"
1,19,2,2,185,185,8455,8699,19,28780,2005-08-31,"-47,55941346","-21,59094896",4326,500,1,22,1,0,Normal,19,"25,5",1,1,"25,49","25,5"
1,19,2,2,185,185,8456,8700,19,28780,2005-08-31,"-47,55941346","-21,59094896",4326,500,1,23,1,0,Normal,"18,78","24,7",1,1,"25,34","24,7"
1,19,2,2,185,185,8457,8701,19,28780,2005-08-31,"-47,55941346","-21,59094896",4326,500,1,24,1,0,Normal,"15,34","22,2",1,1,"22,56","22,2"
1,19,2,2,185,185,8458,8702,19,28780,2005-08-31,"-47,55941346","-21,59094896",4326,500,1,25,1,0,Normal,"9,36","16,4",1,1,"15,06","16,4"
1,19,2,2,185,185,8459,8703,19,28780,2005-08-31,"-47,55941346","-21,59094896",4326,500,1,26,1,0,Normal,"14,29",,0,1,"21,54","21,54"
1,19,2,2,185,185,8460,8704,19,28780,2005-08-31,"-47,55941346","-21,59094896",4326,500,1,27,1,0,Normal,"13,78",,0,1,21,21
1,19,2,2,185,185,8461,8705,19,28780,2005-08-31,"-47,55941346","-21,59094896",4326,500,1,28,1,0,Normal,"19,45",,0,1,"25,79","25,79"
1,19,2,2,185,185,8462,8706,19,28780,2005-08-31,"-47,55941346","-21,59094896",4326,500,1,29,1,1,Falha,0,,0,0,,
1,19,2,2,185,185,8463,8707,19,28780,2005-08-31,"-47,55941346","-21,59094896",4326,500,1,30,1,2,Dominante,"22,19","26,6",1,1,"27,43","26,6"
1,19,2,2,185,185,8464,8708,19,28780,2005-08-31,"-47,55941346","-21,59094896",4326,500,1,31,1,2,Dominante,"23,55","26,8",1,1,"28,14","26,8"
1,19,2,2,185,185,8465,8709,19,28780,2005-08-31,"-47,55941346","-21,59094896",4326,500,1,32,1,0,Normal,"13,69",,0,1,"20,91","20,91"
1,19,2,2,185,185,8466,8710,19,28780,2005-08-31,"-47,55941346","-21,59094896",4326,500,1,33,1,2,Dominante,"20,28","26,6",1,1,"26,33","26,6"
1,19,2,2,185,185,8467,8711,19,28780,2005-08-31,"-47,55941346","-21,59094896",4326,500,1,34,1,0,Normal,"16,33",,0,1,"23,45","23,45"
1,19,2,2,185,185,8468,8712,19,28780,2005-08-31,"-47,55941346","-21,59094896",4326,500,1,35,1,0,Normal,"12,99",,0,1,"20,12","20,12"
1,19,2,2,185,185,8469,8713,19,28780,2005-08-31,"-47,55941346","-21,59094896",4326,500,1,36,1,2,Dominante,"20,85","26,8",1,1,"26,67","26,8"
1,19,2,2,185,185,8470,8714,19,28780,2005-08-31,"-47,55941346","-21,59094896",4326,500,1,37,1,0,Normal,"18,18",,0,1,"24,91","24,91"
1,19,2,2,185,185,8471,8715,19,28780,2005-08-31,"-47,55941346","-21,59094896",4326,500,1,38,1,0,Normal,"18,78",,0,1,"25,34","25,34"
1,19,2,2,185,185,8472,8716,19,28780,2005-08-31,"-47,55941346","-21,59094896",4326,500,1,39,1,0,Normal,"19,8",,0,1,"26,02","26,02"
1,19,2,2,185,185,8473,8717,19,28780,2005-08-31,"-47,55941346","-21,59094896",4326,500,1,40,1,0,Normal,"13,59",,0,1,"20,8","20,8"
1,19,2,2,185,185,8474,8718,19,28780,2005-08-31,"-47,55941346","-21,59094896",4326,500,1,41,1,0,Normal,"16,55",,0,1,"23,63","23,63"
1,19,2,2,185,185,8475,8719,19,28780,2005-08-31,"-47,55941346","-21,59094896",4326,500,1,42,1,0,Normal,"17,54",,0,1,"24,43","24,43"
1,19,2,2,185,185,8476,8720,19,28780,2005-08-31,"-47,55941346","-21,59094896",4326,500,1,43,1,0,Normal,"18,72",,0,1,"25,3","25,3"
1,19,2,2,186,186,8477,8721,19,28781,2005-08-31,"-47,55941496","-21,58938706",4326,500,1,1,1,2,Dominante,"18,14","27,2",1,1,"27,26","27,2"
1,19,2,2,186,186,8478,8722,19,28781,2005-08-31,"-47,55941496","-21,58938706",4326,500,1,2,1,0,Normal,"14,87",,0,1,"25,18","25,18"
1,19,2,2,186,186,8479,8723,19,28781,2005-08-31,"-47,55941496","-21,58938706",4326,500,1,3,1,0,Normal,"12,41",,0,1,"23,07","23,07"
1,19,2,2,186,186,8480,8724,19,28781,2005-08-31,"-47,55941496","-21,58938706",4326,500,1,4,1,0,Normal,"13,05",,0,1,"23,67","23,67"
1,19,2,2,186,186,8481,8725,19,28781,2005-08-31,"-47,55941496","-21,58938706",4326,500,1,5,1,2,Dominante,"17,83","26,6",1,1,"27,09","26,6"
1,19,2,2,186,186,8482,8726,19,28781,2005-08-31,"-47,55941496","-21,58938706",4326,500,1,6,1,0,Normal,"11,71",,0,1,"22,35","22,35"
1,19,2,2,186,186,8483,8727,19,28781,2005-08-31,"-47,55941496","-21,58938706",4326,500,1,7,1,0,Normal,"16,17",,0,1,"26,08","26,08"
1,19,2,2,186,186,8484,8728,19,28781,2005-08-31,"-47,55941496","-21,58938706",4326,500,1,8,1,0,Normal,"13,34",,0,1,"23,93","23,93"
1,19,2,2,186,186,8485,8729,19,28781,2005-08-31,"-47,55941496","-21,58938706",4326,500,1,9,1,0,Normal,"15,92",,0,1,"25,92","25,92"
1,19,2,2,186,186,8486,8730,19,28781,2005-08-31,"-47,55941496","-21,58938706",4326,500,1,10,1,0,Normal,"17,19",,0,1,"26,72","26,72"
1,19,2,2,186,186,8487,8731,19,28781,2005-08-31,"-47,55941496","-21,58938706",4326,500,1,11,1,0,Normal,"16,01",,0,1,"25,98","25,98"
1,19,2,2,186,186,8488,8732,19,28781,2005-08-31,"-47,55941496","-21,58938706",4326,500,1,12,1,0,Normal,"10,82",,0,1,"21,34","21,34"
1,19,2,2,186,186,8489,8733,19,28781,2005-08-31,"-47,55941496","-21,58938706",4326,500,1,13,1,0,Normal,"17,51",,0,1,"26,91","26,91"
1,19,2,2,186,186,8490,8734,19,28781,2005-08-31,"-47,55941496","-21,58938706",4326,500,1,14,1,0,Normal,"14,48",,0,1,"24,88","24,88"
1,19,2,2,186,186,8491,8735,19,28781,2005-08-31,"-47,55941496","-21,58938706",4326,500,1,15,1,0,Normal,"10,19",,0,1,"20,55","20,55"
1,19,2,2,186,186,8492,8736,19,28781,2005-08-31,"-47,55941496","-21,58938706",4326,500,1,16,1,0,Normal,"6,68",,0,1,"14,65","14,65"
1,19,2,2,186,186,8493,8737,19,28781,2005-08-31,"-47,55941496","-21,58938706",4326,500,1,17,1,2,Dominante,"17,98","25,6",1,1,"27,17","25,6"
1,19,2,2,186,186,8494,8738,19,28781,2005-08-31,"-47,55941496","-21,58938706",4326,500,1,18,1,0,Normal,"12,73","23,2",1,1,"23,37","23,2"
1,19,2,2,186,186,8495,8739,19,28781,2005-08-31,"-47,55941496","-21,58938706",4326,500,1,19,1,0,Normal,"13,37",25,1,1,"23,96",25
1,19,2,2,186,186,8496,8740,19,28781,2005-08-31,"-47,55941496","-21,58938706",4326,500,1,20,1,0,Normal,"17,03",26,1,1,"26,63",26
1,19,2,2,186,186,8497,8741,19,28781,2005-08-31,"-47,55941496","-21,58938706",4326,500,1,21,1,0,Normal,"15,79","26,2",1,1,"25,83","26,2"
1,19,2,2,186,186,8498,8742,19,28781,2005-08-31,"-47,55941496","-21,58938706",4326,500,1,22,1,0,Normal,"11,4","21,2",1,1,"22,01","21,2"
1,19,2,2,186,186,8499,8743,19,28781,2005-08-31,"-47,55941496","-21,58938706",4326,500,1,23,1,4,Quebrada,"17,03","22,6",0,0,"26,63","22,6"
1,19,2,2,186,186,8500,8744,19,28781,2005-08-31,"-47,55941496","-21,58938706",4326,500,1,24,1,2,Dominante,"18,78","27,8",1,1,"27,6","27,8"
1,19,2,2,186,186,8501,8745,19,28781,2005-08-31,"-47,55941496","-21,58938706",4326,500,1,25,1,0,Normal,"15,85","26,6",1,1,"25,87","26,6"
1,19,2,2,186,186,8502,8746,19,28781,2005-08-31,"-47,55941496","-21,58938706",4326,500,1,26,1,0,Normal,"16,23","26,3",1,1,"26,12","26,3"
1,19,2,2,186,186,8503,8747,19,28781,2005-08-31,"-47,55941496","-21,58938706",4326,500,1,27,1,0,Normal,"13,53","24,4",1,1,"24,1","24,4"
1,19,2,2,186,186,8504,8748,19,28781,2005-08-31,"-47,55941496","-21,58938706",4326,500,1,28,1,0,Normal,"17,44","26,9",1,1,"26,87","26,9"
1,19,2,2,186,186,8505,8749,19,28781,2005-08-31,"-47,55941496","-21,58938706",4326,500,1,29,1,0,Normal,"13,37",,0,1,"23,96","23,96"
1,19,2,2,186,186,8506,8750,19,28781,2005-08-31,"-47,55941496","-21,58938706",4326,500,1,30,1,0,Normal,"15,34",,0,1,"25,52","25,52"
1,19,2,2,186,186,8507,8751,19,28781,2005-08-31,"-47,55941496","-21,58938706",4326,500,1,31,1,0,Normal,"13,11",,0,1,"23,73","23,73"
1,19,2,2,186,186,8508,8752,19,28781,2005-08-31,"-47,55941496","-21,58938706",4326,500,1,32,1,0,Normal,"12,51",,0,1,"23,16","23,16"
1,19,2,2,186,186,8509,8753,19,28781,2005-08-31,"-47,55941496","-21,58938706",4326,500,1,33,1,0,Normal,"12,1",,0,1,"22,75","22,75"
1,19,2,2,186,186,8510,8754,19,28781,2005-08-31,"-47,55941496","-21,58938706",4326,500,1,34,1,0,Normal,"14,77",,0,1,"25,1","25,1"
1,19,2,2,186,186,8511,8755,19,28781,2005-08-31,"-47,55941496","-21,58938706",4326,500,1,35,1,0,Normal,"14,32",,0,1,"24,75","24,75"
1,19,2,2,186,186,8512,8756,19,28781,2005-08-31,"-47,55941496","-21,58938706",4326,500,1,36,1,0,Normal,"11,78",,0,1,"22,42","22,42"
1,19,2,2,186,186,8513,8757,19,28781,2005-08-31,"-47,55941496","-21,58938706",4326,500,1,37,1,0,Normal,"15,47",,0,1,"25,61","25,61"
1,19,2,2,186,186,8514,8758,19,28781,2005-08-31,"-47,55941496","-21,58938706",4326,500,1,38,1,0,Normal,"16,68",,0,1,"26,41","26,41"
1,19,2,2,186,186,8515,8759,19,28781,2005-08-31,"-47,55941496","-21,58938706",4326,500,1,39,1,0,Normal,"12,73",,0,1,"23,37","23,37"
1,19,2,2,186,186,8516,8760,19,28781,2005-08-31,"-47,55941496","-21,58938706",4326,500,1,40,1,0,Normal,"14,48",,0,1,"24,88","24,88"
1,19,2,2,186,186,8517,8761,19,28781,2005-08-31,"-47,55941496","-21,58938706",4326,500,1,41,1,1,Falha,0,,0,0,,
1,19,2,2,186,186,8518,8762,19,28781,2005-08-31,"-47,55941496","-21,58938706",4326,500,1,42,1,0,Normal,"17,19",,0,1,"26,72","26,72"
1,19,2,2,186,186,8519,8763,19,28781,2005-08-31,"-47,55941496","-21,58938706",4326,500,1,43,1,0,Normal,"16,33",,0,1,"26,19","26,19"
1,19,2,2,186,186,8520,8764,19,28781,2005-08-31,"-47,55941496","-21,58938706",4326,500,1,44,1,2,Dominante,"17,76","27,9",1,1,"27,05","27,9"
1,19,2,2,186,186,8521,8765,19,28781,2005-08-31,"-47,55941496","-21,58938706",4326,500,1,45,1,0,Normal,"10,35",,0,1,"20,76","20,76"
1,19,2,2,187,187,8522,8766,19,28782,2005-08-31,"-47,56099915","-21,58780083",4326,500,1,1,1,0,Normal,"14,96",,0,1,"23,53","23,53"
1,19,2,2,187,187,8523,8767,19,28782,2005-08-31,"-47,56099915","-21,58780083",4326,500,1,2,1,0,Normal,"12,45",,0,1,"21,79","21,79"
1,19,2,2,187,187,8524,8768,19,28782,2005-08-31,"-47,56099915","-21,58780083",4326,500,1,3,1,0,Normal,"14,96",,0,1,"23,53","23,53"
1,19,2,2,187,187,8525,8769,19,28782,2005-08-31,"-47,56099915","-21,58780083",4326,500,1,4,1,0,Normal,"14,01",,0,1,"22,93","22,93"
1,19,2,2,187,187,8526,8770,19,28782,2005-08-31,"-47,56099915","-21,58780083",4326,500,1,5,1,0,Normal,"8,31",,0,1,"17,33","17,33"
1,19,2,2,187,187,8527,8771,19,28782,2005-08-31,"-47,56099915","-21,58780083",4326,500,1,6,1,2,Dominante,"16,23","23,9",1,1,"24,25","23,9"
1,19,2,2,187,187,8528,8772,19,28782,2005-08-31,"-47,56099915","-21,58780083",4326,500,1,7,1,2,Dominante,"15,92","24,9",1,1,"24,08","24,9"
1,19,2,2,187,187,8529,8773,19,28782,2005-08-31,"-47,56099915","-21,58780083",4326,500,1,8,1,0,Normal,"11,52",,0,1,"20,99","20,99"
1,19,2,2,187,187,8530,8774,19,28782,2005-08-31,"-47,56099915","-21,58780083",4326,500,1,9,1,0,Normal,"10,5",,0,1,"20,01","20,01"
1,19,2,2,187,187,8531,8775,19,28782,2005-08-31,"-47,56099915","-21,58780083",4326,500,1,10,1,2,Dominante,"16,71","24,5",1,1,"24,49","24,5"
1,19,2,2,187,187,8532,8776,19,28782,2005-08-31,"-47,56099915","-21,58780083",4326,500,1,11,1,0,Normal,"15,6",,0,1,"23,9","23,9"
1,19,2,2,187,187,8533,8777,19,28782,2005-08-31,"-47,56099915","-21,58780083",4326,500,1,12,1,0,Normal,"15,66",,0,1,"23,94","23,94"
1,19,2,2,187,187,8534,8778,19,28782,2005-08-31,"-47,56099915","-21,58780083",4326,500,1,13,1,0,Normal,"14,96",,0,1,"23,53","23,53"
1,19,2,2,187,187,8535,8779,19,28782,2005-08-31,"-47,56099915","-21,58780083",4326,500,1,14,1,0,Normal,"10,66",,0,1,"20,17","20,17"
1,19,2,2,187,187,8536,8780,19,28782,2005-08-31,"-47,56099915","-21,58780083",4326,500,1,15,1,2,Dominante,"16,36","23,5",1,1,"24,31","23,5"
1,19,2,2,187,187,8537,8781,19,28782,2005-08-31,"-47,56099915","-21,58780083",4326,500,1,16,1,0,Normal,"10,82",,0,1,"20,33","20,33"
1,19,2,2,187,187,8538,8782,19,28782,2005-08-31,"-47,56099915","-21,58780083",4326,500,1,17,1,0,Normal,"11,08",,0,1,"20,58","20,58"
1,19,2,2,187,187,8539,8783,19,28782,2005-08-31,"-47,56099915","-21,58780083",4326,500,1,18,1,0,Normal,"10,89",,0,1,"20,4","20,4"
1,19,2,2,187,187,8540,8784,19,28782,2005-08-31,"-47,56099915","-21,58780083",4326,500,1,19,1,0,Normal,"13,11",,0,1,"22,3","22,3"
1,19,2,2,187,187,8541,8785,19,28782,2005-08-31,"-47,56099915","-21,58780083",4326,500,1,20,1,0,Normal,"13,05",,0,1,"22,25","22,25"
1,19,2,2,187,187,8542,8786,19,28782,2005-08-31,"-47,56099915","-21,58780083",4326,500,1,21,1,0,Normal,"12,57",,0,1,"21,88","21,88"
1,19,2,2,187,187,8543,8787,19,28782,2005-08-31,"-47,56099915","-21,58780083",4326,500,1,22,1,0,Normal,"12,35",,0,1,"21,71","21,71"
1,19,2,2,187,187,8544,8788,19,28782,2005-08-31,"-47,56099915","-21,58780083",4326,500,1,23,1,2,Dominante,"16,23","24,7",1,1,"24,25","24,7"
1,19,2,2,187,187,8545,8789,19,28782,2005-08-31,"-47,56099915","-21,58780083",4326,500,1,24,1,0,Normal,"15,02",,0,1,"23,57","23,57"
1,19,2,2,187,187,8546,8790,19,28782,2005-08-31,"-47,56099915","-21,58780083",4326,500,1,25,1,0,Normal,"8,28",,0,1,"17,29","17,29"
1,19,2,2,187,187,8547,8791,19,28782,2005-08-31,"-47,56099915","-21,58780083",4326,500,1,26,1,0,Normal,"12,99",,0,1,"22,21","22,21"
1,19,2,2,187,187,8548,8792,19,28782,2005-08-31,"-47,56099915","-21,58780083",4326,500,1,27,1,0,Normal,"13,37","23,5",1,1,"22,49","23,5"
1,19,2,2,187,187,8549,8793,19,28782,2005-08-31,"-47,56099915","-21,58780083",4326,500,1,28,1,0,Normal,"14,01","23,3",1,1,"22,93","23,3"
1,19,2,2,187,187,8550,8794,19,28782,2005-08-31,"-47,56099915","-21,58780083",4326,500,1,29,1,0,Normal,"14,64","23,6",1,1,"23,34","23,6"
1,19,2,2,187,187,8551,8795,19,28782,2005-08-31,"-47,56099915","-21,58780083",4326,500,1,30,1,0,Normal,"9,55","19,8",1,1,"18,95","19,8"
1,19,2,2,187,187,8552,8796,19,28782,2005-08-31,"-47,56099915","-21,58780083",4326,500,1,31,1,0,Normal,"13,37","22,7",1,1,"22,49","22,7"
1,19,2,2,187,187,8553,8797,19,28782,2005-08-31,"-47,56099915","-21,58780083",4326,500,1,32,1,0,Normal,"8,44","17,2",1,1,"17,52","17,2"
1,19,2,2,187,187,8554,8798,19,28782,2005-08-31,"-47,56099915","-21,58780083",4326,500,1,33,1,0,Normal,"8,91",18,1,1,"18,15",18
1,19,2,2,187,187,8555,8799,19,28782,2005-08-31,"-47,56099915","-21,58780083",4326,500,1,34,1,0,Normal,"11,62","20,5",1,1,"21,08","20,5"
1,19,2,2,187,187,8556,8800,19,28782,2005-08-31,"-47,56099915","-21,58780083",4326,500,1,35,1,0,Normal,"13,69","21,9",1,1,"22,71","21,9"
1,19,2,2,187,187,8557,8801,19,28782,2005-08-31,"-47,56099915","-21,58780083",4326,500,1,36,1,0,Normal,"14,04",22,1,1,"22,95",22
1,19,2,2,187,187,8558,8802,19,28782,2005-08-31,"-47,56099915","-21,58780083",4326,500,1,37,1,0,Normal,"10,5",,0,1,"20,01","20,01"
1,19,2,2,187,187,8559,8803,19,28782,2005-08-31,"-47,56099915","-21,58780083",4326,500,1,38,1,0,Normal,"13,05",,0,1,"22,25","22,25"
1,19,2,2,187,187,8560,8804,19,28782,2005-08-31,"-47,56099915","-21,58780083",4326,500,1,39,1,0,Normal,"13,85",,0,1,"22,82","22,82"
1,19,2,2,187,187,8561,8805,19,28782,2005-08-31,"-47,56099915","-21,58780083",4326,500,1,40,1,0,Normal,"15,22",,0,1,"23,69","23,69"
1,19,2,2,187,187,8562,8806,19,28782,2005-08-31,"-47,56099915","-21,58780083",4326,500,1,41,1,0,Normal,"11,14",,0,1,"20,64","20,64"
1,19,2,2,187,187,8563,8807,19,28782,2005-08-31,"-47,56099915","-21,58780083",4326,500,1,42,1,0,Normal,"14,04",,0,1,"22,95","22,95"
1,19,2,2,187,187,8564,8808,19,28782,2005-08-31,"-47,56099915","-21,58780083",4326,500,1,43,1,0,Normal,"15,6",,0,1,"23,9","23,9"
1,19,2,2,187,187,8565,8809,19,28782,2005-08-31,"-47,56099915","-21,58780083",4326,500,1,44,1,0,Normal,"12,99",,0,1,"22,21","22,21"
1,19,2,2,187,187,8566,8810,19,28782,2005-08-31,"-47,56099915","-21,58780083",4326,500,1,45,1,0,Normal,"14,96","23,5",1,1,"23,53","23,5"
1,19,2,2,187,187,8567,8811,19,28782,2005-08-31,"-47,56099915","-21,58780083",4326,500,1,46,1,0,Normal,"10,19",,0,1,"19,68","19,68"
1,19,2,2,187,187,8568,8812,19,28782,2005-08-31,"-47,56099915","-21,58780083",4326,500,1,47,1,0,Normal,"13,85",,0,1,"22,82","22,82"
1,19,2,2,187,187,8569,8813,19,28782,2005-08-31,"-47,56099915","-21,58780083",4326,500,1,48,1,0,Normal,"14,64",,0,1,"23,34","23,34"
1,19,2,2,187,187,8570,8814,19,28782,2005-08-31,"-47,56099915","-21,58780083",4326,500,1,49,1,0,Normal,"10,19",,0,1,"19,68","19,68"
1,19,2,2,187,187,8571,8815,19,28782,2005-08-31,"-47,56099915","-21,58780083",4326,500,1,50,1,0,Normal,"13,94",,0,1,"22,88","22,88"
1,19,2,2,187,187,8572,8816,19,28782,2005-08-31,"-47,56099915","-21,58780083",4326,500,1,51,1,0,Normal,"12,41",,0,1,"21,75","21,75"
1,19,2,2,187,187,8573,8817,19,28782,2005-08-31,"-47,56099915","-21,58780083",4326,500,1,52,1,0,Normal,"14,32",,0,1,"23,13","23,13"
1,19,2,2,187,187,8574,8818,19,28782,2005-08-31,"-47,56099915","-21,58780083",4326,500,1,53,1,0,Normal,"14,32",,0,1,"23,13","23,13"
1,19,2,2,187,187,8575,8819,19,28782,2005-08-31,"-47,56099915","-21,58780083",4326,500,1,54,1,0,Normal,"8,98",,0,1,"18,24","18,24"
1,19,2,2,187,187,8576,8820,19,28782,2005-08-31,"-47,56099915","-21,58780083",4326,500,1,55,1,0,Normal,"6,02",,0,1,"13,34","13,34"
1,19,2,2,187,187,8577,8821,19,28782,2005-08-31,"-47,56099915","-21,58780083",4326,500,1,56,1,0,Normal,"12,73",,0,1,"22,01","22,01"
1,19,2,2,187,187,8578,8822,19,28782,2005-08-31,"-47,56099915","-21,58780083",4326,500,1,57,1,0,Normal,"12,41",,0,1,"21,75","21,75"
1,19,2,2,188,188,8579,8823,19,28783,2005-08-31,"-47,56156036","-21,58623032",4326,500,1,1,1,0,Normal,"12,19",,0,1,"21,6","21,6"
1,19,2,2,188,188,8580,8824,19,28783,2005-08-31,"-47,56156036","-21,58623032",4326,500,1,2,1,0,Normal,"16,42",,0,1,"25,48","25,48"
1,19,2,2,188,188,8581,8825,19,28783,2005-08-31,"-47,56156036","-21,58623032",4326,500,1,3,1,0,Normal,"14,83",,0,1,"24,21","24,21"
1,19,2,2,188,188,8582,8826,19,28783,2005-08-31,"-47,56156036","-21,58623032",4326,500,1,4,1,2,Dominante,"17,63","25,8",1,1,"26,33","25,8"
1,19,2,2,188,188,8583,8827,19,28783,2005-08-31,"-47,56156036","-21,58623032",4326,500,1,5,1,2,Dominante,"17,92",25,1,1,"26,52",25
1,19,2,2,188,188,8584,8828,19,28783,2005-08-31,"-47,56156036","-21,58623032",4326,500,1,6,1,0,Normal,"7,61",,0,1,"14,67","14,67"
1,19,2,2,188,188,8585,8829,19,28783,2005-08-31,"-47,56156036","-21,58623032",4326,500,1,7,1,0,Normal,"16,14",,0,1,"25,27","25,27"
1,19,2,2,188,188,8586,8830,19,28783,2005-08-31,"-47,56156036","-21,58623032",4326,500,1,8,1,0,Normal,"15,69",,0,1,"24,92","24,92"
1,19,2,2,188,188,8587,8831,19,28783,2005-08-31,"-47,56156036","-21,58623032",4326,500,1,9,1,0,Normal,"10,35",,0,1,"19,26","19,26"
1,19,2,2,188,188,8588,8832,19,28783,2005-08-31,"-47,56156036","-21,58623032",4326,500,1,10,1,0,Normal,"11,2",,0,1,"20,4","20,4"
1,19,2,2,188,188,8589,8833,19,28783,2005-08-31,"-47,56156036","-21,58623032",4326,500,1,11,1,2,Dominante,"17,38",26,1,1,"26,16",26
1,19,2,2,188,188,8590,8834,19,28783,2005-08-31,"-47,56156036","-21,58623032",4326,500,1,12,1,0,Normal,"15,25",,0,1,"24,57","24,57"
1,19,2,2,188,188,8591,8835,19,28783,2005-08-31,"-47,56156036","-21,58623032",4326,500,1,13,1,2,Dominante,"18,46",26,1,1,"26,86",26
1,19,2,2,188,188,8592,8836,19,28783,2005-08-31,"-47,56156036","-21,58623032",4326,500,1,14,1,0,Normal,"13,72",,0,1,"23,2","23,2"
1,19,2,2,188,188,8593,8837,19,28783,2005-08-31,"-47,56156036","-21,58623032",4326,500,1,15,1,0,Normal,"16,36",,0,1,"25,44","25,44"
1,19,2,2,188,188,8594,8838,19,28783,2005-08-31,"-47,56156036","-21,58623032",4326,500,1,16,1,0,Normal,"15,25","25,1",1,1,"24,57","25,1"
1,19,2,2,188,188,8595,8839,19,28783,2005-08-31,"-47,56156036","-21,58623032",4326,500,1,17,1,0,Normal,"15,28","25,5",1,1,"24,59","25,5"
1,19,2,2,188,188,8596,8840,19,28783,2005-08-31,"-47,56156036","-21,58623032",4326,500,1,18,1,0,Normal,"14,93","24,8",1,1,"24,3","24,8"
1,19,2,2,188,188,8597,8841,19,28783,2005-08-31,"-47,56156036","-21,58623032",4326,500,1,19,1,0,Normal,"13,27","24,5",1,1,"22,76","24,5"
1,19,2,2,188,188,8598,8842,19,28783,2005-08-31,"-47,56156036","-21,58623032",4326,500,1,20,1,0,Normal,"15,92","24,4",1,1,"25,1","24,4"
1,19,2,2,188,188,8599,8843,19,28783,2005-08-31,"-47,56156036","-21,58623032",4326,500,1,21,1,0,Normal,"8,12","14,7",1,1,"15,65","14,7"
1,19,2,2,188,188,8600,8844,19,28783,2005-08-31,"-47,56156036","-21,58623032",4326,500,1,22,1,2,Dominante,"17,03","24,6",1,1,"25,92","24,6"
1,19,2,2,188,188,8601,8845,19,28783,2005-08-31,"-47,56156036","-21,58623032",4326,500,1,23,1,0,Normal,"13,15",25,1,1,"22,63",25
1,19,2,2,188,188,8602,8846,19,28783,2005-08-31,"-47,56156036","-21,58623032",4326,500,1,24,1,0,Normal,"13,88","23,7",1,1,"23,35","23,7"
1,19,2,2,188,188,8603,8847,19,28783,2005-08-31,"-47,56156036","-21,58623032",4326,500,1,25,1,0,Normal,"15,85","24,5",1,1,"25,05","24,5"
1,19,2,2,188,188,8604,8848,19,28783,2005-08-31,"-47,56156036","-21,58623032",4326,500,1,26,1,0,Normal,"13,08",,0,1,"22,56","22,56"
1,19,2,2,188,188,8605,8849,19,28783,2005-08-31,"-47,56156036","-21,58623032",4326,500,1,27,1,0,Normal,"12,06",,0,1,"21,45","21,45"
1,19,2,2,188,188,8606,8850,19,28783,2005-08-31,"-47,56156036","-21,58623032",4326,500,1,28,1,0,Normal,"9,52",,0,1,"18,03","18,03"
1,19,2,2,188,188,8607,8851,19,28783,2005-08-31,"-47,56156036","-21,58623032",4326,500,1,29,1,0,Normal,"11,9",,0,1,"21,26","21,26"
1,19,2,2,188,188,8608,8852,19,28783,2005-08-31,"-47,56156036","-21,58623032",4326,500,1,30,1,0,Normal,"15,85",,0,1,"25,05","25,05"
1,19,2,2,188,188,8609,8853,19,28783,2005-08-31,"-47,56156036","-21,58623032",4326,500,1,31,1,0,Normal,"13,66",,0,1,"23,14","23,14"
1,19,2,2,188,188,8610,8854,19,28783,2005-08-31,"-47,56156036","-21,58623032",4326,500,1,32,1,0,Normal,"13,37",,0,1,"22,86","22,86"
1,19,2,2,188,188,8611,8855,19,28783,2005-08-31,"-47,56156036","-21,58623032",4326,500,1,33,1,0,Normal,"10,06",,0,1,"18,85","18,85"
1,19,2,2,188,188,8612,8856,19,28783,2005-08-31,"-47,56156036","-21,58623032",4326,500,1,34,1,0,Normal,"12,83",,0,1,"22,3","22,3"
1,19,2,2,188,188,8613,8857,19,28783,2005-08-31,"-47,56156036","-21,58623032",4326,500,1,35,1,0,Normal,"15,57",,0,1,"24,83","24,83"
1,19,2,2,188,188,8614,8858,19,28783,2005-08-31,"-47,56156036","-21,58623032",4326,500,1,36,1,0,Normal,"6,75",,0,1,"12,87","12,87"
1,19,2,2,188,188,8615,8859,19,28783,2005-08-31,"-47,56156036","-21,58623032",4326,500,1,37,1,0,Normal,"14,32",,0,1,"23,76","23,76"
1,19,2,2,188,188,8616,8860,19,28783,2005-08-31,"-47,56156036","-21,58623032",4326,500,1,38,1,0,Normal,"15,44",,0,1,"24,72","24,72"
1,19,2,2,188,188,8617,8861,19,28783,2005-08-31,"-47,56156036","-21,58623032",4326,500,1,39,1,0,Normal,"11,43",,0,1,"20,69","20,69"
1,19,2,2,188,188,8618,8862,19,28783,2005-08-31,"-47,56156036","-21,58623032",4326,500,1,40,1,0,Normal,"14,2",,0,1,"23,65","23,65"
1,19,2,2,188,188,8619,8863,19,28783,2005-08-31,"-47,56156036","-21,58623032",4326,500,1,41,1,0,Normal,"14,9",,0,1,"24,27","24,27"
1,19,2,2,188,188,8620,8864,19,28783,2005-08-31,"-47,56156036","-21,58623032",4326,500,1,42,1,0,Normal,"14,8",,0,1,"24,19","24,19"
1,19,2,2,188,188,8621,8865,19,28783,2005-08-31,"-47,56156036","-21,58623032",4326,500,1,43,1,0,Normal,"9,17",,0,1,"17,48","17,48"
1,19,2,2,188,188,8622,8866,19,28783,2005-08-31,"-47,56156036","-21,58623032",4326,500,1,44,1,1,Falha,0,,0,0,,
1,19,2,2,188,188,8623,8867,19,28783,2005-08-31,"-47,56156036","-21,58623032",4326,500,1,45,1,1,Falha,0,,0,0,,
1,19,2,2,188,188,8624,8868,19,28783,2005-08-31,"-47,56156036","-21,58623032",4326,500,1,46,1,0,Normal,"8,18",,0,1,"15,76","15,76"
1,19,2,2,188,188,8625,8869,19,28783,2005-08-31,"-47,56156036","-21,58623032",4326,500,1,47,1,0,Normal,"16,49",,0,1,"25,54","25,54"
1,19,2,2,188,188,8626,8870,19,28783,2005-08-31,"-47,56156036","-21,58623032",4326,500,1,48,1,0,Normal,"14,67",,0,1,"24,07","24,07"
1,19,2,2,188,188,8627,8871,19,28783,2005-08-31,"-47,56156036","-21,58623032",4326,500,1,49,1,0,Normal,"10,73",,0,1,"19,79","19,79"
1,19,2,2,188,188,8628,8872,19,28783,2005-08-31,"-47,56156036","-21,58623032",4326,500,1,50,1,1,Falha,0,,0,0,,
1,19,2,2,188,188,8629,8873,19,28783,2005-08-31,"-47,56156036","-21,58623032",4326,500,1,51,1,0,Normal,"16,77",,0,1,"25,74","25,74"
1,19,2,2,188,188,8630,8874,19,28783,2005-08-31,"-47,56156036","-21,58623032",4326,500,1,52,1,0,Normal,"15,5",,0,1,"24,77","24,77"
1,19,2,2,188,188,8631,8875,19,28783,2005-08-31,"-47,56156036","-21,58623032",4326,500,1,53,1,0,Normal,"9,87",,0,1,"18,57","18,57"
1,19,2,2,188,188,8632,8876,19,28783,2005-08-31,"-47,56156036","-21,58623032",4326,500,1,54,1,0,Normal,"15,31",,0,1,"24,62","24,62"
1,19,2,2,188,188,8633,8877,19,28783,2005-08-31,"-47,56156036","-21,58623032",4326,500,1,55,1,0,Normal,"8,5",,0,1,"16,34","16,34"
1,19,2,2,188,188,8634,8878,19,28783,2005-08-31,"-47,56156036","-21,58623032",4326,500,1,56,1,0,Normal,"14,48",,0,1,"23,91","23,91"
1,19,2,2,188,188,8635,8879,19,28783,2005-08-31,"-47,56156036","-21,58623032",4326,500,1,57,1,0,Normal,"9,77",,0,1,"18,42","18,42"
1,19,2,2,188,188,8636,8880,19,28783,2005-08-31,"-47,56156036","-21,58623032",4326,500,1,58,1,0,Normal,"13,43",,0,1,"22,92","22,92"
1,19,2,2,188,188,8637,8881,19,28783,2005-08-31,"-47,56156036","-21,58623032",4326,500,1,59,1,0,Normal,"12,45",,0,1,"21,89","21,89"
1,20,2,1,189,189,8638,8882,20,28784,2005-08-31,"-47,55612896","-21,59411414",4326,500,1,1,1,0,Normal,"10,82",,0,1,"18,88","18,88"
1,20,2,1,189,189,8639,8883,20,28784,2005-08-31,"-47,55612896","-21,59411414",4326,500,1,2,1,0,Normal,"5,16",,0,1,"9,86","9,86"
1,20,2,1,189,189,8640,8884,20,28784,2005-08-31,"-47,55612896","-21,59411414",4326,500,1,3,1,0,Normal,"15,69",,0,1,"22,69","22,69"
1,20,2,1,189,189,8641,8885,20,28784,2005-08-31,"-47,55612896","-21,59411414",4326,500,1,4,1,0,Normal,"13,69",,0,1,"21,37","21,37"
1,20,2,1,189,189,8642,8886,20,28784,2005-08-31,"-47,55612896","-21,59411414",4326,500,1,5,1,0,Normal,"16,81",,0,1,"23,32","23,32"
1,20,2,1,189,189,8643,8887,20,28784,2005-08-31,"-47,55612896","-21,59411414",4326,500,1,6,1,0,Normal,"14,32",,0,1,"21,82","21,82"
1,20,2,1,189,189,8644,8888,20,28784,2005-08-31,"-47,55612896","-21,59411414",4326,500,1,7,1,0,Normal,"9,87",,0,1,"17,83","17,83"
1,20,2,1,189,189,8645,8889,20,28784,2005-08-31,"-47,55612896","-21,59411414",4326,500,1,8,1,0,Normal,7,,0,1,"13,66","13,66"
1,20,2,1,189,189,8646,8890,20,28784,2005-08-31,"-47,55612896","-21,59411414",4326,500,1,9,1,2,Dominante,"20,05","24,9",1,1,"24,8","24,9"
1,20,2,1,189,189,8647,8891,20,28784,2005-08-31,"-47,55612896","-21,59411414",4326,500,1,10,1,0,Normal,"9,26",,0,1,"17,09","17,09"
1,20,2,1,189,189,8648,8892,20,28784,2005-08-31,"-47,55612896","-21,59411414",4326,500,1,11,1,0,Normal,"6,53",,0,1,"12,79","12,79"
1,20,2,1,189,189,8649,8893,20,28784,2005-08-31,"-47,55612896","-21,59411414",4326,500,1,12,1,0,Normal,"9,23",,0,1,"17,05","17,05"
1,20,2,1,189,189,8650,8894,20,28784,2005-08-31,"-47,55612896","-21,59411414",4326,500,1,13,1,0,Normal,"6,62",,0,1,"12,96","12,96"
1,20,2,1,189,189,8651,8895,20,28784,2005-08-31,"-47,55612896","-21,59411414",4326,500,1,14,1,0,Normal,"18,46",,0,1,"24,12","24,12"
1,20,2,1,189,189,8652,8896,20,28784,2005-08-31,"-47,55612896","-21,59411414",4326,500,1,15,1,0,Normal,"14,71",,0,1,"22,08","22,08"
1,20,2,1,189,189,8653,8897,20,28784,2005-08-31,"-47,55612896","-21,59411414",4326,500,1,16,1,0,Normal,"15,06",,0,1,"22,3","22,3"
1,20,2,1,189,189,8654,8898,20,28784,2005-08-31,"-47,55612896","-21,59411414",4326,500,1,17,1,0,Normal,"9,87",,0,1,"17,83","17,83"
1,20,2,1,189,189,8655,8899,20,28784,2005-08-31,"-47,55612896","-21,59411414",4326,500,1,18,1,0,Normal,"13,05",,0,1,"20,89","20,89"
1,20,2,1,189,189,8656,8900,20,28784,2005-08-31,"-47,55612896","-21,59411414",4326,500,1,19,1,0,Normal,"14,48",,0,1,"21,93","21,93"
1,20,2,1,189,189,8657,8901,20,28784,2005-08-31,"-47,55612896","-21,59411414",4326,500,1,20,1,0,Normal,"16,23",,0,1,23,23
1,20,2,1,189,189,8658,8902,20,28784,2005-08-31,"-47,55612896","-21,59411414",4326,500,1,21,1,0,Normal,"18,53",,0,1,"24,16","24,16"
1,20,2,1,189,189,8659,8903,20,28784,2005-08-31,"-47,55612896","-21,59411414",4326,500,1,22,1,0,Normal,"9,55",,0,1,"17,45","17,45"
1,20,2,1,189,189,8660,8904,20,28784,2005-08-31,"-47,55612896","-21,59411414",4326,500,1,23,1,0,Normal,"9,55",,0,1,"17,45","17,45"
1,20,2,1,189,189,8661,8905,20,28784,2005-08-31,"-47,55612896","-21,59411414",4326,500,1,24,1,0,Normal,"8,28",,0,1,"15,74","15,74"
1,20,2,1,189,189,8662,8906,20,28784,2005-08-31,"-47,55612896","-21,59411414",4326,500,1,25,1,0,Normal,"15,92","22,5",1,1,"22,82","22,5"
1,20,2,1,189,189,8663,8907,20,28784,2005-08-31,"-47,55612896","-21,59411414",4326,500,1,26,1,0,Normal,"12,41","20,2",1,1,"20,37","20,2"
1,20,2,1,189,189,8664,8908,20,28784,2005-08-31,"-47,55612896","-21,59411414",4326,500,1,27,1,0,Normal,"8,34",15,1,1,"15,83",15
1,20,2,1,189,189,8665,8909,20,28784,2005-08-31,"-47,55612896","-21,59411414",4326,500,1,28,1,0,Normal,"17,19",23,1,1,"23,51",23
1,20,2,1,189,189,8666,8910,20,28784,2005-08-31,"-47,55612896","-21,59411414",4326,500,1,29,1,2,Dominante,"19,74","24,1",1,1,"24,67","24,1"
1,20,2,1,189,189,8667,8911,20,28784,2005-08-31,"-47,55612896","-21,59411414",4326,500,1,30,1,0,Normal,"12,73","20,8",1,1,"20,63","20,8"
1,20,2,1,189,189,8668,8912,20,28784,2005-08-31,"-47,55612896","-21,59411414",4326,500,1,31,1,0,Normal,"9,93",19,1,1,"17,9",19
1,20,2,1,189,189,8669,8913,20,28784,2005-08-31,"-47,55612896","-21,59411414",4326,500,1,32,1,0,Normal,"16,9","23,1",1,1,"23,36","23,1"
1,20,2,1,189,189,8670,8914,20,28784,2005-08-31,"-47,55612896","-21,59411414",4326,500,1,33,1,0,Normal,"15,6","23,2",1,1,"22,64","23,2"
1,20,2,1,189,189,8671,8915,20,28784,2005-08-31,"-47,55612896","-21,59411414",4326,500,1,34,1,0,Normal,"14,9","22,9",1,1,"22,2","22,9"
1,20,2,1,189,189,8672,8916,20,28784,2005-08-31,"-47,55612896","-21,59411414",4326,500,1,35,1,0,Normal,"14,96",,0,1,"22,24","22,24"
1,20,2,1,189,189,8673,8917,20,28784,2005-08-31,"-47,55612896","-21,59411414",4326,500,1,36,1,0,Normal,"15,6",,0,1,"22,64","22,64"
1,20,2,1,189,189,8674,8918,20,28784,2005-08-31,"-47,55612896","-21,59411414",4326,500,1,37,1,0,Normal,"7,99",,0,1,"15,3","15,3"
1,20,2,1,189,189,8675,8919,20,28784,2005-08-31,"-47,55612896","-21,59411414",4326,500,1,38,1,0,Normal,"8,91",,0,1,"16,63","16,63"
1,20,2,1,189,189,8676,8920,20,28784,2005-08-31,"-47,55612896","-21,59411414",4326,500,1,39,1,0,Normal,"17,83",,0,1,"23,83","23,83"
1,20,2,1,189,189,8677,8921,20,28784,2005-08-31,"-47,55612896","-21,59411414",4326,500,1,40,1,0,Normal,"4,46",,0,1,"8,11","8,11"
1,20,2,1,189,189,8678,8922,20,28784,2005-08-31,"-47,55612896","-21,59411414",4326,500,1,41,1,2,Dominante,"19,1","24,6",1,1,"24,41","24,6"
1,20,2,1,189,189,8679,8923,20,28784,2005-08-31,"-47,55612896","-21,59411414",4326,500,1,42,1,0,Normal,"18,14",24,1,1,"23,98",24
1,20,2,1,189,189,8680,8924,20,28784,2005-08-31,"-47,55612896","-21,59411414",4326,500,1,43,1,0,Normal,"9,87",,0,1,"17,83","17,83"
1,20,2,1,189,189,8681,8925,20,28784,2005-08-31,"-47,55612896","-21,59411414",4326,500,1,44,1,0,Normal,"9,01",,0,1,"16,76","16,76"
1,20,2,1,189,189,8682,8926,20,28784,2005-08-31,"-47,55612896","-21,59411414",4326,500,1,45,1,0,Normal,"14,71",,0,1,"22,08","22,08"
1,20,2,1,189,189,8683,8927,20,28784,2005-08-31,"-47,55612896","-21,59411414",4326,500,1,46,1,0,Normal,"17,32",,0,1,"23,58","23,58"
1,20,2,1,189,189,8684,8928,20,28784,2005-08-31,"-47,55612896","-21,59411414",4326,500,1,47,1,0,Normal,"19,1",,0,1,"24,41","24,41"
1,20,2,1,189,189,8685,8929,20,28784,2005-08-31,"-47,55612896","-21,59411414",4326,500,1,48,1,0,Normal,"12,73",,0,1,"20,63","20,63"
1,20,2,1,189,189,8686,8930,20,28784,2005-08-31,"-47,55612896","-21,59411414",4326,500,1,49,1,0,Normal,"10,54",,0,1,"18,58","18,58"
1,20,2,1,189,189,8687,8931,20,28784,2005-08-31,"-47,55612896","-21,59411414",4326,500,1,50,1,2,Dominante,"21,33",24,1,1,"25,28",24
1,20,2,1,189,189,8688,8932,20,28784,2005-08-31,"-47,55612896","-21,59411414",4326,500,1,51,1,0,Normal,"8,66",,0,1,"16,28","16,28"
1,20,2,1,189,189,8689,8933,20,28784,2005-08-31,"-47,55612896","-21,59411414",4326,500,1,52,1,0,Normal,"13,62",,0,1,"21,32","21,32"
1,20,2,1,189,189,8690,8934,20,28784,2005-08-31,"-47,55612896","-21,59411414",4326,500,1,53,1,0,Normal,"11,78",,0,1,"19,81","19,81"
1,20,2,1,189,189,8691,8935,20,28784,2005-08-31,"-47,55612896","-21,59411414",4326,500,1,54,1,0,Normal,"18,14",,0,1,"23,98","23,98"
1,20,2,1,189,189,8692,8936,20,28784,2005-08-31,"-47,55612896","-21,59411414",4326,500,1,55,1,0,Normal,"17,06",,0,1,"23,45","23,45"
1,20,2,1,189,189,8693,8937,20,28784,2005-08-31,"-47,55612896","-21,59411414",4326,500,1,56,1,2,Dominante,"19,51","25,6",1,1,"24,58","25,6"
1,20,2,1,189,189,8694,8938,20,28784,2005-08-31,"-47,55612896","-21,59411414",4326,500,1,57,1,0,Normal,"15,6",,0,1,"22,64","22,64"
1,20,2,1,190,190,8695,8939,20,28785,2005-08-31,"-47,55284619","-21,59573542",4326,500,1,1,1,0,Normal,"14,13",,0,1,"20,51","20,51"
1,20,2,1,190,190,8696,8940,20,28785,2005-08-31,"-47,55284619","-21,59573542",4326,500,1,2,1,2,Dominante,"18,56","21,6",1,1,"21,69","21,6"
1,20,2,1,190,190,8697,8941,20,28785,2005-08-31,"-47,55284619","-21,59573542",4326,500,1,3,1,2,Dominante,"17,19","21,7",1,1,"21,38","21,7"
1,20,2,1,190,190,8698,8942,20,28785,2005-08-31,"-47,55284619","-21,59573542",4326,500,1,4,1,0,Normal,"15,34",,0,1,"20,9","20,9"
1,20,2,1,190,190,8699,8943,20,28785,2005-08-31,"-47,55284619","-21,59573542",4326,500,1,5,1,0,Normal,"14,01",,0,1,"20,47","20,47"
1,20,2,1,190,190,8700,8944,20,28785,2005-08-31,"-47,55284619","-21,59573542",4326,500,1,6,1,0,Normal,"12,51",,0,1,"19,9","19,9"
1,20,2,1,190,190,8701,8945,20,28785,2005-08-31,"-47,55284619","-21,59573542",4326,500,1,7,1,2,Dominante,"16,93","21,5",1,1,"21,32","21,5"
1,20,2,1,190,190,8702,8946,20,28785,2005-08-31,"-47,55284619","-21,59573542",4326,500,1,8,1,2,Dominante,"17,32","21,6",1,1,"21,41","21,6"
1,20,2,1,190,190,8703,8947,20,28785,2005-08-31,"-47,55284619","-21,59573542",4326,500,1,9,1,0,Normal,"13,05",,0,1,"20,12","20,12"
1,20,2,1,190,190,8704,8948,20,28785,2005-08-31,"-47,55284619","-21,59573542",4326,500,1,10,1,0,Normal,"10,82",,0,1,"19,1","19,1"
1,20,2,1,190,190,8705,8949,20,28785,2005-08-31,"-47,55284619","-21,59573542",4326,500,1,11,1,0,Normal,"9,33",,0,1,"18,2","18,2"
1,20,2,1,190,190,8706,8950,20,28785,2005-08-31,"-47,55284619","-21,59573542",4326,500,1,12,1,0,Normal,"14,45",,0,1,"20,62","20,62"
1,20,2,1,190,190,8707,8951,20,28785,2005-08-31,"-47,55284619","-21,59573542",4326,500,1,13,1,0,Normal,"10,28",,0,1,"18,8","18,8"
1,20,2,1,190,190,8708,8952,20,28785,2005-08-31,"-47,55284619","-21,59573542",4326,500,1,14,1,0,Normal,"14,83",,0,1,"20,74","20,74"
1,20,2,1,190,190,8709,8953,20,28785,2005-08-31,"-47,55284619","-21,59573542",4326,500,1,15,1,0,Normal,"13,78","20,4",1,1,"20,39","20,4"
1,20,2,1,190,190,8710,8954,20,28785,2005-08-31,"-47,55284619","-21,59573542",4326,500,1,16,1,0,Normal,"12,89","19,8",1,1,"20,06","19,8"
1,20,2,1,190,190,8711,8955,20,28785,2005-08-31,"-47,55284619","-21,59573542",4326,500,1,17,1,0,Normal,"13,18","20,3",1,1,"20,17","20,3"
1,20,2,1,190,190,8712,8956,20,28785,2005-08-31,"-47,55284619","-21,59573542",4326,500,1,18,1,0,Normal,"13,31","19,8",1,1,"20,22","19,8"
1,20,2,1,190,190,8713,8957,20,28785,2005-08-31,"-47,55284619","-21,59573542",4326,500,1,19,1,0,Normal,"14,61","20,5",1,1,"20,67","20,5"
1,20,2,1,190,190,8714,8958,20,28785,2005-08-31,"-47,55284619","-21,59573542",4326,500,1,20,1,2,Dominante,"17,51",21,1,1,"21,46",21
1,20,2,1,190,190,8715,8959,20,28785,2005-08-31,"-47,55284619","-21,59573542",4326,500,1,21,1,1,Falha,0,,0,0,,
1,20,2,1,190,190,8716,8960,20,28785,2005-08-31,"-47,55284619","-21,59573542",4326,500,1,22,1,0,Normal,"15,44",21,1,1,"20,92",21
1,20,2,1,190,190,8717,8961,20,28785,2005-08-31,"-47,55284619","-21,59573542",4326,500,1,23,1,0,Normal,"12,25",20,1,1,"19,79",20
1,20,2,1,190,190,8718,8962,20,28785,2005-08-31,"-47,55284619","-21,59573542",4326,500,1,24,1,0,Normal,"14,42","20,9",1,1,"20,61","20,9"
1,20,2,1,190,190,8719,8963,20,28785,2005-08-31,"-47,55284619","-21,59573542",4326,500,1,25,1,0,Normal,"14,99","21,1",1,1,"20,79","21,1"
1,20,2,1,190,190,8720,8964,20,28785,2005-08-31,"-47,55284619","-21,59573542",4326,500,1,26,1,0,Normal,"13,24",,0,1,"20,2","20,2"
1,20,2,1,190,190,8721,8965,20,28785,2005-08-31,"-47,55284619","-21,59573542",4326,500,1,27,1,0,Normal,"15,37",,0,1,"20,9","20,9"
1,20,2,1,190,190,8722,8966,20,28785,2005-08-31,"-47,55284619","-21,59573542",4326,500,1,28,1,0,Normal,"15,79",,0,1,"21,02","21,02"
1,20,2,1,190,190,8723,8967,20,28785,2005-08-31,"-47,55284619","-21,59573542",4326,500,1,29,1,0,Normal,"14,64",,0,1,"20,68","20,68"
1,20,2,1,190,190,8724,8968,20,28785,2005-08-31,"-47,55284619","-21,59573542",4326,500,1,30,1,0,Normal,"15,6",,0,1,"20,97","20,97"
1,20,2,1,190,190,8725,8969,20,28785,2005-08-31,"-47,55284619","-21,59573542",4326,500,1,31,1,0,Normal,"12,73",,0,1,20,20
1,20,2,1,190,190,8726,8970,20,28785,2005-08-31,"-47,55284619","-21,59573542",4326,500,1,32,1,0,Normal,"15,69",,0,1,21,21
1,20,2,1,190,190,8727,8971,20,28785,2005-08-31,"-47,55284619","-21,59573542",4326,500,1,33,1,0,Normal,"12,89",,0,1,"20,06","20,06"
1,20,2,1,190,190,8728,8972,20,28785,2005-08-31,"-47,55284619","-21,59573542",4326,500,1,34,1,0,Normal,"13,15",,0,1,"20,16","20,16"
1,20,2,1,190,190,8729,8973,20,28785,2005-08-31,"-47,55284619","-21,59573542",4326,500,1,35,1,0,Normal,"16,65","20,9",1,1,"21,25","20,9"
1,20,2,1,190,190,8730,8974,20,28785,2005-08-31,"-47,55284619","-21,59573542",4326,500,1,36,1,0,Normal,"13,05",,0,1,"20,12","20,12"
1,20,2,1,190,190,8731,8975,20,28785,2005-08-31,"-47,55284619","-21,59573542",4326,500,1,37,1,0,Normal,"14,64",,0,1,"20,68","20,68"
1,20,2,1,190,190,8732,8976,20,28785,2005-08-31,"-47,55284619","-21,59573542",4326,500,1,38,1,0,Normal,"13,15",,0,1,"20,16","20,16"
1,20,2,1,190,190,8733,8977,20,28785,2005-08-31,"-47,55284619","-21,59573542",4326,500,1,39,1,0,Normal,"16,23","21,2",1,1,"21,14","21,2"
1,20,2,1,190,190,8734,8978,20,28785,2005-08-31,"-47,55284619","-21,59573542",4326,500,1,40,1,0,Normal,"9,01",,0,1,"17,97","17,97"
1,20,2,1,190,190,8735,8979,20,28785,2005-08-31,"-47,55284619","-21,59573542",4326,500,1,41,1,0,Normal,"12,19",,0,1,"19,77","19,77"
1,20,2,1,190,190,8736,8980,20,28785,2005-08-31,"-47,55284619","-21,59573542",4326,500,1,42,1,0,Normal,"14,13",,0,1,"20,51","20,51"
1,20,2,1,190,190,8737,8981,20,28785,2005-08-31,"-47,55284619","-21,59573542",4326,500,1,43,1,0,Normal,"15,47",,0,1,"20,93","20,93"
1,20,2,1,190,190,8738,8982,20,28785,2005-08-31,"-47,55284619","-21,59573542",4326,500,1,44,1,0,Normal,"10,92",,0,1,"19,16","19,16"
1,20,2,1,190,190,8739,8983,20,28785,2005-08-31,"-47,55284619","-21,59573542",4326,500,1,45,1,0,Normal,"15,53",,0,1,"20,95","20,95"
1,20,2,1,191,191,8740,8984,20,28786,2005-08-31,"-47,55279031","-21,59420147",4326,500,1,1,1,0,Normal,"15,6",,0,1,"24,52","24,52"
1,20,2,1,191,191,8741,8985,20,28786,2005-08-31,"-47,55279031","-21,59420147",4326,500,1,2,1,0,Normal,"16,17",,0,1,"25,05","25,05"
1,20,2,1,191,191,8742,8986,20,28786,2005-08-31,"-47,55279031","-21,59420147",4326,500,1,3,1,0,Normal,"14,39",,0,1,"23,3","23,3"
1,20,2,1,191,191,8743,8987,20,28786,2005-08-31,"-47,55279031","-21,59420147",4326,500,1,4,1,2,Dominante,"18,46",25,1,1,"26,94",25
1,20,2,1,191,191,8744,8988,20,28786,2005-08-31,"-47,55279031","-21,59420147",4326,500,1,5,1,1,Falha,0,,0,0,,
1,20,2,1,191,191,8745,8989,20,28786,2005-08-31,"-47,55279031","-21,59420147",4326,500,1,6,1,0,Normal,"15,44",,0,1,"24,37","24,37"
1,20,2,1,191,191,8746,8990,20,28786,2005-08-31,"-47,55279031","-21,59420147",4326,500,1,7,1,2,Dominante,"17,51","25,5",1,1,"26,2","25,5"
1,20,2,1,191,191,8747,8991,20,28786,2005-08-31,"-47,55279031","-21,59420147",4326,500,1,8,1,0,Normal,"12,73",,0,1,"21,38","21,38"
1,20,2,1,191,191,8748,8992,20,28786,2005-08-31,"-47,55279031","-21,59420147",4326,500,1,9,1,0,Normal,"17,13",,0,1,"25,89","25,89"
1,20,2,1,191,191,8749,8993,20,28786,2005-08-31,"-47,55279031","-21,59420147",4326,500,1,10,1,0,Normal,"11,49",,0,1,"19,73","19,73"
1,20,2,1,191,191,8750,8994,20,28786,2005-08-31,"-47,55279031","-21,59420147",4326,500,1,11,1,0,Normal,"13,69",,0,1,"22,53","22,53"
1,20,2,1,191,191,8751,8995,20,28786,2005-08-31,"-47,55279031","-21,59420147",4326,500,1,12,1,2,Dominante,"18,62","27,2",1,1,"27,06","27,2"
1,20,2,1,191,191,8752,8996,20,28786,2005-08-31,"-47,55279031","-21,59420147",4326,500,1,13,1,0,Normal,"16,81",,0,1,"25,61","25,61"
1,20,2,1,191,191,8753,8997,20,28786,2005-08-31,"-47,55279031","-21,59420147",4326,500,1,14,1,0,Normal,"13,75","23,3",1,1,"22,6","23,3"
1,20,2,1,191,191,8754,8998,20,28786,2005-08-31,"-47,55279031","-21,59420147",4326,500,1,15,1,0,Normal,"15,76",26,1,1,"24,67",26
1,20,2,1,191,191,8755,8999,20,28786,2005-08-31,"-47,55279031","-21,59420147",4326,500,1,16,1,0,Normal,"16,55","26,3",1,1,"25,39","26,3"
1,20,2,1,191,191,8756,9000,20,28786,2005-08-31,"-47,55279031","-21,59420147",4326,500,1,17,1,0,Normal,"15,28","24,8",1,1,"24,21","24,8"
1,20,2,1,191,191,8757,9001,20,28786,2005-08-31,"-47,55279031","-21,59420147",4326,500,1,18,1,0,Normal,"16,23","24,6",1,1,"25,1","24,6"
1,20,2,1,191,191,8758,9002,20,28786,2005-08-31,"-47,55279031","-21,59420147",4326,500,1,19,1,0,Normal,"10,19","17,2",1,1,"17,76","17,2"
1,20,2,1,191,191,8759,9003,20,28786,2005-08-31,"-47,55279031","-21,59420147",4326,500,1,20,1,0,Normal,"14,96","23,5",1,1,"23,89","23,5"
1,20,2,1,191,191,8760,9004,20,28786,2005-08-31,"-47,55279031","-21,59420147",4326,500,1,21,1,0,Normal,"16,39",25,1,1,"25,25",25
1,20,2,1,191,191,8761,9005,20,28786,2005-08-31,"-47,55279031","-21,59420147",4326,500,1,22,1,2,Dominante,"18,14","25,8",1,1,"26,69","25,8"
1,20,2,1,191,191,8762,9006,20,28786,2005-08-31,"-47,55279031","-21,59420147",4326,500,1,23,1,0,Normal,"15,92","25,6",1,1,"24,82","25,6"
1,20,2,1,191,191,8763,9007,20,28786,2005-08-31,"-47,55279031","-21,59420147",4326,500,1,24,1,0,Normal,"14,8",,0,1,"23,73","23,73"
1,20,2,1,191,191,8764,9008,20,28786,2005-08-31,"-47,55279031","-21,59420147",4326,500,1,25,1,0,Normal,"11,84",,0,1,"20,22","20,22"
1,20,2,1,191,191,8765,9009,20,28786,2005-08-31,"-47,55279031","-21,59420147",4326,500,1,26,1,0,Normal,17,,0,1,"25,78","25,78"
1,20,2,1,191,191,8766,9010,20,28786,2005-08-31,"-47,55279031","-21,59420147",4326,500,1,27,1,0,Normal,"12,8",,0,1,"21,47","21,47"
1,20,2,1,191,191,8767,9011,20,28786,2005-08-31,"-47,55279031","-21,59420147",4326,500,1,28,1,0,Normal,"11,78",,0,1,"20,14","20,14"
1,20,2,1,191,191,8768,9012,20,28786,2005-08-31,"-47,55279031","-21,59420147",4326,500,1,29,1,0,Normal,"14,96",,0,1,"23,89","23,89"
1,20,2,1,191,191,8769,9013,20,28786,2005-08-31,"-47,55279031","-21,59420147",4326,500,1,30,1,0,Normal,"16,3",,0,1,"25,17","25,17"
1,20,2,1,191,191,8770,9014,20,28786,2005-08-31,"-47,55279031","-21,59420147",4326,500,1,31,1,0,Normal,"10,66",,0,1,"18,51","18,51"
1,20,2,1,191,191,8771,9015,20,28786,2005-08-31,"-47,55279031","-21,59420147",4326,500,1,32,1,0,Normal,"15,41",,0,1,"24,34","24,34"
1,20,2,1,191,191,8772,9016,20,28786,2005-08-31,"-47,55279031","-21,59420147",4326,500,1,33,1,0,Normal,"11,78",,0,1,"20,14","20,14"
1,20,2,1,191,191,8773,9017,20,28786,2005-08-31,"-47,55279031","-21,59420147",4326,500,1,34,1,0,Normal,"14,39",,0,1,"23,3","23,3"
1,20,2,1,191,191,8774,9018,20,28786,2005-08-31,"-47,55279031","-21,59420147",4326,500,1,35,1,0,Normal,"9,55",,0,1,"16,69","16,69"
1,20,2,1,191,191,8775,9019,20,28786,2005-08-31,"-47,55279031","-21,59420147",4326,500,1,36,1,0,Normal,"16,39",,0,1,"25,25","25,25"
1,20,2,1,191,191,8776,9020,20,28786,2005-08-31,"-47,55279031","-21,59420147",4326,500,1,37,1,0,Normal,"14,64",,0,1,"23,56","23,56"
1,20,2,1,191,191,8777,9021,20,28786,2005-08-31,"-47,55279031","-21,59420147",4326,500,1,38,1,0,Normal,"9,55",,0,1,"16,69","16,69"
1,20,2,1,191,191,8778,9022,20,28786,2005-08-31,"-47,55279031","-21,59420147",4326,500,1,39,1,0,Normal,"15,28",,0,1,"24,21","24,21"
1,20,2,1,191,191,8779,9023,20,28786,2005-08-31,"-47,55279031","-21,59420147",4326,500,1,40,1,0,Normal,"15,28",,0,1,"24,21","24,21"
1,20,2,1,191,191,8780,9024,20,28786,2005-08-31,"-47,55279031","-21,59420147",4326,500,1,41,1,0,Normal,"16,17",,0,1,"25,05","25,05"
1,20,2,1,191,191,8781,9025,20,28786,2005-08-31,"-47,55279031","-21,59420147",4326,500,1,42,1,0,Normal,"13,05",,0,1,"21,78","21,78"
1,20,2,1,191,191,8782,9026,20,28786,2005-08-31,"-47,55279031","-21,59420147",4326,500,1,43,1,0,Normal,"9,87",,0,1,"17,24","17,24"
1,20,2,1,191,191,8783,9027,20,28786,2005-08-31,"-47,55279031","-21,59420147",4326,500,1,44,1,2,Dominante,"17,76","27,1",1,1,"26,4","27,1"
1,20,2,1,191,191,8784,9028,20,28786,2005-08-31,"-47,55279031","-21,59420147",4326,500,1,45,1,0,Normal,"13,37",,0,1,"22,16","22,16"
1,20,2,1,191,191,8785,9029,20,28786,2005-08-31,"-47,55279031","-21,59420147",4326,500,1,46,1,0,Normal,"14,04",,0,1,"22,92","22,92"
1,20,2,1,191,191,8786,9030,20,28786,2005-08-31,"-47,55279031","-21,59420147",4326,500,1,47,1,0,Normal,"15,92",,0,1,"24,82","24,82"
1,20,2,1,191,191,8787,9031,20,28786,2005-08-31,"-47,55279031","-21,59420147",4326,500,1,48,1,0,Normal,"10,57",,0,1,"18,37","18,37"
1,20,2,1,191,191,8788,9032,20,28786,2005-08-31,"-47,55279031","-21,59420147",4326,500,1,49,1,0,Normal,"15,85",,0,1,"24,76","24,76"
1,20,2,1,191,191,8789,9033,20,28786,2005-08-31,"-47,55279031","-21,59420147",4326,500,1,50,1,3,Bifurcada Abaixo,"11,17",,0,1,"19,27","19,27"
1,20,2,1,191,191,8789,9034,20,28786,2005-08-31,"-47,55279031","-21,59420147",4326,500,1,50,2,3,Bifurcada Abaixo,12,,0,1,"20,44","20,44"
1,20,2,1,191,191,8790,9035,20,28786,2005-08-31,"-47,55279031","-21,59420147",4326,500,1,51,1,0,Normal,"16,23",,0,1,"25,1","25,1"
1,20,2,1,191,191,8791,9036,20,28786,2005-08-31,"-47,55279031","-21,59420147",4326,500,1,52,1,0,Normal,"11,4",,0,1,"19,61","19,61"
1,20,2,1,191,191,8792,9037,20,28786,2005-08-31,"-47,55279031","-21,59420147",4326,500,1,53,1,0,Normal,"13,69",,0,1,"22,53","22,53"
1,20,2,1,192,192,8793,9038,20,28787,2005-08-31,"-47,55445948","-21,59414879",4326,500,1,1,1,0,Normal,"15,85",,0,1,"24,07","24,07"
1,20,2,1,192,192,8794,9039,20,28787,2005-08-31,"-47,55445948","-21,59414879",4326,500,1,2,1,0,Normal,"13,37",,0,1,"20,9","20,9"
1,20,2,1,192,192,8795,9040,20,28787,2005-08-31,"-47,55445948","-21,59414879",4326,500,1,3,1,0,Normal,"13,37",,0,1,"20,9","20,9"
1,20,2,1,192,192,8796,9041,20,28787,2005-08-31,"-47,55445948","-21,59414879",4326,500,1,4,1,0,Normal,"14,42",,0,1,"22,32","22,32"
1,20,2,1,192,192,8797,9042,20,28787,2005-08-31,"-47,55445948","-21,59414879",4326,500,1,5,1,0,Normal,"16,49",,0,1,"24,79","24,79"
1,20,2,1,192,192,8798,9043,20,28787,2005-08-31,"-47,55445948","-21,59414879",4326,500,1,6,1,0,Normal,"14,55",,0,1,"22,49","22,49"
1,20,2,1,192,192,8799,9044,20,28787,2005-08-31,"-47,55445948","-21,59414879",4326,500,1,7,1,0,Normal,"14,8",,0,1,"22,8","22,8"
1,20,2,1,192,192,8800,9045,20,28787,2005-08-31,"-47,55445948","-21,59414879",4326,500,1,8,1,0,Normal,"17,67",,0,1,"26,03","26,03"
1,20,2,1,192,192,8801,9046,20,28787,2005-08-31,"-47,55445948","-21,59414879",4326,500,1,9,1,0,Normal,"16,46",,0,1,"24,76","24,76"
1,20,2,1,192,192,8802,9047,20,28787,2005-08-31,"-47,55445948","-21,59414879",4326,500,1,10,1,0,Normal,"15,92",,0,1,"24,15","24,15"
1,20,2,1,192,192,8803,9048,20,28787,2005-08-31,"-47,55445948","-21,59414879",4326,500,1,11,1,0,Normal,"14,39",,0,1,"22,28","22,28"
1,20,2,1,192,192,8804,9049,20,28787,2005-08-31,"-47,55445948","-21,59414879",4326,500,1,12,1,2,Dominante,"19,58",28,1,1,"27,82",28
1,20,2,1,192,192,8805,9050,20,28787,2005-08-31,"-47,55445948","-21,59414879",4326,500,1,13,1,0,Normal,"16,23",,0,1,"24,5","24,5"
1,20,2,1,192,192,8806,9051,20,28787,2005-08-31,"-47,55445948","-21,59414879",4326,500,1,14,1,0,Normal,"18,46",,0,1,"26,8","26,8"
1,20,2,1,192,192,8807,9052,20,28787,2005-08-31,"-47,55445948","-21,59414879",4326,500,1,15,1,0,Normal,"11,46","17,5",1,1,"17,99","17,5"
1,20,2,1,192,192,8808,9053,20,28787,2005-08-31,"-47,55445948","-21,59414879",4326,500,1,16,1,0,Normal,"15,5","23,5",1,1,"23,66","23,5"
1,20,2,1,192,192,8809,9054,20,28787,2005-08-31,"-47,55445948","-21,59414879",4326,500,1,17,1,0,Normal,"18,14",26,1,1,"26,49",26
1,20,2,1,192,192,8810,9055,20,28787,2005-08-31,"-47,55445948","-21,59414879",4326,500,1,18,1,0,Normal,"15,34","24,2",1,1,"23,47","24,2"
1,20,2,1,192,192,8811,9056,20,28787,2005-08-31,"-47,55445948","-21,59414879",4326,500,1,19,1,2,Dominante,"19,74","27,6",1,1,"27,96","27,6"
1,20,2,1,192,192,8812,9057,20,28787,2005-08-31,"-47,55445948","-21,59414879",4326,500,1,20,1,2,Dominante,"20,85","28,5",1,1,"28,88","28,5"
1,20,2,1,192,192,8813,9058,20,28787,2005-08-31,"-47,55445948","-21,59414879",4326,500,1,21,1,0,Normal,"16,23","25,1",1,1,"24,5","25,1"
1,20,2,1,192,192,8814,9059,20,28787,2005-08-31,"-47,55445948","-21,59414879",4326,500,1,22,1,0,Normal,"16,23","25,3",1,1,"24,5","25,3"
1,20,2,1,192,192,8815,9060,20,28787,2005-08-31,"-47,55445948","-21,59414879",4326,500,1,23,1,2,Dominante,"20,69","28,9",1,1,"28,75","28,9"
1,20,2,1,192,192,8816,9061,20,28787,2005-08-31,"-47,55445948","-21,59414879",4326,500,1,24,1,2,Dominante,"21,07","28,4",1,1,"29,05","28,4"
1,20,2,1,192,192,8817,9062,20,28787,2005-08-31,"-47,55445948","-21,59414879",4326,500,1,25,1,0,Normal,"16,93",,0,1,"25,26","25,26"
1,20,2,1,192,192,8818,9063,20,28787,2005-08-31,"-47,55445948","-21,59414879",4326,500,1,26,1,0,Normal,"16,68",,0,1,25,25
1,20,2,1,192,192,8819,9064,20,28787,2005-08-31,"-47,55445948","-21,59414879",4326,500,1,27,1,0,Normal,"11,46",,0,1,"17,99","17,99"
1,20,2,1,192,192,8820,9065,20,28787,2005-08-31,"-47,55445948","-21,59414879",4326,500,1,28,1,0,Normal,"18,75",,0,1,"27,07","27,07"
1,20,2,1,192,192,8821,9066,20,28787,2005-08-31,"-47,55445948","-21,59414879",4326,500,1,29,1,0,Normal,"12,1",,0,1,"19,02","19,02"
1,20,2,1,192,192,8822,9067,20,28787,2005-08-31,"-47,55445948","-21,59414879",4326,500,1,30,1,0,Normal,"15,6",,0,1,"23,78","23,78"
1,20,2,1,192,192,8823,9068,20,28787,2005-08-31,"-47,55445948","-21,59414879",4326,500,1,31,1,0,Normal,"14,01",,0,1,"21,78","21,78"
1,20,2,1,192,192,8824,9069,20,28787,2005-08-31,"-47,55445948","-21,59414879",4326,500,1,32,1,0,Normal,"15,6",,0,1,"23,78","23,78"
1,20,2,1,192,192,8825,9070,20,28787,2005-08-31,"-47,55445948","-21,59414879",4326,500,1,33,1,0,Normal,"19,1",,0,1,"27,39","27,39"
1,20,2,1,192,192,8826,9071,20,28787,2005-08-31,"-47,55445948","-21,59414879",4326,500,1,34,1,0,Normal,"15,57",,0,1,"23,74","23,74"
1,20,2,1,192,192,8827,9072,20,28787,2005-08-31,"-47,55445948","-21,59414879",4326,500,1,35,1,0,Normal,"18,46",,0,1,"26,8","26,8"
1,20,2,1,192,192,8828,9073,20,28787,2005-08-31,"-47,55445948","-21,59414879",4326,500,1,36,1,0,Normal,"11,2",,0,1,"17,56","17,56"
1,20,2,1,192,192,8829,9074,20,28787,2005-08-31,"-47,55445948","-21,59414879",4326,500,1,37,1,0,Normal,"18,14",,0,1,"26,49","26,49"
1,20,2,1,192,192,8830,9075,20,28787,2005-08-31,"-47,55445948","-21,59414879",4326,500,1,38,1,0,Normal,"12,16",,0,1,"19,11","19,11"
1,20,2,1,192,192,8831,9076,20,28787,2005-08-31,"-47,55445948","-21,59414879",4326,500,1,39,1,0,Normal,"15,31",,0,1,"23,43","23,43"
1,20,2,1,192,192,8832,9077,20,28787,2005-08-31,"-47,55445948","-21,59414879",4326,500,1,40,1,0,Normal,"13,69",,0,1,"21,35","21,35"
1,20,2,1,192,192,8833,9078,20,28787,2005-08-31,"-47,55445948","-21,59414879",4326,500,1,41,1,0,Normal,"16,9",,0,1,"25,23","25,23"
1,20,2,1,193,193,8834,9079,20,28788,2005-08-31,"-47,55673866","-21,59255193",4326,500,1,1,1,0,Normal,"10,66",,0,1,"18,3","18,3"
1,20,2,1,193,193,8835,9080,20,28788,2005-08-31,"-47,55673866","-21,59255193",4326,500,1,2,1,0,Normal,"13,18",,0,1,"21,33","21,33"
1,20,2,1,193,193,8836,9081,20,28788,2005-08-31,"-47,55673866","-21,59255193",4326,500,1,3,1,2,Dominante,"18,46","24,4",1,1,"25,67","24,4"
1,20,2,1,193,193,8837,9082,20,28788,2005-08-31,"-47,55673866","-21,59255193",4326,500,1,4,1,1,Falha,0,,0,0,,
1,20,2,1,193,193,8838,9083,20,28788,2005-08-31,"-47,55673866","-21,59255193",4326,500,1,5,1,1,Falha,0,,0,0,,
1,20,2,1,193,193,8839,9084,20,28788,2005-08-31,"-47,55673866","-21,59255193",4326,500,1,6,1,0,Normal,"11,71",,0,1,"19,66","19,66"
1,20,2,1,193,193,8840,9085,20,28788,2005-08-31,"-47,55673866","-21,59255193",4326,500,1,7,1,0,Normal,"14,32",,0,1,"22,46","22,46"
1,20,2,1,193,193,8841,9086,20,28788,2005-08-31,"-47,55673866","-21,59255193",4326,500,1,8,1,0,Normal,"17,98",,0,1,"25,35","25,35"
1,20,2,1,193,193,8842,9087,20,28788,2005-08-31,"-47,55673866","-21,59255193",4326,500,1,9,1,0,Normal,"13,62",,0,1,"21,78","21,78"
1,20,2,1,193,193,8843,9088,20,28788,2005-08-31,"-47,55673866","-21,59255193",4326,500,1,10,1,0,Normal,"14,96",,0,1,"23,04","23,04"
1,20,2,1,193,193,8844,9089,20,28788,2005-08-31,"-47,55673866","-21,59255193",4326,500,1,11,1,1,Falha,0,,0,0,,
1,20,2,1,193,193,8845,9090,20,28788,2005-08-31,"-47,55673866","-21,59255193",4326,500,1,12,1,0,Normal,"7,64",,0,1,"13,33","13,33"
1,20,2,1,193,193,8846,9091,20,28788,2005-08-31,"-47,55673866","-21,59255193",4326,500,1,13,1,0,Normal,"16,55",,0,1,"24,33","24,33"
1,20,2,1,193,193,8847,9092,20,28788,2005-08-31,"-47,55673866","-21,59255193",4326,500,1,14,1,0,Normal,"10,19",,0,1,"17,63","17,63"
1,20,2,1,193,193,8848,9093,20,28788,2005-08-31,"-47,55673866","-21,59255193",4326,500,1,15,1,1,Falha,0,,0,0,,
1,20,2,1,193,193,8849,9094,20,28788,2005-08-31,"-47,55673866","-21,59255193",4326,500,1,16,1,0,Normal,"15,66","25,4",1,1,"23,63","25,4"
1,20,2,1,193,193,8850,9095,20,28788,2005-08-31,"-47,55673866","-21,59255193",4326,500,1,17,1,8,Tombada,"15,44",,0,1,"23,45","23,45"
1,20,2,1,193,193,8851,9096,20,28788,2005-08-31,"-47,55673866","-21,59255193",4326,500,1,18,1,2,Dominante,"19,74",27,1,1,"26,45",27
1,20,2,1,193,193,8852,9097,20,28788,2005-08-31,"-47,55673866","-21,59255193",4326,500,1,19,1,8,Tombada,"14,32",,0,1,"22,46","22,46"
1,20,2,1,193,193,8853,9098,20,28788,2005-08-31,"-47,55673866","-21,59255193",4326,500,1,20,1,0,Normal,"14,64","25,4",1,1,"22,75","25,4"
1,20,2,1,193,193,8854,9099,20,28788,2005-08-31,"-47,55673866","-21,59255193",4326,500,1,21,1,0,Normal,"17,44","26,8",1,1,"24,98","26,8"
1,20,2,1,193,193,8855,9100,20,28788,2005-08-31,"-47,55673866","-21,59255193",4326,500,1,22,1,0,Normal,"16,87","25,8",1,1,"24,57","25,8"
1,20,2,1,193,193,8856,9101,20,28788,2005-08-31,"-47,55673866","-21,59255193",4326,500,1,23,1,1,Falha,0,,0,0,,
1,20,2,1,193,193,8857,9102,20,28788,2005-08-31,"-47,55673866","-21,59255193",4326,500,1,24,1,0,Normal,"15,12",25,1,1,"23,18",25
1,20,2,1,193,193,8858,9103,20,28788,2005-08-31,"-47,55673866","-21,59255193",4326,500,1,25,1,0,Normal,"18,46","28,5",1,1,"25,67","28,5"
1,20,2,1,193,193,8859,9104,20,28788,2005-08-31,"-47,55673866","-21,59255193",4326,500,1,26,1,2,Dominante,"20,05","27,5",1,1,"26,63","27,5"
1,20,2,1,193,193,8860,9105,20,28788,2005-08-31,"-47,55673866","-21,59255193",4326,500,1,27,1,1,Falha,0,,0,0,,
1,20,2,1,193,193,8861,9106,20,28788,2005-08-31,"-47,55673866","-21,59255193",4326,500,1,28,1,2,Dominante,"18,78","27,9",1,1,"25,87","27,9"
1,20,2,1,193,193,8862,9107,20,28788,2005-08-31,"-47,55673866","-21,59255193",4326,500,1,29,1,0,Normal,"15,66","27,7",1,1,"23,63","27,7"
1,20,2,1,193,193,8863,9108,20,28788,2005-08-31,"-47,55673866","-21,59255193",4326,500,1,30,1,0,Normal,"16,87",,0,1,"24,57","24,57"
1,20,2,1,193,193,8864,9109,20,28788,2005-08-31,"-47,55673866","-21,59255193",4326,500,1,31,1,0,Normal,"14,32",,0,1,"22,46","22,46"
1,20,2,1,193,193,8865,9110,20,28788,2005-08-31,"-47,55673866","-21,59255193",4326,500,1,32,1,0,Normal,"17,83",,0,1,"25,25","25,25"
1,20,2,1,193,193,8866,9111,20,28788,2005-08-31,"-47,55673866","-21,59255193",4326,500,1,33,1,0,Normal,"16,55",,0,1,"24,33","24,33"
1,20,2,1,193,193,8867,9112,20,28788,2005-08-31,"-47,55673866","-21,59255193",4326,500,1,34,1,0,Normal,"8,98",,0,1,"15,75","15,75"
1,20,2,1,193,193,8868,9113,20,28788,2005-08-31,"-47,55673866","-21,59255193",4326,500,1,35,1,0,Normal,"11,17",,0,1,"18,98","18,98"
1,20,2,1,193,193,8869,9114,20,28788,2005-08-31,"-47,55673866","-21,59255193",4326,500,1,36,1,0,Normal,"17,28",,0,1,"24,87","24,87"
1,20,2,1,193,193,8870,9115,20,28788,2005-08-31,"-47,55673866","-21,59255193",4326,500,1,37,1,0,Normal,"14,8",,0,1,"22,89","22,89"
1,20,2,1,193,193,8871,9116,20,28788,2005-08-31,"-47,55673866","-21,59255193",4326,500,1,38,1,0,Normal,"16,55",,0,1,"24,33","24,33"
1,20,2,1,193,193,8872,9117,20,28788,2005-08-31,"-47,55673866","-21,59255193",4326,500,1,39,1,1,Falha,0,,0,0,,
1,20,2,1,193,193,8873,9118,20,28788,2005-08-31,"-47,55673866","-21,59255193",4326,500,1,40,1,1,Falha,0,,0,0,,
1,20,2,1,193,193,8874,9119,20,28788,2005-08-31,"-47,55673866","-21,59255193",4326,500,1,41,1,0,Normal,"11,14",,0,1,"18,94","18,94"
1,20,2,1,193,193,8875,9120,20,28788,2005-08-31,"-47,55673866","-21,59255193",4326,500,1,42,1,0,Normal,"13,37",,0,1,"21,52","21,52"
1,20,2,1,193,193,8876,9121,20,28788,2005-08-31,"-47,55673866","-21,59255193",4326,500,1,43,1,0,Normal,"15,92",,0,1,"23,84","23,84"
1,20,2,1,193,193,8877,9122,20,28788,2005-08-31,"-47,55673866","-21,59255193",4326,500,1,44,1,0,Normal,"17,35",,0,1,"24,92","24,92"
1,20,2,1,193,193,8878,9123,20,28788,2005-08-31,"-47,55673866","-21,59255193",4326,500,1,45,1,0,Normal,"13,37",,0,1,"21,52","21,52"
1,20,2,1,193,193,8879,9124,20,28788,2005-08-31,"-47,55673866","-21,59255193",4326,500,1,46,1,1,Falha,0,,0,0,,
1,20,2,1,193,193,8880,9125,20,28788,2005-08-31,"-47,55673866","-21,59255193",4326,500,1,47,1,0,Normal,"13,94",,0,1,"22,09","22,09"
1,20,2,1,193,193,8881,9126,20,28788,2005-08-31,"-47,55673866","-21,59255193",4326,500,1,48,1,0,Normal,"12,41",,0,1,"20,49","20,49"
1,20,2,1,193,193,8882,9127,20,28788,2005-08-31,"-47,55673866","-21,59255193",4326,500,1,49,1,1,Falha,0,,0,0,,
1,20,2,1,193,193,8883,9128,20,28788,2005-08-31,"-47,55673866","-21,59255193",4326,500,1,50,1,2,Dominante,"19,83",26,1,1,"26,5",26
1,20,2,1,193,193,8884,9129,20,28788,2005-08-31,"-47,55673866","-21,59255193",4326,500,1,51,1,0,Normal,"16,23",,0,1,"24,09","24,09"
1,20,2,1,193,193,8885,9130,20,28788,2005-08-31,"-47,55673866","-21,59255193",4326,500,1,52,1,0,Normal,"15,02",,0,1,"23,09","23,09"
1,20,2,1,193,193,8886,9131,20,28788,2005-08-31,"-47,55673866","-21,59255193",4326,500,1,53,1,0,Normal,"13,94",,0,1,"22,09","22,09"
1,20,2,1,193,193,8887,9132,20,28788,2005-08-31,"-47,55673866","-21,59255193",4326,500,1,54,1,0,Normal,"13,08",,0,1,"21,22","21,22"
1,20,2,1,194,194,8888,9133,20,28789,2005-08-31,"-47,55522039","-21,595699",4326,500,1,1,1,0,Normal,"17,6",,0,1,"23,4","23,4"
1,20,2,1,194,194,8889,9134,20,28789,2005-08-31,"-47,55522039","-21,595699",4326,500,1,2,1,0,Normal,"17,44",,0,1,"23,31","23,31"
1,20,2,1,194,194,8890,9135,20,28789,2005-08-31,"-47,55522039","-21,595699",4326,500,1,3,1,0,Normal,"13,05",,0,1,"20,18","20,18"
1,20,2,1,194,194,8891,9136,20,28789,2005-08-31,"-47,55522039","-21,595699",4326,500,1,4,1,0,Normal,"15,6",,0,1,"22,16","22,16"
1,20,2,1,194,194,8892,9137,20,28789,2005-08-31,"-47,55522039","-21,595699",4326,500,1,5,1,0,Normal,"16,33",,0,1,"22,64","22,64"
1,20,2,1,194,194,8893,9138,20,28789,2005-08-31,"-47,55522039","-21,595699",4326,500,1,6,1,0,Normal,"10,92",,0,1,"18,04","18,04"
1,20,2,1,194,194,8894,9139,20,28789,2005-08-31,"-47,55522039","-21,595699",4326,500,1,7,1,0,Normal,"15,06",,0,1,"21,78","21,78"
1,20,2,1,194,194,8895,9140,20,28789,2005-08-31,"-47,55522039","-21,595699",4326,500,1,8,1,0,Normal,"14,9",,0,1,"21,67","21,67"
1,20,2,1,194,194,8896,9141,20,28789,2005-08-31,"-47,55522039","-21,595699",4326,500,1,9,1,0,Normal,"14,77",,0,1,"21,57","21,57"
1,20,2,1,194,194,8897,9142,20,28789,2005-08-31,"-47,55522039","-21,595699",4326,500,1,10,1,0,Normal,"13,5",,0,1,"20,57","20,57"
1,20,2,1,194,194,8898,9143,20,28789,2005-08-31,"-47,55522039","-21,595699",4326,500,1,11,1,0,Normal,"17,35",,0,1,"23,26","23,26"
1,20,2,1,194,194,8899,9144,20,28789,2005-08-31,"-47,55522039","-21,595699",4326,500,1,12,1,2,Dominante,"21,17",25,1,1,"25,14",25
1,20,2,1,194,194,8900,9145,20,28789,2005-08-31,"-47,55522039","-21,595699",4326,500,1,13,1,0,Normal,"11,87",,0,1,"19,06","19,06"
1,20,2,1,194,194,8901,9146,20,28789,2005-08-31,"-47,55522039","-21,595699",4326,500,1,14,1,2,Dominante,"20,05","24,2",1,1,"24,65","24,2"
1,20,2,1,194,194,8902,9147,20,28789,2005-08-31,"-47,55522039","-21,595699",4326,500,1,15,1,0,Normal,"10,92",18,1,1,"18,04",18
1,20,2,1,194,194,8903,9148,20,28789,2005-08-31,"-47,55522039","-21,595699",4326,500,1,16,1,2,Dominante,"21,96",25,1,1,"25,46",25
1,20,2,1,194,194,8904,9149,20,28789,2005-08-31,"-47,55522039","-21,595699",4326,500,1,17,1,0,Normal,"13,56","20,9",1,1,"20,62","20,9"
1,20,2,1,194,194,8905,9150,20,28789,2005-08-31,"-47,55522039","-21,595699",4326,500,1,18,1,0,Normal,"19,42","23,6",1,1,"24,35","23,6"
1,20,2,1,194,194,8906,9151,20,28789,2005-08-31,"-47,55522039","-21,595699",4326,500,1,19,1,0,Normal,"10,5","16,5",1,1,"17,56","16,5"
1,20,2,1,194,194,8907,9152,20,28789,2005-08-31,"-47,55522039","-21,595699",4326,500,1,20,1,0,Normal,"15,6","23,1",1,1,"22,16","23,1"
1,20,2,1,194,194,8908,9153,20,28789,2005-08-31,"-47,55522039","-21,595699",4326,500,1,21,1,0,Normal,"13,69",22,1,1,"20,73",22
1,20,2,1,194,194,8909,9154,20,28789,2005-08-31,"-47,55522039","-21,595699",4326,500,1,22,1,0,Normal,"17,25",24,1,1,"23,2",24
1,20,2,1,194,194,8910,9155,20,28789,2005-08-31,"-47,55522039","-21,595699",4326,500,1,23,1,0,Normal,"18,56","24,2",1,1,"23,92","24,2"
1,20,2,1,194,194,8911,9156,20,28789,2005-08-31,"-47,55522039","-21,595699",4326,500,1,24,1,0,Normal,"17,6",,0,1,"23,4","23,4"
1,20,2,1,194,194,8912,9157,20,28789,2005-08-31,"-47,55522039","-21,595699",4326,500,1,25,1,1,Falha,0,,0,0,,
1,20,2,1,194,194,8913,9158,20,28789,2005-08-31,"-47,55522039","-21,595699",4326,500,1,26,1,0,Normal,"16,33",,0,1,"22,64","22,64"
1,20,2,1,194,194,8914,9159,20,28789,2005-08-31,"-47,55522039","-21,595699",4326,500,1,27,1,0,Normal,"17,63",,0,1,"23,42","23,42"
1,20,2,1,194,194,8915,9160,20,28789,2005-08-31,"-47,55522039","-21,595699",4326,500,1,28,1,0,Normal,"7,26",,0,1,"12,78","12,78"
1,20,2,1,194,194,8916,9161,20,28789,2005-08-31,"-47,55522039","-21,595699",4326,500,1,29,1,2,Dominante,"20,37","24,6",1,1,"24,79","24,6"
1,20,2,1,194,194,8917,9162,20,28789,2005-08-31,"-47,55522039","-21,595699",4326,500,1,30,1,2,Dominante,"22,7",25,1,1,"25,74",25
1,20,2,1,194,194,8918,9163,20,28789,2005-08-31,"-47,55522039","-21,595699",4326,500,1,31,1,0,Normal,"15,09",,0,1,"21,8","21,8"
1,20,2,1,194,194,8919,9164,20,28789,2005-08-31,"-47,55522039","-21,595699",4326,500,1,32,1,0,Normal,"14,01",,0,1,"20,99","20,99"
1,20,2,1,194,194,8920,9165,20,28789,2005-08-31,"-47,55522039","-21,595699",4326,500,1,33,1,0,Normal,"17,92",,0,1,"23,58","23,58"
1,20,2,1,194,194,8921,9166,20,28789,2005-08-31,"-47,55522039","-21,595699",4326,500,1,34,1,0,Normal,"19,99","24,8",1,1,"24,62","24,8"
1,20,2,1,194,194,8922,9167,20,28789,2005-08-31,"-47,55522039","-21,595699",4326,500,1,35,1,0,Normal,"16,65",,0,1,"22,84","22,84"
1,20,2,1,194,194,8923,9168,20,28789,2005-08-31,"-47,55522039","-21,595699",4326,500,1,36,1,0,Normal,"11,46",,0,1,"18,64","18,64"
1,20,2,1,194,194,8924,9169,20,28789,2005-08-31,"-47,55522039","-21,595699",4326,500,1,37,1,0,Normal,"15,28",,0,1,"21,94","21,94"
1,20,2,1,194,194,8925,9170,20,28789,2005-08-31,"-47,55522039","-21,595699",4326,500,1,38,1,0,Normal,"19,1",,0,1,"24,19","24,19"
1,20,2,1,194,194,8926,9171,20,28789,2005-08-31,"-47,55522039","-21,595699",4326,500,1,39,1,0,Normal,"14,39",,0,1,"21,28","21,28"
1,20,2,1,194,194,8927,9172,20,28789,2005-08-31,"-47,55522039","-21,595699",4326,500,1,40,1,0,Normal,"14,23",,0,1,"21,16","21,16"
1,20,2,1,194,194,8928,9173,20,28789,2005-08-31,"-47,55522039","-21,595699",4326,500,1,41,1,0,Normal,"17,06",,0,1,"23,09","23,09"
1,20,2,1,194,194,8929,9174,20,28789,2005-08-31,"-47,55522039","-21,595699",4326,500,1,42,1,0,Normal,"18,94",,0,1,"24,11","24,11"
1,20,2,1,194,194,8930,9175,20,28789,2005-08-31,"-47,55522039","-21,595699",4326,500,1,43,1,0,Normal,"17,83",,0,1,"23,53","23,53"